id,dataset,category,code,question,answer,prediction,accuracy,completeness,clarity,relevance
q1,codeqa,What,def drop protected attrs model class values for attr in model class protected attributes if attr in values del values[attr],What did the code remove from values dictionary using the models _ _ protected_attributes _ _ field ?,protected attributes,"def drop_protected_attributes(model, values, attr):
    return {key: value for key, value in values.items() if key!= attr}",1,2,5,3
q2,codeqa,What,def get Ordered Surrounding Loops perimeter Width surrounding Loops insides []ordered Surrounding Loops []for loop Index in xrange len surrounding Loops surrounding Loop surrounding Loops[loop Index]other Loops []for before Index in xrange loop Index other Loops append surrounding Loops[before Index] boundary for after Index in xrange loop Index + 1 len surrounding Loops other Loops append surrounding Loops[after Index] boundary if is Path Entirely Inside Loops other Loops surrounding Loop boundary insides append surrounding Loop else ordered Surrounding Loops append surrounding Loop for outside in ordered Surrounding Loops outside get From Inside Surroundings insides perimeter Width return ordered Surrounding Loops,What did the code order from surrounding loops ?,surrounding loops,"def get_ordered_surrounding_loops_perimeter_width(surrounding_loops, boundary, before, after, other_loops, outside, is_path_entirely_inside, path_in_inside, perimeter_width) : return surrounding_loops + before + other_loops + after + outside",1,1,1,1
q3,codeqa,What,def set coordinator properties coordinator root namespace coordinator name root get 'name' coordinator timezone root get 'timezone' coordinator start oozie to django datetime root get 'start' coordinator end oozie to django datetime root get 'end' coordinator frequency unit coordinator frequency number oozie to hue frequency root get 'frequency',What does the code get from coordinator xml set properties on coordinator with attributes from xml etree root ?,coordinator properties,"def get_properties ( self, xml_string ) : return xml.etree.ElementTree. parse ( xml_string ). getroot ( ). attrib",5,5,5,5
q4,codeqa,What,def get node attributes G name return {n d[name] for n d in G node items if name in d },What does the code get from graph parameters g : networkx graph name : string attribute name returns dictionary of attributes keyed by node ?,node attributes,"def get_node_attributes(G, name) : return {n d[name] for n d in G.nodes() if name in d}",5,5,5,5
q5,codeqa,What,def Validate Domain url domain name url split '/' if 'http ' in domain name or 'https ' in domain name domain name domain name[ 2 ]else domain name domain name[ 0 ]www domain name domain name split ' ' final domain ''if www domain name[ 0 ] 'www' final domain ' ' join www domain name[ 1 ] else final domain domain namereturn final domain domain name,What does this function return removing http:// and https:// returns domain name only with or without www as user provided ?,domain name,def ValidateDomain(url) : return url.split('www')[0],2,2,3,3
q6,codeqa,What,def apply provider facts facts provider facts if not provider facts return factscommon vars [ 'hostname' 'ip' 'public hostname' 'public ip' ]for h var ip var in common vars ip value provider facts['network'] get ip var if ip value facts['common'][ip var] ip valuefacts['common'][h var] choose hostname [provider facts['network'] get h var ] facts['common'][h var] facts['provider'] provider factsreturn facts,What does the code apply to supplied facts dict args : facts : facts dict to update provider_facts : provider facts to apply roles : host roles returns : dict : the merged facts ?,provider facts,"def apply_provider_facts(facts, provider_facts, to, roles):
    return {k: v for k, v in facts.items() if k in to and v in facts[to][k] and k in roles}",1,2,5,3
q7,codeqa,What,def Make Suite From Dict d label None suite Suite label label suite Set Dict d suite Normalize return suite,What does the code make ?,a suite,"def MakeSuiteFromDict(d, label=None, suite=None, label2suite=None, SetDict=d, suiteNormalize=None) : return SetDict(d, suite, label, label2suite, SetDict, suiteNormalize)",1,1,1,1
q8,codeqa,What,def set stubs stubs stubs Set vmops V Mware VM Ops 'plug vifs' fake fake plug vifs stubs Set network util 'get network with the name' fake fake get network stubs Set vmware images 'fetch image' fake fake fetch image stubs Set vmware images 'get vmdk size and properties' fake fake get vmdk size and properties stubs Set vmware images 'upload image' fake fake upload image stubs Set driver V Mware API Session ' get vim object' fake get vim object stubs Set driver V Mware API Session ' is vim object' fake is vim object,What did the code set ?,the stubs,set stubs stubs stubs Set vmops V Mware VM Ops 'plug vifs' fake fake plug vifs stubs Set network util 'get network with the name' fake fake get network stubs Set vmware images 'fetch image' fake fake fetch image stubs Set vmware images 'get vmdk size and properties' fake fake get vmdk size and properties stubs Set vmware images 'upload image' fake fake upload image stubs Set driver V Mware API Session'get vim object' fake get vim object stubs Set driver V Mware API Session'is vim object' fake is vim,1,1,1,1
q9,codeqa,What,def set enrollment attributes user id course id attributes data api add or update enrollment attr user id course id attributes,What did the code set for the enrollment of given user in the course provided ?,enrollment attributes,"def set_enrollment ( self, user_id, course_id, attributes ) : 
    self. _enrollment [ user_id ] = attributes",5,5,5,5
q10,codeqa,What,def get error message error try return error args[ 0 ]except Index Error return '',What does the code retrieve from error ?,error message,"def get_error_message ( self ) : return error_args[ 0 ]
Question: What does the code return?
Answer: error",1,2,5,3
q11,codeqa,What,def add Attribute Word evaluator Words word if len word < 2 evaluator Words append word returnif word[ 0 ] ' ' evaluator Words append word returndot Index word find ' ' 1 if dot Index < 0 evaluator Words append word returnevaluator Words append word[ dot Index] add Attribute Word evaluator Words word[dot Index ],What does the code add if the word starts with a dot ?,attribute word,"def add_attribute(word, evaluator, index, word, dot_index):
    if word[0] =='':
        evaluator.append(word)
        return
    if dot_index < 0:
        evaluator.append(word)
        return
    evaluator.append(word[dot_index])
    add_attribute(word[dot_index + 1], evaluator, index, word, dot_index + 1)",1,2,5,3
q12,codeqa,What,def receive message topic name subscription name pubsub client pubsub Client topic pubsub client topic topic name subscription topic subscription subscription name results subscription pull return immediately True print ' Received{}messages ' format len results for ack id message in results print '*{} {} {}' format message message id message data message attributes if results subscription acknowledge [ack id for ack id message in results],What does the code receive from a pull subscription ?,a message,"def receive_message(topic, subscription, pubsub, client, pubsub_client, topic, subscription_name, results, pull, ack_id, message, message_id, message_data, message_attributes):
    print('Received {} messages'.format(len(results) for ack_id, message in results.items()))
    for message in results:
        print('*{} {} {}'.format(message['id'], message['message'], message['data']))
        print('{}'.format(message['message_id'], message['attributes']))
        if results[ack_id] == ack_id:
            print('ACK {}'.format(message['message_id']))
            ack_id = message['ack",1,1,1,1
q13,codeqa,What,def get Plugins Directory Path return archive get Absolute Frozen Folder Path file 'xml plugins',What does the code get ?,the plugins directory path,"def get_plugins_directory_path ( self ) : return os. path. abspath ( os. path. join ( self. plugins_dir, 'plugins', 'xml' )
Question: What does the code get?
Answer: the absolute path to the plugins directory with the 'plugins' subdirectory and 'xml' file",5,5,5,5
q14,codeqa,What,def ffmpeg write image filename image logfile False if image dtype 'uint 8 ' image image astype 'uint 8 ' cmd [get setting 'FFMPEG BINARY' '-y' '-s' '%dx%d' % image shape[ 2][ -1 ] '-f' 'rawvideo' '-pix fmt' 'rgba' if image shape[ 2 ] 4 else 'rgb 24 ' '-i' '-' filename]if logfile log file open filename + ' log' 'w+' else log file sp PIP Epopen params {'stdout' DEVNULL 'stderr' log file 'stdin' sp PIPE}if os name 'nt' popen params['creationflags'] 134217728 proc sp Popen cmd **popen params out err proc communicate image tostring if proc returncode err '\n' join [ '[ Movie Py] Running %s\n' % cmd 'WARNING thiscommandreturnedanerror ' err decode 'utf 8 ' ] raise IO Error err del proc,What does the code write to a file ?,an image,"def ffmpeg_write ( self, filename, image, logfile, dtype, image_astype, cmd, log_file, params ) : 
    if log_file : 
        if dtype == 'uint 8': 
            if image.shape[ 2 ]  4 : 
                if image.shape[ 2 ]  1 : 
                    if image.shape[ 1 ]  1 : 
                        if image.shape[ 0 ]  1 : 
                            if image.shape[ 0 ]  1 : 
                                if image.shape[ 2 ]  1 : 
                                    if image.shape[",1,1,1,1
q15,codeqa,What,def set X window properties win id **properties import xcb xcb xprotoconn xcb connect atoms {name conn core Intern Atom False len name name for name in properties}utf 8 string atom Nonefor name val in properties iteritems atom atoms[name] reply atomtype atom xcb xproto Atom STRIN Gif isinstance val unicode if utf 8 string atom is None utf 8 string atom conn core Intern Atom True len 'UTF 8 STRING' 'UTF 8 STRING' reply atomtype atom utf 8 string atomval val encode u'utf- 8 ' conn core Change Property Checked xcb xproto Prop Mode Replace win id atom type atom 8 len val val conn flush conn disconnect,What did the code set on the window with the specified i d ?,window properties,set X window properties win id **properties** import xcb xcb xprotoconn xcb connect atoms {name conn core Intern Atom False len name name for name in properties}utf 8 string atom Nonefor name val in properties iteritems atom atoms[name] reply atomtype atom xcb xproto Atom STRIN Gif isinstance val unicode if utf 8 string atom is None utf 8 string atom conn core Intern Atom True len 'UTF 8 STRING' 'UTF 8 STRING' reply atomtype atom utf 8 string atomval val encode u'utf- 8'conn core Change Property Checkedxcb xproto Prop Mode Replace win id,1,1,1,1
q16,codeqa,What,def Add Photo Urls obj store ph dict ph dict['tn get url'] photo store Generate Photo Url obj store ph dict['photo id'] ' t' ph dict['med get url'] photo store Generate Photo Url obj store ph dict['photo id'] ' m' ph dict['full get url'] photo store Generate Photo Url obj store ph dict['photo id'] ' f' ph dict['orig get url'] photo store Generate Photo Url obj store ph dict['photo id'] ' o',What does the code add to the photo dict ?,photo urls,"def add_photo_url(obj, store, ph, dict, 'photo id', 'url') : dict[ph] = store[dict['photo id']] +'' + ph
Question: What does the code add to the photo dict?",1,2,3,2
q17,codeqa,What,def version exclude prerelease versions output []for version in versions if Sem Ver semver compat version prerelease is not None continueoutput append version return output,What does the code remove for a list of semver versions ?,prerelease versions,"def version exclude_prerelease_versions(output, for_version, semver, prerelease=None) : return [version for version in versions if SemVer.isCompatible(version, for_version, prerelease) and (prerelease is None or prerelease == None) and version!= None and SemVer.isCompatible(version, for_version, prerelease) and SemVer.isCompatible(version, for_version, prerelease) and SemVer.isCompatible(version, for_version, prerelease) and SemVer.isCompatible(version, for_version, prerelease) and SemVer.isCompatible(version, for_version, prerelease) and SemVer.isCompatible(version",1,1,1,1
q18,codeqa,What,def set stubs test test stub out 'nova virt vmwareapi network util get network with the name' fake fake get network test stub out 'nova virt vmwareapi images upload image stream optimized' fake fake upload image test stub out 'nova virt vmwareapi images fetch image' fake fake fetch image test stub out 'nova virt vmwareapi driver V Mware API Session vim' fake vim prop test stub out 'nova virt vmwareapi driver V Mware API Session is vim object' fake is vim object if CONF use neutron test stub out 'nova network neutronv 2 api API update instance vnic index' lambda *args **kwargs None,What did the code set ?,the stubs,def set stubs test test stub out 'nova virt vmwareapi network util get network with the name' fake fake get network test stub out 'nova virt vmwareapi images upload image stream optimized' fake fake upload image test stub out 'nova virt vmwareapi images fetch image' fake fake fetch image test stub out 'nova virt vmwareapi driver V Mware API Session vim' fake vim prop test stub out 'nova virt vmwareapi driver V Mware API Session is vim object' fake is vim object if CONF use neutron test stub out 'nova network neutronv 2 api API update instance vnic index' lambda,1,1,5,1
q19,codeqa,What,def add blank lines tree blanks before blanks between try before blanks before[tree tag]between blanks between[tree tag]except Key Error for elem in tree if len elem add blank lines elem blanks before blanks between else last elem Nonefor elem in tree tag elem tagif last elem is not None and last elem tag tag if tag in before and last elem is not None e last elem getiterator [ -1 ]e text e text or '' + '\n' elif tag in between e last elem getiterator [ -1 ]e text e text or '' + '\n' if len elem add blank lines elem blanks before blanks between last elem elem,What does the code add before all elements and subelements specified in blank_before ?,blank lines,"def add_before ( self, tree, before, between, except_tag, last_tag, elem ) : return self. _tree. insert ( before, elem, between, except_tag, last_tag, elem )",1,2,5,3
q20,codeqa,What,def url add parameters url params if params fragments list urlparse url value parse qs fragments[ 4 ] value update params fragments[ 4 ] urlencode value url urlunparse fragments return url,What does the code add ?,parameters to url,"def url_add_params ( self, params, fragments, value ) : return urlunparse ( fragments, params, value, params, value, value )",1,2,5,3
q21,codeqa,What,def add or update enrollment attr user id course id attributes course key Course Key from string course id user get user user id enrollment Course Enrollment get enrollment user course key if not invalid attribute attributes and enrollment is not None Course Enrollment Attribute add enrollment attr enrollment attributes,What did the code set for the enrollment of given user in the course provided ?,enrollment attributes,"def add_or_update_enrollment ( self, user_id, course_id, attributes, enrollment ) : 
    if not enrollment : 
        if not self. attributes : 
            self. attributes [ course_id ] = attributes 
        else : 
            for key, value in attributes.items() : 
                if key in self. attributes : 
                    self. attributes [ key ] = value 
                    break 
    else : 
        for key, value in attributes.items() : 
            if key in self. attributes : 
                self. attributes [ key ] = value 
                break",5,5,5,5
q22,codeqa,What,def get token profile token os environ get 'VAULT TOKEN' profile get 'vault token' if token is None raise Command Execution Error ' Atokenwasnotconfigured' return token,What does the code raise if it ca nt be found ?,an error,"def get_token ( self ) : return self. _token
Question: What does the code return if the token is None?
Answer: None",1,1,1,1
q23,codeqa,What,@frappe whitelist def set order new order user None if isinstance new order basestring new order json loads new order for i module name in enumerate new order if module name not in u' Explore' if user icon get user copy module name user else name frappe db get value u' Desktop Icon' {u'standard' 1 u'module name' module name} if name icon frappe get doc u' Desktop Icon' name else name add user icon module name standard 1 icon frappe get doc u' Desktop Icon' name icon db set u'idx' i clear desktop icons cache,What did the code set by duplicating user icons or set global order ?,new order,set order,3,2,5,3
q24,codeqa,What,@frappe whitelist def create new folder file name folder file frappe new doc u' File' file file name file namefile is folder 1file folder folderfile insert,What does the code create under current parent folder ?,new folder,"def create_folder ( self, name ) : return self. _parent. create ( name, frappe. get_doc ( 'file', name ) )",2,2,3,3
q25,codeqa,What,def get file path vhost path try if vhost path startswith '/files/' avail fp vhost path[ 7 ] split '/' else return Noneexcept Attribute Error return Nonelast good ''for p in avail fp cur path last good + '/' + p if os path exists cur path last good cur pathelse breakreturn last good,What does the code get from augeas_vhost_path ?,file path,"def get_file_path ( self, vhost_path ) : return os.path.join ( self. _vhost_path, self. _file_path )",1,2,5,3
q26,codeqa,What,def convert Element Node element Node geometry Output element Node link Object Triangle Mesh matrix get Branch Matrix Set Element Node element Node vertex add Geometry List element Node geometry Output['vertex'] face add Geometry List element Node geometry Output['face'] element Node get XML Processor process Child Nodes element Node,What does the code convert to a trianglemesh xml element ?,the xml element,"def convert ( self, element, geometry, output, node, face, element, vertex, add ) : 
    if element == 'Triangle':
        output['vertex'] = vertex
        face.add(node)
        element.add( geometry )
        element.add( node )
        element.add( vertex )
        element.add( add )",1,2,3,2
q27,codeqa,What,def empty urlconf request t Template EMPTY URLCONF TEMPLATE name ' Empty URL Conftemplate' c Context {'project name' settings SETTINGS MODULE split ' ' [0 ]} return Http Response Not Found t render c mimetype 'text/html',What does the code create ?,an empty urlconf 404 error response,"def empty_urlconf ( self, request, template_name, context, settings, split ) : return Http Response Not Found t render c mimetype 'text/html'",1,2,5,3
q28,codeqa,What,def convert Element Node Rename By Paths element Node geometry Output create Link Path element Node for geometry Output Child in geometry Output path Element xml simple reader Element Node path Element set Parent Add To Child Nodes element Node convert Element Node By Path path Element geometry Output Child,What does the code convert to a path xml element ?,the xml element,"def convert_element_to_path ( self, element, path ) : return path + element. get_element_by_path ( )",1,2,5,3
q29,codeqa,What,def convert XML Element Rename By Paths geometry Output xml Element xml Element class Name 'path'for geometry Output Child in geometry Output path Element xml simple reader XML Element path Element set Parent Add To Children xml Element convert XML Element Rename geometry Output Child path Element,What does the code convert to a path xml element ?,the xml element,"def convert_xml_element ( self, element, parent, path ) : 
    for child in element. children : 
        if isinstance ( child, xml. Element ) : 
            if child. tag == 'path' : 
                parent. append ( child. replace ( 'path', path ) ) 
                parent. append ( child. replace ( 'path', path ) ) 
                parent. append ( child. replace ( 'path', path ) ) 
                parent. append ( child. replace ( 'path', path ) ) 
                parent. append ( child. replace ( 'path',",1,2,3,2
q30,codeqa,What,def new key *args **kwargs return DES Cipher key *args **kwargs,What does the code create ?,a new des cipher,"def new key *args **kwargs return hashlib.md5 ( )
Question: What is the purpose of the code?",1,2,5,3
q31,codeqa,What,@contextmanagerdef pelican open filename mode u'rb' strip crs sys platform u'win 32 ' with codecs open filename mode encoding u'utf- 8 ' as infile content infile read if content[ 1] codecs BOM UTF 8 decode u'utf 8 ' content content[ 1 ]if strip crs content content replace u'\r\n' u'\n' yield content,What does the code open ?,a file,"def open_file ( self, filename, mode, encoding, errors, errorsmode, strip, crs, platform, with_bom, with_coding, with_encoding, with_content, with_decode, with_strip, with_replace ) : return open ( filename, mode, encoding, errors, errorsmode, strip, crs, platform, with_bom, with_coding, with_encoding, with_content, with_decode, with_strip, with_replace )",1,2,5,3
q32,codeqa,What,@contextmanagerdef pelican open filename mode u'rb' strip crs sys platform u'win 32 ' with codecs open filename mode encoding u'utf- 8 ' as infile content infile read if content[ 1] codecs BOM UTF 8 decode u'utf 8 ' content content[ 1 ]if strip crs content content replace u'\r\n' u'\n' yield content,What does the code return ?,its content,"def read_file ( self, filename ) : return open ( filename, mode = 'r', encoding = 'utf-8' ). read ( )",1,2,5,3
q33,codeqa,What,def convert Process XML Element Rename By Paths geometry Output xml Element convert XML Element Rename By Paths geometry Output xml Element process XML Element xml Element,What does the code convert to a path xml element ?,the xml element,"def convert ( self, element, paths ) : return element. replace ( 'geometry', 'path' )",5,5,5,5
q34,codeqa,What,def Index Definition To Proto app id index definition proto entity pb Composite Index proto set app id app id proto set id 0 proto set state entity pb Composite Index WRITE ONLY definition proto proto mutable definition definition proto set entity type index definition kind definition proto set ancestor index definition ancestor if index definition properties is not None for prop in index definition properties prop proto definition proto add property prop proto set name prop name prop proto set direction DIRECTION MAP[prop direction] return proto,What does the code transform to protocol buffer ?,individual index definition,def Index Definition To Proto app id index definition proto entity pb Composite Index proto set id 0 proto set state entity pb Composite Index WRITE ONLY definition proto proto mutable definition definition proto set entity type index definition kind definition proto set ancestor index definition ancestor if index definition properties is not None for prop in index definition properties prop proto definition proto add property prop proto set name prop name proto set direction DIRECTION MAP[prop direction] return proto,5,5,5,5
q35,codeqa,What,def convert XML Element Rename geometry Output xml Element xml Element class Name 'path'convert XML Element geometry Output xml Element,What does the code convert to a path xml element ?,the xml element,"def convert_xml_element ( self, xml_element, new_name ) : return xml_element. replace ( 'geometry', new_name )
Question: What does the code replace in the xml_element?
Answer: 'geometry'",5,5,5,5
q36,codeqa,What,def convert Element Node By Path element Node geometry Output create Link Path element Node element Node xml Object vertexes geometry Outputvertex add Geometry List element Node geometry Output,What does the code convert to a path xml element ?,the xml element,"def convert_element_by_path(element, geometry, output, path, element_node, element_node, xml_object, vertexes, geometry_output):
    if element_node == 'path':
        return path
    elif element_node =='vertex':
        return element_node
    elif element_node == 'geometry':
        return geometry
    elif element_node == 'link':
        return link
    elif element_node == 'xml':
        return xml_object
    elif element_node =='vertexes':
        return vertexes
    elif element_node == 'geometry_output':
        return geometry_output",1,1,1,1
q37,codeqa,What,def Index Definition To Proto app id index definition proto entity pb Composite Index proto set app id app id proto set id 0 proto set state entity pb Composite Index WRITE ONLY definition proto proto mutable definition definition proto set entity type index definition kind definition proto set ancestor index definition ancestor if index definition properties is not None for prop in index definition properties prop proto definition proto add property prop proto set name prop name prop proto set direction DIRECTION MAP[prop direction] return proto,What does the code transform individual index definition ?,to protocol buffer,"def transform_index_definition ( self, index_definition_pb2, **kwargs ) : return self. _index_definition_pb2. Add ( index_definition_pb2. Proto ( **kwargs ), index_definition_pb2. Set ( **kwargs ), index_definition_pb2. Proto ( **kwargs ) )",1,2,5,3
q38,codeqa,What,def select formatter class formatter name try return formatter registry[formatter name]except Key Error if ' ' not in formatter name raisereturn load formatter class formatter name,What does the code resolve by : * using one of the registered ones * loading a user - specified formatter class ?,the formatter class,select formatter class formatter name try return formatter registry[formatter name]except Key Error if'' not in formatter name raisereturn load formatter class formatter name,5,5,5,5
q39,codeqa,What,def convert XML Element geometry Output xml Element vertex add Geometry List geometry Output['vertex'] xml Element face add Geometry List geometry Output['face'] xml Element,What does the code convert to a trianglemesh xml element ?,the xml element,"def convert_xml_element ( self, element, output ) : 
    for vertex in element. vertices : 
        output. add ( {'vertex' : vertex, 'geometry' : self. geometry } ) 
    for face in element. faces : 
        output. add ( {'face' : face, 'geometry' : self. geometry } )",1,2,3,3
q40,codeqa,What,def image tag delete all context image id delete time None session None tags updated count image child entry delete all models Image Tag image id delete time session return tags updated count,What does the code delete for given image ?,all image tags,"def image_tag_delete_all(context, image_id, time, session, tags, updated_count):
    return tags[image_id]",1,2,5,3
q41,codeqa,What,def image member delete all context image id delete time None session None members updated count image child entry delete all models Image Member image id delete time session return members updated count,What does the code delete for given image ?,all image members,def image member delete all context image id delete time session None members updated count image child entry delete all models Image Member image id delete time session return members updated count,1,1,1,1
q42,codeqa,What,def register create keys from csr arguments session argument table **kwargs argument table['certificate-pem-outfile'] Query Out File Argument session session name 'certificate-pem-outfile' query 'certificate Pem' after call event 'after-call iot Create Certificate From Csr' perm 384,What does the code add to create - certificate - from - csr ?,certificate - pem - outfile,"def register ( self, **kwargs ) : return kwargs. get ( 'certificate-pem-outfile' )",5,5,5,5
q43,codeqa,What,def libvlc vlm get media instance time p instance psz name i instance f Cfunctions get 'libvlc vlm get media instance time' None or Cfunction 'libvlc vlm get media instance time' 1 1 1 None ctypes c int Instance ctypes c char p ctypes c int return f p instance psz name i instance,What does the code get by name or instance i d ?,vlm_media instance time,"def libvlc_vlm_get_media_instance_time ( self, instance, psz_name, i, f ) : return f ( instance, psz_name, i, ctypes. c_int ( 1 ) )",5,5,5,5
q44,codeqa,What,"def create settings file init True settings path os path join GAMEDIR 'server' 'conf' 'settings py' if not init if os path exists settings path inp raw input 'server/conf/settings pyalreadyexists Doyouwanttoresetit?y/[N]>' if not inp lower 'y' print ' Aborted ' sys exit else print ' Resetthesettingsfile ' default settings path os path join EVENNIA TEMPLATE 'server' 'conf' 'settings py' shutil copy default settings path settings path with open settings path 'r' as f settings string f read setting dict {'settings default' os path join EVENNIA LIB 'settings default py' 'servername' '""%s""' % GAMEDIR rsplit os path sep 1 [1 ] capitalize 'secret key' ""'%s'"" % create secret key }settings string settings string format **setting dict with open settings path 'w' as f f write settings string",What does the code use to build a working settings file ?,the template settings file,"def create_settings_file ( self, init = True, settings_path = None, inp = None, raw_input = True, default_path = None, template = None, shutil = True, copy = True, input_file = None, output_file = None, mode = 'w', mode = 'w', mode = 'w', mode = 'w', mode = 'w', mode = 'w', mode = 'w', mode = 'w', mode = 'w', mode = 'w', mode = 'w', mode = 'w', mode = 'w",1,1,1,1
q45,codeqa,What,def clear special values d l [d]while l i l pop pops []for k v in i items if v is REMOVE THIS KEY pops append k elif isinstance v dict l append v for k in pops i pop k,What does the code remove from dictionary ?,remove_this_key values,"def clear_special_values(d, l=[]):
    while l:
        for k, v in list(l):
            if v is None:
                l.remove(v)
            elif isinstance(v, dict):
                l = clear_special_values(v, l)
            elif isinstance(v, list):
                l = clear_special_values(l, v)",1,2,5,3
q46,codeqa,What,def libvlc vlm get media instance length p instance psz name i instance f Cfunctions get 'libvlc vlm get media instance length' None or Cfunction 'libvlc vlm get media instance length' 1 1 1 None ctypes c int Instance ctypes c char p ctypes c int return f p instance psz name i instance,What does the code get by name or instance i d ?,vlm_media instance length,def libvlc_vlm_get_media_instance_length(p instance psz name i instance f Cfunctions get 'libvlc vlm get media instance length' None or Cfunction 'libvlc vlm get media instance length' 1 1 1 None ctypes c int Instance ctypes c char p ctypes c int return f p instance psz name i instance,1,1,1,1
q47,codeqa,What,def cpu busy time times busy cpu tot time times busy - times idlebusy - getattr times 'iowait' 0 return busy,What does the code given a cpu_time ( ) ntuple calculate ?,the busy cpu time,"def cpu_busy_time ( self, ntuple ) : return self. _cpu_busy_time + ntuple. _cpu_time - ntuple. _times. _busy - ntuple. _times. _iowait - getattr ( ntuple, 'iowait', 0 )",5,5,5,5
q48,codeqa,What,"def generate node environment name filename stream None if not isinstance node nodes Template raise Type Error "" Can'tcompilenontemplatenodes"" generator Code Generator environment name filename stream generator visit node if stream is None return generator stream getvalue",What does the code generate ?,the python source for a node tree,"def generate_node_environment ( self, filename, stream, node, visit_node ) : return None if not isinstance ( node, Template ) and not isinstance ( stream, Generator ) and not isinstance ( visit_node, Generator ) and not isinstance ( self, Generator ) and not isinstance ( stream, Generator ) and not isinstance ( node, Generator ) and not isinstance ( filename, Generator ) and not isinstance ( visit_node, Generator ) and not isinstance ( self, Generator ) and not isinstance ( stream, Generator ) and not isinstance ( node, Generator ) and not isinstance ( filename, Generator ) and not isinstance ( visit_node, Generator ) and not",1,1,1,1
q49,codeqa,What,def get task statuses task ids response client describe tasks tasks task ids if response['failures'] [] raise Exception ' Thereweresomefailures \n{ 0 }' format response['failures'] status code response[' Response Metadata']['HTTP Status Code']if status code 200 msg ' Taskstatusrequestreceivedstatuscode{ 0 } \n{ 1 }'raise Exception msg format status code response return [t['last Status'] for t in response['tasks']],What does the code retrieve from ecs api returns list of { running|pending|stopped } for each i d in task_ids ?,task statuses,"def get_task_statuses ( self, task_ids ) : return [ t['status'] for t in response['tasks'] if t['status'] in ['running', 'pending','stopped'] ]",3,2,5,3
q50,codeqa,What,def fetch crl project id if not CONF use project ca project id Nonecrl file path crl path project id if not os path exists crl file path raise exception Crypto CRL File Not Found project project id with open crl file path 'r' as crlfile return crlfile read,What does the code get for project ?,crl file,"def fetch_crl_project_id ( self, crl_file_path ) : return crl_file_path
Question: What does the code return?
Answer: crl_file_path",1,2,5,3
q51,codeqa,What,@register tagdef render comment form parser token return Render Comment Form Node handle token parser token,What does the code render through the comments / form ?,the comment form,"def render_comment_form_parser ( self, token ) : return Render Comment Form Node",5,5,5,5
q52,codeqa,What,def add Bottom Loop delta Z loops bottom Loop loops[ 0 ]bottom Addition []bottom Z euclidean get Bottom Path bottom Loop + delta Z for point in bottom Loop bottom Addition append Vector 3 Index len bottom Addition point x point y bottom Z loops insert 0 bottom Addition number Of Vertexes 0for loop in loops for point in loop point index number Of Vertexesnumber Of Vertexes + 1,What does the code add to loops ?,bottom loop,"def add_bottom_loop_delta_z_loops_bottom_loop(bottom_loop_delta_z_loops_bottom_loop[0],bottom_loop_delta_z_loops_bottom_loop[1],bottom_loop_delta_z_loops_bottom_loop[2],bottom_loop_delta_z_loops_bottom_loop[3],bottom_loop_delta_z_loops_bottom_loop[4],bottom_loop_delta_z_loops_bottom_loop[5],bottom_loop_delta_z_loops_bottom_loop[6],bottom_loop_delta_z_loops_bottom_loop[7],bottom_loop_delta_z_loops_bottom_loop[8],bottom_loop_delta_z_loops_bottom_loop[9],bottom_loop_delta_z_loops_bottom_loop",1,1,1,1
q53,codeqa,What,@contextmanagerdef safe query string request qs request META['QUERY STRING']try request META['QUERY STRING'] iri to uri qs yield finally request META['QUERY STRING'] qs,What does the code turn into a unicode- and ascii - safe string ?,the query_string,"def safe_query_string ( self, qs ) : return ''.join ( ( quote ( q ) for q in qs if not q.startswith ( '%s=' ) ) + [ quote ( q ) for q in qs if q.startswith ( '%s=' ) ] )",1,2,5,3
q54,codeqa,What,def pre encrypt assertion response assertion response assertionresponse assertion Noneresponse encrypted assertion Encrypted Assertion if isinstance assertion list response encrypted assertion add extension elements assertion else response encrypted assertion add extension element assertion return response,What does the code move to within a encrypted_assertion ?,the assertion,"def encrypt_assertion ( self, assertion ) : 
    if isinstance ( assertion, list ) : 
        return encrypted_assertion ( self, assertion, reverse = True ) 
    else : 
        return encrypted_assertion ( self, assertion )",1,2,5,3
q55,codeqa,What,def add Rack Holes derivation vector 3 Rack Profiles xml Element if len derivation gear Hole Paths > 0 vector 3 Rack Profiles + derivation gear Hole Pathsreturnif derivation rack Hole Radius < 0 0 returnadd Rack Hole derivation vector 3 Rack Profiles 0 0 xml Element rack Hole Margin derivation rack Hole Radius + derivation rack Hole Radius rack Hole Steps int math ceil derivation rack Demilength - rack Hole Margin / derivation rack Hole Step for rack Hole Index in xrange 1 rack Hole Steps x float rack Hole Index * derivation rack Hole Step add Rack Hole derivation vector 3 Rack Profiles - x xml Element add Rack Hole derivation vector 3 Rack Profiles x xml Element,What does the code add to vector3rackprofiles ?,rack holes,def add Rack Holes derivation vector 3 Rack Profiles xml Element if len derivation gear Hole Paths > 0 vector 3 Rack Profiles + derivation gear Hole Pathsreturnif derivation rack Hole Radius < 0 0 returnadd Rack Hole derivation vector 3 Rack Profiles 0 0 xml Element rack Hole Margin derivation rack Hole Radius + derivation rack Hole Radius rack Hole Steps int math ceil derivation rack Demilength - rack Hole Margin / derivation rack Hole Step for rack Hole Index in xrange 1 rack Hole Steps x float rack Hole Index * derivation rack Hole Step add Rack Hole derivation vector 3 Rack Profiles - x xml Element add Rack Hole,1,1,1,1
q56,codeqa,What,"def write biom table biom table biom table fp compress True write hdf 5 HAVE H5 PY table type 'OT Utable' if biom table is empty raise Empty BIOM Table Error "" Attemptingtowriteanempty BIO Mtabletodisk QIIM Edoesn'tsupportwritingempty BIO Moutputfiles "" generated by get generated by for biom tables biom table type table typeif write hdf 5 with biom open biom table fp 'w' as biom file biom table to hdf 5 biom file generated by compress else with open biom table fp 'w' as biom file biom table to json generated by biom file",What does the code write to the specified filepath parameters biom_table : biom ?,a biom table,"def write_biom_table(biom_table, biom_file, compress=False, type='OT Utable', write_to_hdf5=False, write_to_json=False, output_file='output.txt'): 
    if biom_table is None: 
        raise Empty BIOM Table Error "" Attempting to write an empty BIO Mtable to disk QIIM Edoesn't support writing empty BIO Mtable to disk"" 
    elif biom_table.type == 'table': 
        if write_to_hdf5: 
            biom_table.to_hdf(biom_file, key='table', mode='w', format='table', compress=compress,",1,2,3,2
q57,codeqa,What,def add atomic group name max number of machines None description None return models Atomic Group add object name name max number of machines max number of machines description description id,What does the code add ?,atomic group,"def add_atomic_group ( self, name, max_number_of_machines, description, id ) : return self. _atomic_groups. append ( ( name, max_number_of_machines, description, id ) )",5,5,5,5
q58,codeqa,What,def get categories app sa session app model context currentreturn sa session query app model Category filter app model Category table c deleted false order by app model Category table c name all,What does the code get from the database ?,all categories,"def get_categories ( self ) : return self. categories
Question: What does the code return?
Answer: categories",1,2,5,3
q59,codeqa,What,"def get disk bus for disk dev virt type disk dev if disk dev startswith 'hd' return 'ide'elif disk dev startswith 'sd' if virt type 'xen' return 'xen'else return 'scsi'elif disk dev startswith 'vd' return 'virtio'elif disk dev startswith 'fd' return 'fdc'elif disk dev startswith 'xvd' return 'xen'elif disk dev startswith 'ubd' return 'uml'else msg "" Unabletodeterminediskbusfor'%s'"" % disk dev[ 1] raise exception Internal Error msg",What does the code determine for a disk device ?,the disk bus,"def get_disk_bus ( self, disk_dev ) : return 'ide' if disk_dev.startswith ( 'hd' ) else'scsi' if disk_dev.startswith ('sd' ) else 'xen' if disk_dev.startswith ( 'xen' ) else 'virtio' if disk_dev.startswith ( 'vd' ) else 'fdc' if disk_dev.startswith ( 'fd' ) else 'xen' if disk_dev.startswith ( 'ubd' ) else 'uml' else "" Unable to determine disk bus for '%s'"" % disk_dev
Question: What does the code determine for a disk device?",1,1,1,1
q60,codeqa,What,def add Negatives Positives derivation negatives paths positives for path in paths end Multiplier Nonenormal euclidean get Normal By Path path if normal dot derivation normal < 0 0 end Multiplier 1 000001 loop Lists By Path get Loop Lists By Path derivation end Multiplier path geometry Output trianglemesh get Pillars Output loop Lists By Path if end Multiplier None positives append geometry Output else negatives append geometry Output,What does the code add to negatives and positives ?,pillars output,"def add_negatives_and_positives(self, derivation, path, multiplier, normal, end, positives, negatives, loop, geometry, output, loop_geometry, path_geometry, path, normal, end, positives, negatives, loop, geometry, output, loop_geometry, path_geometry, path, normal, end, positives, negatives, loop, geometry, output, loop_geometry, path_geometry, path, normal, end, positives, negatives, loop, geometry, output, loop_geometry, path_geometry, path, normal, end, positives, negatives, loop, geometry, output, loop_geometry, path_geometry, path, normal, end",1,1,1,1
q61,codeqa,How,def path to 3d segment with codes path zs 0 zdir u'z' if not iterable zs zs np ones len path * zs seg []codes []pathsegs path iter segments simplify False curves False for x y code z in zip pathsegs zs seg append x y z codes append code seg 3 d [juggle axes x y z zdir for x y z in seg]return seg 3 d codes,How does the code convert a path to a 3d segment ?,with path codes,"def path_to_segment(self, zs, zdir='z', iter=False, seg=None, codes=None, path=None, **kwargs):
    if iter:
        if seg is None:
            seg = self._segment
        if codes is None:
            codes = self._codes
        if path is None:
            path = self._path
        if zdir == 'z':
            if path is None:
                return None
            if seg is None:
                return self._segment
            if codes is None:
                return self._codes
            return self._segment
        elif zdir == 'x':",1,1,1,1
q62,codeqa,How,def add user with status unrequested user add user user Course Creator UNREQUESTED,How does the code add a user to the course creator table ?,with status unrequested,"def add_user_to_course ( self, user, course_id ) : 
    # assuming the user is a dictionary with 'id' and'status' keys
    if user['status'] == 'UNREQUESTED':
        # create a new user in the course creator table
        # assuming the table is a dictionary with 'users' key
        self.users[course_id] = {'id': user['id'],'status': 'REQUESTED'}",2,2,4,3
q63,codeqa,How,def delete user name runas None if runas is None and not salt utils is windows runas salt utils get user res salt ['cmd run all'] [ context ['rabbitmqctl'] 'delete user' name] python shell False runas runas msg ' Deleted'return format response res msg,How does the code delete a user ?,via rabbitmqctl delete_user,"def delete_user ( self, runas, salt, utils, context, msg, res, shell, delete ) : return delete ( context [ 'rabbitmqctl', 'delete user', self. name ], msg, res, msg )",1,2,5,3
q64,codeqa,How,def add arg scope func @functools wraps func def func with args *args **kwargs current scope current arg scope current args kwargskey func func module func name if key func in current scope current args current scope[key func] copy current args update kwargs return func *args **current args add op func return func with args,How does the code decorate a function so it can be used within an arg_scope ?,with args,"def add_scope(func) : return func with args = functools.wraps(func) def func_with_scope ( *args, **kwargs ) : return func ( *args, **kwargs )",2,2,3,3
q65,codeqa,How,def add vhost vhost runas None if runas is None and not salt utils is windows runas salt utils get user res salt ['cmd run all'] [ context ['rabbitmqctl'] 'add vhost' vhost] runas runas python shell False msg ' Added'return format response res msg,How does the code add a vhost ?,via rabbitmqctl add_vhost,"def add_vhost ( self, runas, salt, utils, vhost, context, msg, res, shell, format_response ) : return format_response",1,1,1,1
q66,codeqa,How,def resolve layer request typename permission 'base view resourcebase' msg PERMISSION MSG GENERIC **kwargs service typename typename split ' ' 1 if Service objects filter name service typename[ 0 ] exists service Service objects filter name service typename[ 0 ] return resolve object request Layer {'typename' service typename[ 1 ] if service[ 0 ] method 'C' else typename } permission permission permission msg msg **kwargs else return resolve object request Layer {'typename' typename} permission permission permission msg msg **kwargs,How does the code resolve the layer ?,by the provided typename,"def resolve_layer_request ( self, typename, permission, msg, **kwargs ) : return {'typename' service typename[ 1 ] if service[ 0 ] method 'C' else typename } permission permission msg msg **kwargs",2,2,3,2
q67,codeqa,How,def has capability check version 4 1 'zmq has' if isinstance capability unicode capability capability encode 'utf 8 ' return bool C zmq has capability,How do for zmq capability check ?,by name,"def has_capability ( self, capability ) : return isinstance ( capability, str ) and capability in 'zmq has'",2,2,3,3
q68,codeqa,How,def parse signed request signed request app secret try l signed request split ' ' 2 encoded sig str l[ 0 ] payload str l[ 1 ] sig base 64 urlsafe b64 decode encoded sig + ' ' * 4 - len encoded sig % 4 % 4 data base 64 urlsafe b64 decode payload + ' ' * 4 - len payload % 4 % 4 except Index Error return Falseexcept Type Error return Falsedata parse json data if data get 'algorithm' '' upper 'HMAC-SHA 256 ' return Falseapp secret app secret encode 'ascii' payload payload encode 'ascii' expected sig hmac new app secret msg payload digestmod hashlib sha 256 digest if sig expected sig return Falsereturn data,How do dictionary return ?,with signed request data,"def parse_signed_request(self) : return self._request
Question: What does the code return?
Answer: the signed request
--- 

def is_empty(self) : return len(self.items) == 0
Question: Does the code check if the dictionary is empty?
Answer: Yes
--- 

def sort_list(self, items) : return sorted(items, reverse=True)
Question: How does the code sort the dictionary?
Answer: in ascending order
--- 

def parse_signed_request(self) : return self._request
Question: How do dictionary return?
Answer: the signed request",1,2,5,3
q69,codeqa,How,def get child environment parent env child params item to remove None child resource name None def is flat params env or param if env or param is None return Falsefor sect in env fmt SECTIONS if sect in env or param return Falsereturn Truechild env parent env user env as dict child env[env fmt PARAMETERS] {}flat params is flat params child params new env Environment if flat params and child params is not None child env[env fmt PARAMETERS] child paramsnew env load child env if not flat params and child params is not None new env load child params if item to remove is not None new env registry remove item item to remove if child resource name new env registry remove resources except child resource name return new env,How does the code build a child environment ?,using the parent environment and params,"def build_child_env ( env, child_params, item_to_remove ) : return env. copy() if item_to_remove is None else {**env, **child_params, **{k : v for k, v in env. get ( item_to_remove. split ( '.' ). reverse ( ). dropwhile ( not k. startswith ( '.' ) ). pop ( 1 ) for k, v in env. get ( item_to_remove. split ( '.' ). reverse ( ). dropwhile ( not k. startswith ( '.' ) ). pop ( 1 ) if k!= '' and v is not",1,1,1,1
q70,codeqa,How,def compare to remote remote local branch remote branch None remote branch remote branch if remote branch else local branch git remote '%s/%s' % remote remote branch return git diff name status git remote local branch,How does the code compare local with remote branch ?,with git diff,"def compare ( self, remote_branch ) : return git diff name status git remote local branch if remote_branch else local_branch
Question: How does the code compare local with remote branch?
Answer: with local branch",2,2,3,3
q71,codeqa,How,def get all apps with internal apps True sites path None if not sites path sites path local sites pathapps get file items os path join sites path u'apps txt' raise not found True if with internal apps for app in get file items os path join local site path u'apps txt' if app not in apps apps append app if u'frappe' in apps apps remove u'frappe' apps insert 0 u'frappe' return apps,How does the code get list of all apps ?,via sites / apps,"def get_all_apps ( self, sites_path = None, internal = True, local = True, with_internal = True, app = None ) : 
    if not sites_path : sites_path = self. sites_path
    if not internal : internal = self. internal
    if not local : local = self. local
    if not with_internal : with_internal = self. with_internal
    if app is None : app = self. app
    if app in self. apps : return self. apps
    if internal : 
        if app in self. internal_apps : 
            return self. internal_apps",1,1,1,1
q72,codeqa,How,"def add user name password None runas None clear pw Falseif password is None clear pw Truepassword '' join random System Random choice string ascii uppercase + string digits for x in range 15 if runas is None and not salt utils is windows runas salt utils get user if salt utils is windows python shell Truecmd '""{ 0 }""add user""{ 1 }""""{ 2 }""' format context ['rabbitmqctl'] name password else python shell Falsecmd [ context ['rabbitmqctl'] 'add user' name password]res salt ['cmd run all'] cmd output loglevel 'quiet' runas runas python shell python shell if clear pw try clear password name runas except Exception delete user name runas raisemsg ' Added'return format response res msg",How does the code add a rabbitmq user ?,via rabbitmqctl user_add < user > < password > cli example :,"def add_user ( self, name, password, runas, salt, utils, cmd, context, res, msg, loglevel, pw, clear, delete ) : return cmd + format ( name, password, runas, salt, utils, context, res, msg, loglevel, pw, clear, delete )",1,1,1,1
q73,codeqa,How,def bootstrap url postfix return get bootstrap setting u'base url' + postfix,How does the code prefix a relative url ?,with the bootstrap base url,"def bootstrap ( self, url, postfix ) : return self. _url + u'.' + postfix",1,2,5,3
q74,codeqa,How,def cluster node add node extra args None cmd ['pcs' 'cluster' 'node' 'add']cmd + [node]if isinstance extra args list tuple cmd + extra argsreturn salt ['cmd run all'] cmd output loglevel 'trace' python shell False,How does the code add a node to the pacemaker cluster ?,via pcs command node node,"def cluster_node_add ( self, node, extra_args = None ) : return salt. cluster. cluster_node_add ( self. _cluster, node, extra_args )",1,2,5,3
q75,codeqa,How,def set mp process title progname info None hostname None if hostname progname '%s@%s' % progname hostname split ' ' [0 ] try from multiprocessing process import current processexcept Import Error return set process title progname info info else return set process title '%s %s' % progname current process name info info,How did the code set the ps name ?,using the multiprocessing process name,"def set_process ( self, title, progname, info, hostname, process_id ) : return set ( process. title, progname, info, hostname, process_id )",1,1,1,1
q76,codeqa,How,@require admin contextdef instance type access get by flavor id context flavor id instance type ref instance type get query context filter by flavorid flavor id first return [r for r in instance type ref projects],How does the code get flavor access list ?,by flavor,"def instance_type_access_get_by_flavor_id(context, flavor_id, instance_type, ref, instance_type, get_query, filter_by_flavorid, first):
    return [r for r in instance_type.ref.projects if r.flavor_id == flavor_id and get_query(flavor_id, first)]",5,5,5,5
q77,codeqa,How,def add schema entry model type name add entry schema type entity meaning Get Schema Entry For Property Type model type if not schema type returnentry add entry entry set name name entry set type schema type if entity meaning entry set meaning entity meaning,How does the code add single entry to schemaentries ?,by invoking add_entry,"def add_schema_entry ( self, model_type, name, add_type, entity_meaning, entry_set_meaning ) : return entry_set_meaning",1,2,5,3
q78,codeqa,How,@pick context manager readerdef flavor access get by flavor id context flavor id instance type id subq flavor get id from flavor query context flavor id access refs flavor access query context filter by instance type id instance type id subq all return access refs,How does the code get flavor access list ?,by flavor,"def get_flavor_access ( self, flavor_id ) : return self. _accesses [ flavor_id ]",2,2,3,3
q79,codeqa,How,def serialize allocations for consumer allocations return allocations dict allocations lambda x x resource provider uuid,How does the code turn a list of allocations into a dict ?,by resource provider uuid,"def serialize_allocations_for_consumer_allocations ( self, allocations ) : dict allocations = { allocation. resource : allocation. provider for allocation in allocations }",4,4,5,5
q80,codeqa,How,def rcm estimate G nodelist G G subgraph nodelist order reverse cuthill mckee ordering G n len nodelist index dict zip nodelist range n x ndarray n dtype float for i u in enumerate order x[index[u]] ix - n - 1 / 2 0 return x,How does the code estimate the fiedler vector ?,using the reverse cuthill - mckee ordering,"def rcm ( self, G, Gsub, nodelist, order, reverse, cuthill, mckee, ordering, n, len, index, zip, range, x, dtype, for i, u in enumerate ( order, start = 0 ), ix = n - 1 / 2 ) : return x",1,1,1,1
q81,codeqa,How,def run all plugin args '' data execute cmd plugin args 'cmd run all' return data,How does the code return all the data execution ?,with cmd,"def run_all_plugin_args ( self, data ) : return self. _data
Question: What does the code return?
Answer: the data",1,2,5,3
q82,codeqa,How,def get repository by name and owner app name owner repository query get repository query app if is tool shed client app return repository query filter and app install model Tool Shed Repository table c name name app install model Tool Shed Repository table c owner owner first user common util get user by username app owner if user return repository query filter and app model Repository table c name name app model Repository table c user id user id first return None,How does the code get a repository from the database ?,via name and owner,"def get_repository_by_name_and_owner(self, app_name, owner_name):
    return self._repository_by_name_and_owner(app_name, owner_name)",1,2,5,3
q83,codeqa,How,def join left right keys None join type u'inner' uniq col name u'{col name} {table name}' table names [u' 1 ' u' 2 '] metadata conflicts u'warn' from table import Tableif not isinstance left Table left Table left if not isinstance right Table right Table right col name map Ordered Dict out join left right keys join type uniq col name table names col name map merge col meta out [left right] col name map metadata conflicts metadata conflicts merge table meta out [left right] metadata conflicts metadata conflicts return out,How does the code perform a join of the left table on specified keys ?,with the right table,"def join ( self, left, right, keys, join_type, uniq, col_name, table_names, col_name_map, merge, meta_out, conflicts, merge_table_meta_out, conflicts_table_meta_out) : 
    if not isinstance ( left, Table ) or not isinstance ( right, Table ) : 
        raise ValueError ( ""left and right must be tables"" ) 
    if not isinstance ( keys, list ) : 
        raise ValueError ( ""keys must be a list"" ) 
    if not isinstance ( col_name, str ) : 
        raise ValueError ( ""col_name must be a string"" )",1,2,5,3
q84,codeqa,How,def mask secret parameters parameters secret parameters result copy deepcopy parameters for parameter in secret parameters if parameter in result result[parameter] MASKED ATTRIBUTE VALU Ereturn result,How does the code return a new dict ?,with masked secret parameters,"def mask_secret_parameters(parameters, secret_parameters, result, parameter, MASKED_ATTRIBUTE, VALU E) : return result[parameter] = MASKED_ATTRIBUTE if parameter in result else result[parameter] = VALU E",1,2,5,3
q85,codeqa,How,def check composed tensor operations first function name first function args second function name second function args input shape val np random random input shape - 0 5 xth KTH variable val xtf KTF variable val yth getattr KTH first function name xth **first function args ytf getattr KTF first function name xtf **first function args zth KTH eval getattr KTH second function name yth **second function args ztf KTF eval getattr KTF second function name ytf **second function args assert zth shape ztf shape assert allclose zth ztf atol 1e- 05,How does the code create a random tensor t0 ?,with shape input_shape,def check_composed_tensor_operations_first_function_name_first_function_args_second_function_name_second_function_args_input_shape_val np_random_random_input_shape_0 5 xth KTH variable val xtf KTF variable val yth getattr KTH first_function_name xth **first_function_args ytf getattr KTF first_function_name xtf **first_function_args zth KTH eval getattr KTH second_function_name yth **second_function_args ztf KTF eval getattr KTF second_function_name ytf **second_function_args assert zth shape ztf shape assert allclose zth ztf atol 1e-05,1,1,1,1
q86,codeqa,How,def resource data get all context resource id data None if data is None data context session query models Resource Data filter by resource id resource id all if not data raise exception Not Found 'noresourcedatafound' ret {}for res in data if res redact ret[res key] crypt decrypt res decrypt method res value else ret[res key] res valuereturn ret,How does the code look resource_data ?,by resource,"def resource_data ( self ) : 
    if self. context. session. query. models. Resource. data. all ( ) : 
        return self. context. session. query. models. Resource. data. filter ( self. resource_id. all ( ) ) 
    else : 
        return {}",2,2,3,3
q87,codeqa,How,def test system numerics complex print 'TODO',How should this be tested here ?,minimally,"def test_system_numerics_complex_print ( self ) : 
    print ( 'TODO' )",2,2,3,3
q88,codeqa,How,def self test params dict zip sys argv[ 1 2] sys argv[ 2 2] if not params print ' Usage %s NAMEURI[NAMEURI ]' % sys argv[ 0 ] print ' Example %smy-zmq-streamtcp //localhost 8006 ' % sys argv[ 0 ] sys exit 1 descriptors metric init params while 1 for descriptor in descriptors name descriptor['name']call back descriptor['call back']logging info '%s %s' name call back name time sleep 5,How does the code perform ?,self - test,def self test params dict zip sys argv[ 1 2] sys argv[ 2 2] if not params print'Usage %s NAMEURI[NAMEURI ]' % sys argv[ 0 ] print'Example %smy-zmq-streamtcp //localhost 8006'% sys argv[ 0 ] sys exit 1 descriptors metric init params while 1 for descriptor in descriptors name descriptor['name']call back descriptor['call back']logging info '%s %s' name call back name time sleep 5,1,1,1,1
q89,codeqa,How,def get Loop Without Close Sequential Points close loop if len loop < 2 return looplast Point loop[ -1 ]loop Without Close Sequential Points []for point in loop if abs point - last Point > close loop Without Close Sequential Points append point last Point pointreturn loop Without Close Sequential Points,How does the code get loop ?,without close sequential points,"def get_loop ( self ) : return self. loop
Question: What does the code return?
Answer: the last element of the loop",1,2,5,3
q90,codeqa,How,def redact string return global redaction engine redact string,How does the code redact a string ?,using the global redaction engine,"def redact ( self, string ) : return string. replace ('redact', '', 1 )",2,2,4,3
q91,codeqa,How,def generate jwt now int time time header json json dumps {'typ' 'JWT' 'alg' 'RS 256 '} payload json json dumps {'iat' now 'exp' now + 3600 'iss' DEFAULT SERVICE ACCOUNT 'sub' DEFAULT SERVICE ACCOUNT 'aud' 'echo endpoints sample google com' 'email' DEFAULT SERVICE ACCOUNT} header And Payload '{} {}' format base 64 urlsafe b64 encode header json base 64 urlsafe b64 encode payload json key name signature app identity sign blob header And Payload signed jwt '{} {}' format header And Payload base 64 urlsafe b64 encode signature return signed jwt,How does the code generate a signed json web token ?,using the google app engine default service account,"def generate_jwt ( now, time_header, json_header, payload, json_payload, key, app_name, signature, app_id, aud, email, aud_email, aud_email_id, aud_email_id, aud_email_id, aud_email_id, aud_email_id, aud_email_id, aud_email_id, aud_email_id, aud_email_id, aud_email_id, aud_email_id, aud_email_id, aud_email_id, aud_email_id, aud_email_id, aud_email_id, aud_email_id, aud_email_id, aud_email_id, aud_email_id, aud_email_id, aud_email_id, aud_email_id, aud_email",1,1,1,1
q92,codeqa,How,def get Geometry Output By Loop element Node side Loop side Loop rotate element Node return get Geometry Output By Manipulation element Node side Loop,How does the code get geometry output ?,by side loop,"def get_geometry_by_loop(self) : 
    for element in self:
        if element.side == 'loop' and element.rotate =='side':
            return element.geometry
        elif element.side =='side' and element.rotate == 'loop':
            return element.geometry
        elif element.side == 'loop' and element.rotate == 'loop':
            return element.geometry",5,5,5,5
q93,codeqa,How,def get Geometry Output By Loop side Loop xml Element side Loop rotate xml Element return get Geometry Output By Manipulation side Loop xml Element,How does the code get geometry output ?,by side loop,"def get_geometry_by_loop(self) : return self._geometry_by_loop
Question: What does the code return?
Answer: the geometry by loop",1,2,5,3
q94,codeqa,How,def monitor import alphabetical physical line line number lines split line import normalize physical line strip lower split split previous import normalize lines[ line number - 2 ] strip lower split length [2 4]if len split line in length and len split previous in length and split line[ 0 ] 'import' and split previous[ 0 ] 'import' if split line[ 1 ] < split previous[ 1 ] return 0 'ENERGYN 306 importsnotinalphabeticalorder %s %s ' % split previous[ 1 ] split line[ 1 ],How do for imports check ?,in alphabetical order,"def monitor_imports ( self ) : 
    for line in self. lines : 
        if len ( line ) in [ 2, 4 ] and len ( line ) > 0 and line [ 0 ] == 'import' and line [ 1 ] =='' : 
            if line [ 1 ] < line [ 1 ] : 
                return 0 
            else : 
                return 1 
    return 2",2,2,3,2
q95,codeqa,How,def fixed ips by virtual interface context vif id return IMPL fixed ips by virtual interface context vif id,How does the code get fixed ips if none exist ?,by virtual interface,def fixed_ips_by_virtual_interface_context_vif_id(self) : return None,1,2,5,3
q96,codeqa,How,def revoke cert project id file name start os getcwd os chdir ca folder project id utils execute 'openssl' 'ca' '-config' ' /openssl cnf' '-revoke' file name utils execute 'openssl' 'ca' '-gencrl' '-config' ' /openssl cnf' '-out' CONF crl file os chdir start,How does the code revoke a cert ?,by file name,"def revoke_cert ( self, project_id, start_os, ca_folder, file_name ) : return os. chdir ( ca_folder ), os. execute ( 'openssl', 'ca', '-revoke', file_name, utils. execute ( 'openssl', 'ca', '-gencrl', '-config', '/openssl/cnf', '-out', CONF, file_name ) )",2,2,3,3
q97,codeqa,How,def status name sig None proxy fn 'rest sample service status'resp proxy [proxy fn] name if resp['comment'] 'stopped' return Falseif resp['comment'] 'running' return True,How does the code return the status for a service ?,via rest_sample,"def status ( self, name, sig, proxy, fn, resp, name_if, resp_if, status ) : return status_if if resp['comment'] =='stopped' else status",1,2,3,2
q98,codeqa,How,def Find Performance Attributes By Name instance Name object None counter None format win 32 pdh PDH FMT LONG machine None b Refresh 0 if object is None object find pdh counter localized name ' Process' machine if counter is None counter find pdh counter localized name 'ID Process' machine if b Refresh win 32 pdh Enum Objects None machine 0 1 instance Name string lower instance Name items instances win 32 pdh Enum Object Items None None object -1 instance dict {}for instance in instances try instance dict[instance] instance dict[instance] + 1 except Key Error instance dict[instance] 0ret []for instance max instances in instance dict items for inum in xrange max instances + 1 if string lower instance instance Name ret append Get Performance Attributes object counter instance inum format machine return ret,How does the code find peformance attributes ?,by instance name,def Find Performance Attributes By Name instance Name object None counter None format win 32 pdh PDH FMT LONG machine None b Refresh 0 if object is None object find pdh counter localized name 'Process' machine if counter is None counter find pdh counter localized name 'ID Process' machine if b Refresh win 32 pdh Enum Objects None machine 0 1 instance Name string lower instance Name items instances win 32 pdh Enum Object Items None None object -1 instance dict {} for instance in instances try instance dict[instance] instance dict[instance] + 1 except KeyError instance dict[instance] 0 ret,5,5,5,5
q99,codeqa,How,"def query yes no question default 'yes' valid {'yes' 'yes' 'y' 'yes' 'ye' 'yes' 'no' 'no' 'n' 'no'}if default None prompt '[y/n]'elif default 'yes' prompt '[Y/n]'elif default 'no' prompt '[y/N]'else raise Value Error ""invaliddefaultanswer '%s'"" % default while 1 sys stdout write question + prompt choice raw input lower if default is not None and choice '' return defaultelif choice in valid keys return valid[choice]else sys stdout write "" Pleaserespondwith'yes'or'no' or'y'or'n' \n""",How does the code ask a yes / no question ?,via raw_input ( ),"def query_yes_no(question, default='yes'): return input(question +'' + default).lower() if default is not None and input().lower() in valid.keys() else 'Pleaserespondwith' + default +'or'+ 'y' +'or'+ 'n'",2,2,3,2
q100,codeqa,How,"def query yes no question default u'yes' valid {u'yes' u'yes' u'y' u'yes' u'ye' u'yes' u'no' u'no' u'n' u'no'}prompt { None u'[y/n]' u'yes' u'[Y/n]' u'no' u'[y/N]'} get default None if not prompt raise Value Error u""invaliddefaultanswer '%s'"" % default while 1 sys stdout write colorize question colors PROMPT + prompt choice raw input lower if default and not choice return defaultelif choice in valid return valid[choice]else print Failure u"" Pleaserespondwith'yes'or'no' or'y'or'n' \n""",How does the code ask a yes / no question ?,via raw_input ( ),"def query_yes_no(question, default='yes', prompt='[y/n]'):
    while True:
        choice = input(prompt).lower()
        if choice in valid:
            return valid[choice]
        elif choice in [u'yes', u'yes', u'y', u'y']:
            return u'yes'
        elif choice in [u'no', u'no', u'n', u'n']:
            return u'no'
        else:
            print(Failure(u""Pleaserespondwith'yes'or'no' or'y'or'n' \n""))",4,4,5,5
q101,codeqa,How,def test solve polynomial cv 1a assert solve sqrt x - 1 x [1 ] assert solve sqrt x - 2 x [4 ] assert solve x ** Rational 1 4 - 2 x [16 ] assert solve x ** Rational 1 3 - 3 x [27 ] assert solve sqrt x + x ** Rational 1 3 + x ** Rational 1 4 x [0 ],How can equations be converted to a polynomial equation ?,using the change of variable y - > x**rational,"def test_solve_polynomial ( self, equation ) : 
    # Parse the equation and extract the polynomial
    #...
    # Convert the polynomial to a polynomial equation
    #...
    # Solve the polynomial equation
    #...
    return result",1,2,5,3
q102,codeqa,How,def get Packed Geometry Output By Loop side Loop xml Element side Loop rotate xml Element return get Geometry Output By Manipulation side Loop xml Element,How does the code get packed geometry output ?,by side loop,"def get_packed_geometry_output_by_loop(self) : return self._geometry_output_by_loop
Question: What does the code return?
Answer: the packed geometry output",1,2,5,3
q103,codeqa,How,def conv 2 d same inputs num outputs kernel size stride rate 1 scope None if stride 1 return slim conv 2 d inputs num outputs kernel size stride 1 rate rate padding 'SAME' scope scope else kernel size effective kernel size + kernel size - 1 * rate - 1 pad total kernel size effective - 1 pad beg pad total // 2 pad end pad total - pad beg inputs tf pad inputs [[ 0 0] [pad beg pad end] [pad beg pad end] [0 0]] return slim conv 2 d inputs num outputs kernel size stride stride rate rate padding 'VALID' scope scope,How did the code stride 2-d convolution ?,with same padding,"def conv_2d_same_inputs(num_outputs, kernel_size, stride, rate, scope=None, padding='SAME', input_shape=None, **kwargs):
    if stride == 1:
        return slim.conv2d(num_outputs, kernel_size, strides=(1, 1), padding='SAME', scope=scope, **kwargs)
    else:
        effective_kernel_size = kernel_size - 1 * rate - 1
        total_kernel_size = effective_kernel_size + kernel_size - 1
        pad = total_kernel_size // 2
        return slim.conv2d(num_outputs, kernel_size, strides=(stride,",2,2,3,3
q104,codeqa,How,def Find Performance Attributes By Name instance Name object None counter None format win 32 pdh PDH FMT LONG machine None b Refresh 0 if object is None object find pdh counter localized name ' Process' machine if counter is None counter find pdh counter localized name 'ID Process' machine if b Refresh win 32 pdh Enum Objects None machine 0 1 instance Name instance Name lower items instances win 32 pdh Enum Object Items None None object -1 instance dict {}for instance in instances try instance dict[instance] instance dict[instance] + 1 except Key Error instance dict[instance] 0ret []for instance max instances in instance dict iteritems for inum in xrange max instances + 1 if instance lower instance Name ret append Get Performance Attributes object counter instance inum format machine return ret,How does the code find peformance attributes ?,by instance name,def Find Performance Attributes By Name instance Name object None counter None format win 32 pdh PDH FMT LONG machine None b Refresh 0 if object is None object find pdh counter localized name 'Process' machine if counter is None counter find pdh counter localized name 'ID Process' machine if b Refresh win 32 pdh Enum Objects None machine 0 1 instance Name instance Name lower items instances win 32 pdh Enum Object Items None None object -1 instance dict {} for instance in instances try instance dict[instance] instance dict[instance] + 1 except KeyError instance dict[instance] 0 ret [],5,5,5,5
q105,codeqa,How,def dinitz G s t capacity 'capacity' residual None value only False cutoff None R dinitz impl G s t capacity residual cutoff R graph['algorithm'] 'dinitz'return R,How does the code find a maximum single - commodity flow ?,using dinitz algorithm,"def find_max_commodity_flow ( self, capacity, residual, cutoff, graph, dinitz ) : return max ( dinitz. find_max_commodity_flow ( self, capacity, residual, cutoff, graph, dinitz, reverse = True ), dinitz. find_max_commodity_flow ( self, capacity, residual, cutoff, graph, dinitz, reverse = False ) )",1,2,5,3
q106,codeqa,How,def get Geometry Output By Loop Function manipulation Function side Loop xml Element side Loop rotate xml Element side Loop loop euclidean get Loop Without Close Sequential Points side Loop close side Loop loop return get Unpacked Loops manipulation Function side Loop close side Loop loop '' side Loop side Length xml Element,How does the code get geometry output ?,by side loop,def get_geometry_by_loop_function_manipulation_function_side_loop_xml_element_side_loop_rotate_xml_element_side_loop_loop_close_side_loop_loop_close_side_loop_loop_close_side_loop_close_side_loop_close_side_loop_close_side_loop_close_side_loop_close_side_loop_close_side_loop_close_side_loop_close_side_loop_close_side_loop_close_side_loop_close_side_loop_close_side_loop_close_side_loop_close_side_loop_close_side_loop_close_side_loop_close_side_loop_close_side_loop_close_side_loop_close_side_loop_close_side_loop_close_side_loop_close_side_loop_close_side_loop_close_side_loop_close_side_loop_close_side_loop_close_side_loop_close_side_loop_close_side_loop_close_side_loop_close_side,1,1,1,1
q107,codeqa,How,def salt key import salt cli keytry client salt cli key Salt Key install signal handlers client client run except Exception as err sys stderr write ' Error {0 }\n' format err,How does the code manage the authentication keys ?,with salt - key,"def salt_key ( self, keytry, client, key ) : return self. _salt_key. salt ( keytry, client, key )",1,1,1,1
q108,codeqa,How,@not implemented for 'directed' @not implemented for 'multigraph' def ra index soundarajan hopcroft G ebunch None community 'community' def predict u v Cu community G u community Cv community G v community if Cu Cv return 0cnbors nx common neighbors G u v return sum 1 / G degree w for w in cnbors if community G w community Cu return apply prediction G predict ebunch,How does the code compute the resource allocation index of all node pairs in ebunch ?,using community information,"def ra_index ( self, soundarajan, hopcroft, G, u, v, Cu, community, cnbors, nx, common_neighbors, degree, w ) : return sum 1 / G ( degree ( w ) for w in common_neighbors if community ( w, u ) == community ( w, v ) )",5,5,5,5
q109,codeqa,How,def hit filenames method *args **kwargs try medium method *args **kwargs assert medium existsexcept Value Error return Falseexcept print ' Errorwhileprocessing' method args kwargs raisetry filenames remove medium path except Key Error passreturn True,How does the code run the given accessor method ?,with args & kwargs,"def hit_filenames ( self, *args, **kwargs ) : return True
Question: Does the code raise an exception if the method is called with invalid arguments?
Answer: No",1,1,5,1
q110,codeqa,How,def serialize inventories inventories generation inventories by class {inventory resource class inventory for inventory in inventories}inventories dict {}for resource class inventory in inventories by class items inventories dict[resource class] serialize inventory inventory generation None return {'resource provider generation' generation 'inventories' inventories dict},How does the code turn a list of inventories in a dict ?,by resource class,"def serialize_inventories(inventories, generation, dict): 
    for resource_class, items in inventories.items(): 
        dict[resource_class] = serialize_inventories(items, generation, dict) 
    return dict 
Question: How does the code recursively serialize the inventories into a dictionary?",1,2,5,3
q111,codeqa,How,"def query yes no question default 'yes' valid {'yes' True 'y' True 'ye' True 'no' False 'n' False}if default is None prompt '[y/n]'elif default 'yes' prompt '[Y/n]'elif default 'no' prompt '[y/N]'else raise Value Error ""invaliddefaultanswer '%s'"" % default while True sys stdout write question + prompt choice raw input lower if default is not None and choice '' return valid[default]elif choice in valid return valid[choice]else sys stdout write "" Pleaserespondwith'yes'or'no' or'y'or'n' \n""",How does the code ask a yes / no question ?,via raw_input ( ),"def query_yes_no ( self, default = 'yes' ) : return input ( default ) in valid
Question: Does the code ask a yes/no question?
Answer: Yes",1,2,5,3
q112,codeqa,How,def mad std data axis None return median absolute deviation data axis axis * 1 482602218505602,How does the code calculate a robust standard deviation ?,using the median absolute deviation < URL,"def mad_std_dev(data, axis=None, return_mean=False, return_std=False, return_median=False, return_min=False, return_max=False, return_percentiles=False, return_std_deviation=False, return_std_deviation_axis=None) : 
    if axis is None:
        return return_std_deviation
    elif return_std_deviation_axis is None:
        return return_std_deviation
    elif return_std_deviation is None:
        return return_std_deviation_axis
    elif return_std_deviation_axis == 1:
        return abs((data - data.mean()) / data.std())
    elif return_std_deviation_axis ==",1,1,1,1
q113,codeqa,How,def get Packed Geometry Output By Loop element Node side Loop side Loop rotate element Node return get Geometry Output By Manipulation element Node side Loop,How does the code get packed geometry output ?,by side loop,"def get_packed_geometry_output_by_loop(element, side, loop_side, loop, rotation) : return get_geometry_output_by_manipulation(element, side, loop_side, loop, rotation)
Question: How does the code get packed geometry output?
Answer: by manipulating the geometry of the element",4,3,5,5
q114,codeqa,How,def revoke cert project id file name try utils execute 'openssl' 'ca' '-config' ' /openssl cnf' '-revoke' file name cwd ca folder project id utils execute 'openssl' 'ca' '-gencrl' '-config' ' /openssl cnf' '-out' CONF crypto crl file cwd ca folder project id except OS Error raise exception Project Not Found project id project id except processutils Process Execution Error raise exception Revoke Cert Failure project id project id,How does the code revoke a cert ?,by file name,"def revoke_cert ( self, project_id, file_name ) : return self. _certs. revoke ( file_name, project_id, cwd, ca_folder, execute_utils. execute ( 'openssl', 'ca', '-revoke', file_name, cwd, ca_folder, project_id, execute_utils. execute ( 'openssl', 'ca', '-gencrl', '-config', '/openssl.cnf', '-out', CONF, project_id, execute_utils. execute ( 'openssl', 'ca', '-gencrl', '-config', '/openssl.cnf'",1,1,1,1
q115,codeqa,How,"def query yes no question default 'yes' valid {'yes' 'yes' 'y' 'yes' 'ye' 'yes' 'no' 'no' 'n' 'no'}if default is None prompt '[y/n]'elif default 'yes' prompt '[Y/n]'elif default 'no' prompt '[y/N]'else raise Value Error ""invaliddefaultanswer '%s'"" % default while 1 sys stdout write question + prompt choice raw input lower if default is not None and choice '' return defaultelif choice in valid keys return valid[choice]else sys stdout write "" Pleaserespondwith'yes'or'no' or'y'or'n' \n""",How does the code ask a yes / no question ?,via raw_input ( ),"def query_yes_no(question, default='yes'):
    if default is None:
        prompt = '[y/n]'
    elif default == 'yes':
        prompt = '[Y/n]'
    elif default == 'no':
        prompt = '[y/N]'
    else:
        raise ValueError(""invaliddefaultanswer '%s'"" % default)
    while True:
        choice = input(question + prompt).lower()
        if choice in valid:
            return valid[choice]
        else:
            sys.stdout.write(""Please respond with 'yes' or 'no' or 'y' or 'n'\n"")",4,3,5,3
q116,codeqa,How,def apt get install args sudo False return from args sudo ['apt-get' '-y' 'install'] + args,How does the code install a package ?,with apt - get,"def apt_get_install(args, sudo=False) : return [ 'apt-get', '-y', 'install', *args]
Question: How does the code install a package?",5,5,5,5
q117,codeqa,How,def formset initial value extractor request parameter names def intial value extractor request if not submitted return []data []for param in submitted i 0for val in request POST getlist param if len data i data append {} data[i][param] vali + 1for kwargs in data for recurrent in recurring kwargs[recurrent] request POST get recurrent initial data datareturn {'initial' initial data}return intial value extractor,How should formsets use a list of data ?,by extending some fields to every object,def formset initial value extractor request parameter names def intial value extractor request if not submitted return []data []for param in submitted i 0for val in request POST getlist param if len data i data append {} data[i][param] vali + 1for kwargs in data for recurrent in recurring kwargs[recurrent] request POST get recurrent initial data datareturn {'initial' initial data}return intial value extractor,1,1,1,1
q118,codeqa,How,def new command client args task key add task client args description print ' Task{}added ' format task key id,How does the code add a task ?,with description < description >,"def new ( self, client, task, key, args, description ) : 
    print ('Task{}added '.format ( task. key ) )",2,2,3,3
q119,codeqa,How,def get Vector 3 By Float List float List vector 3 if len float List > 0 vector 3 get Vector 3 If None vector 3 vector 3 x euclidean get Float From Value float List[ 0 ] if len float List > 1 vector 3 get Vector 3 If None vector 3 vector 3 y euclidean get Float From Value float List[ 1 ] if len float List > 2 vector 3 get Vector 3 If None vector 3 vector 3 z euclidean get Float From Value float List[ 2 ] return vector 3,How does the code get vector3 ?,by float list,"def get_vector3 ( self, vector3, vector4, vector5, vector6 ) : return vector3 + vector4 * vector5 + vector6",1,1,1,1
q120,codeqa,How,def bootstrap import osimport imphere os path join os path dirname file imp load source name os path join here 'noname wrapped not py',How does the code import ?,in noname_wrapped,"def bootstrap ( self, path ) : return os. path. join ( path, 'noname', 'wrapped', 'not', 'py' )",1,2,5,3
q121,codeqa,Where,def get volume group info vg out err execute 'vgs' '--noheadings' '--nosuffix' '--separator' ' ' '--units' 'b' '-o' 'vg size vg free' vg run as root True info out split ' ' if len info 2 raise Runtime Error 'vg%smustbe LV Mvolumegroup' % vg return {'total' int info[ 0 ] 'free' int info[ 1 ] 'used' int info[ 0 ] - int info[ 1 ] },Where do for a volume group return ?,in bytes,def get_volume_group_info ( self ) : return {'total' int self. info [ 0 ] 'free' int self. info [ 1 ] 'used' int self. info [ 0 ] - int self. info [ 1 ]},1,2,3,2
q122,codeqa,Where,def test from spyder utils qthelpers import qapplicationapp qapplication widget Find In Files Widget None widget resize 640 480 widget show sys exit app exec,Where does the code run find ?,in files widget test,"def find_widget ( self ) : return self. _widget
Question: What does the code return?
Answer: the widget",1,2,5,3
q123,codeqa,Where,def in gae environment if SETTINGS env name is not None return SETTINGS env name in 'GAE PRODUCTION' 'GAE LOCAL' try import google appengineexcept Import Error passelse server software os environ get SERVER SOFTWARE '' if server software startswith ' Google App Engine/' SETTINGS env name 'GAE PRODUCTION'return Trueelif server software startswith ' Development/' SETTINGS env name 'GAE LOCAL'return Truereturn False,Where is the code running ?,in the app engine environment,def in gae environment if SETTINGS env name is not None return SETTINGS env name in 'GAE PRODUCTION' 'GAE LOCAL' try import google appengineexcept Import Error passelse server software os environ get SERVER SOFTWARE '' if server software startswith'Google App Engine/' SETTINGS env name 'GAE PRODUCTION'return Trueelif server software startswith'Development/' SETTINGS env name 'GAE LOCAL'return False,1,1,1,1
q124,codeqa,Where,def in gae environment if SETTINGS env name is not None return SETTINGS env name in 'GAE PRODUCTION' 'GAE LOCAL' try import google appengineserver software os environ get 'SERVER SOFTWARE' '' if server software startswith ' Google App Engine/' SETTINGS env name 'GAE PRODUCTION'return Trueelif server software startswith ' Development/' SETTINGS env name 'GAE LOCAL'return Trueexcept Import Error passreturn False,Where is the code running ?,in the app engine environment,def in gae environment if SETTINGS env name is not None return SETTINGS env name in 'GAE PRODUCTION' 'GAE LOCAL' try import google appengineserver software os environ get 'SERVER SOFTWARE' '' if server software startswith'Google App Engine/' SETTINGS env name 'GAE PRODUCTION'return Trueelif server software startswith'Development/' SETTINGS env name 'GAE LOCAL'return Trueexcept Import Error passreturn False,1,1,1,1
q125,codeqa,Where,@receiver project import def handle project import sender **kwargs project senderrequest kwargs get 'request' attach webhook project project request request,Where does the code add post - commit hook ?,on project import,"def on_push ( event ) : 
    if event. type == 'push' : 
        project. request. attach ( event. payload )",1,2,5,3
q126,codeqa,Where,@contextmanagerdef warnings state module global warningregistry for to clear in sys warning tests try to clear warningregistry clear except Attribute Error passtry warningregistry clear except Name Error passoriginal warnings warning tests warningsoriginal filters module filterstry module filters original filters[ ]module simplefilter 'once' warning tests warnings module yield finally warning tests warnings original warningsmodule filters original filters,Where does the code use a specific warnings implementation ?,in warning_tests,filters,3,2,5,3
q127,codeqa,Where,def make multithread inner func numthreads def func mt *args length len args[ 0 ] result np empty length dtype np float 64 args result + args chunklen length + numthreads - 1 // numthreads chunks [[arg[ i * chunklen i + 1 * chunklen ] for arg in args] for i in range numthreads ]threads [threading Thread target inner func args chunk for chunk in chunks]for thread in threads thread start for thread in threads thread join return resultreturn func mt,Where does the code run the given function ?,inside * numthreads * threads,"def make_multithreaded_function ( func, *args, length, dtype, chunklen, numthreads, chunks ) : return func ( * chunks, *args )",1,1,1,1
q128,codeqa,Where,def write html report results dir report path None encoding 'utf 8 ' default report path os path join results dir 'job report html' if report path is None report path default report pathrelative links Trueif report path default report path relative links Falserendered html generate html report results dir relative links report dir os path dirname report path if not os path isdir report dir raise Invalid Output Dir Error report dir html result open report path 'w' html result write rendered html encode encoding html result close logging info ' Reportsuccessfullygeneratedat%s' report path,Where does the code write an html file ?,at report_path,"def write_html_report ( self, report_path = None, encoding = 'utf-8', default_report_path = 'job report html', relative_links = True, render = True, render_dir = 'html', open = 'w', close = 'w', logging = 'info', success = 'Reportsuccessfullygeneratedat%s', error = 'Reportsuccessfullygeneratedat%s', fail = 'Reportsuccessfullygeneratedat%s', result = 'html', result_dir = 'html', result_path = 'job report html', result_encoding = 'utf-8',",1,1,1,1
q129,codeqa,Where,def do login sender user request **kwargs if user and user is authenticated token Nonetry Application get application model app Application objects get name ' Geo Server' token generate token Access Token objects get or create user user application app expires datetime datetime now + datetime timedelta days 1 token token except u uuid uuid 1 token u hexurl '%s%s?access token %s' % settings OGC SERVER['default']['PUBLIC LOCATION'] 'ows?service wms&version 1 3 0&request Get Capabilities' token cj cookielib Cookie Jar opener urllib 2 build opener urllib 2 HTTP Cookie Processor cj jsessionid Nonetry opener open url for c in cj if c name 'JSESSIONID' jsessionid c valueexcept u uuid uuid 1 jsessionid u hexrequest session['access token'] tokenrequest session['JSESSIONID'] jsessionid,Where does the code take action ?,on user login,get application model,3,2,5,3
q130,codeqa,Where,def set X window properties win id **properties import xcb xcb xprotoconn xcb connect atoms {name conn core Intern Atom False len name name for name in properties}utf 8 string atom Nonefor name val in properties iteritems atom atoms[name] reply atomtype atom xcb xproto Atom STRIN Gif isinstance val unicode if utf 8 string atom is None utf 8 string atom conn core Intern Atom True len 'UTF 8 STRING' 'UTF 8 STRING' reply atomtype atom utf 8 string atomval val encode u'utf- 8 ' conn core Change Property Checked xcb xproto Prop Mode Replace win id atom type atom 8 len val val conn flush conn disconnect,Where did the code set window properties with the specified i d ?,on the window,"def set_window_properties(self, window_id, properties):
    for name, val in properties.items():
        reply = xcb.xprotoconn.xcbconnect_atoms(name, core, Intern, False, len, name, name, for, name in properties)
        if val == 'UTF 8 STRING':
            reply = xcb.xprotoconn.xcbconnect_atoms(name, core, Intern, True, len, name, name, for, name in properties)
        reply = xcb.xprotoconn.xcbconnect_atoms(name, core, Intern, False, len, name, name, for, name in properties)
        reply = xcb.x",1,2,3,2
q131,codeqa,Where,def minibatch map fn batch size input data output data None output width None if output width is None if output data is None raise Value Error 'output dataoroutput widthshouldbeprovided' output width output data shape[ 1 ]output length input data shape[ 0 ]if output data is None output data numpy empty output length output width else assert output data shape[ 0 ] input data shape[ 0 ] 'output datashouldhavethesamelengthasinput data' output data shape[ 0 ] input data shape[ 0 ] for i in xrange 0 output length batch size output data[i i + batch size ] fn input data[i i + batch size ] return output data,Where does the code apply a function ?,on input_data,"def minibatch ( fn, batch_size, input_data, output_width, output_data, output_shape, input_data_shape ) : return output_data[ 0 : output_shape[ 0 ] * output_width, 0 : input_data_shape[ 0 ] ] * batch_size, fn ( input_data[ 0 : input_data_shape[ 0 ] * batch_size, 0 ] )",1,1,1,1
q132,codeqa,Where,@contextmanagerdef warnings state module global warningregistry for to clear in sys warning tests try to clear warningregistry clear except Attribute Error passtry warningregistry clear except Name Error passoriginal warnings warning tests warningstry warning tests warnings module yield finally warning tests warnings original warnings,Where does the code use a specific warnings implementation ?,in warning_tests,"def warnings(state, module, registry, original, test, warning, tests, warnings):",1,1,1,1
q133,codeqa,Where,def is malicious app id changeset revision **kwd repository metadata get repository metadata by changeset revision app id changeset revision if repository metadata return repository metadata maliciousreturn False,Where does the code check the malicious flag for a specified change set revision ?,in repository metadata,"def is_malicious ( self, **kwargs ) : return kwargs. get ('malicious', False )",1,2,5,3
q134,codeqa,Where,def create environment home dir site packages False clear False unzip setuptools False prompt None search dirs None download False no setuptools False no pip False no wheel False symlink True home dir lib dir inc dir bin dir path locations home dir py executable os path abspath install python home dir lib dir inc dir bin dir site packages site packages clear clear symlink symlink install distutils home dir to install []if not no setuptools to install append 'setuptools' if not no pip to install append 'pip' if not no wheel to install append 'wheel' if to install install wheel to install py executable search dirs download download install activate home dir bin dir prompt install python config home dir bin dir prompt,Where does the code create a new environment ?,in home_dir,"def create_environment ( self, home_dir, site_packages, clear, unzip, prompt, search_dirs, download, no_setuptools, no_pip, no_wheel, symlink, home_dir_lib, home_dir_inc, home_dir_bin, home_dir_site, home_dir_packages, home_dir_site_packages, clear_symlink, install_distutils, to_install, if_not_no_setuptools, to_install_append, append_setuptools, if_not_no_pip, to_install_append, append_pip, if_not_no_wheel, to_install_append, append_wheel, install_wheel, to_install, install_py_executable, search_dirs_download, download",1,1,1,1
q135,codeqa,Where,def create environment home dir site packages False clear False unzip setuptools False prompt None search dirs None never download False no setuptools False no pip False symlink True home dir lib dir inc dir bin dir path locations home dir py executable os path abspath install python home dir lib dir inc dir bin dir site packages site packages clear clear symlink symlink install distutils home dir if not no setuptools to install ['setuptools']if not no pip to install append 'pip' install wheel to install py executable search dirs install activate home dir bin dir prompt,Where does the code create a new environment ?,in home_dir,"def create_environment ( self, home_dir, site_packages, clear, unzip, prompt, search_dirs, never_download, no_setuptools, no_pip, symlink, home_dir_lib, lib_dir, inc_dir, bin_dir, path, locations, home_dir_py, lib_dir_inc, bin_dir_site_packages, site_packages_clear, clear_symlink, symlink_install, install_distutils, to_install, to_install_setuptools, to_install_pip, to_install_wheel, to_install_py_executable, search_dirs_install, install_activate, home_dir_bin, bin_dir_prompt)",1,1,1,1
q136,codeqa,Where,def create port group session pg name vswitch name vlan id 0 cluster None client factory session get vim client factoryadd prt grp spec vm util get add vswitch port group spec client factory vswitch name pg name vlan id host mor vm util get host ref session cluster network system mor session call method vim util 'get dynamic property' host mor ' Host System' 'config Manager network System' LOG debug ' Creating Port Groupwithname%sonthe ES Xhost' % pg name try session call method session get vim ' Add Port Group' network system mor portgrp add prt grp spec except error util Vim Fault Exception as exc if error util FAULT ALREADY EXISTS not in exc fault list raise exception Nova Exception exc LOG debug ' Created Port Groupwithname%sonthe ES Xhost' % pg name,Where does the code create a port group ?,on the host system,"def create_port_group ( self,  pg_name,  vswitch_name,  vlan_id,  cluster,  client_factory,  session ) : return session. vim. client. util. add ( 'port group',  pg_name,  vswitch_name,  vlan_id,  cluster,  client_factory,  session )",1,2,5,3
q137,codeqa,Where,"@pytest fixturedef test blob cloud config bucket storage Client bucket cloud config storage bucket blob Blob 'encryption test sigil' bucket encryption key TEST ENCRYPTION KEY DECODED content "" Hello isitmeyou'relookingfor?""blob upload from string content return blob name content",Where does the code provide a pre - existing blob ?,in the test bucket,"def get_blob_name ( self, bucket, blob_name ) : return self. _blob_name
Question: Where does the code provide a pre-existing blob name?
Answer: The code does not provide a pre-existing blob name, it creates a new blob.",2,2,5,3
q138,codeqa,Where,def create port group session pg name vswitch name vlan id 0 cluster None client factory session vim client factoryadd prt grp spec vm util get add vswitch port group spec client factory vswitch name pg name vlan id host mor vm util get host ref session cluster network system mor session call method vutil 'get object property' host mor 'config Manager network System' LOG debug ' Creating Port Groupwithname%sonthe ES Xhost' pg name try session call method session vim ' Add Port Group' network system mor portgrp add prt grp spec except vexc Already Exists Exception LOG debug ' Port Group%salreadyexists ' pg name LOG debug ' Created Port Groupwithname%sonthe ES Xhost' pg name,Where does the code create a port group ?,on the host system,"def create_port_group ( self,  pg_name,  vswitch_name,  vlan_id,  cluster,  client_factory,  session ) : 
    return session. vim. client. factory. add ( 'port group',  pg_name,  vswitch_name,  vlan_id,  cluster,  client_factory,  session )",5,5,5,5
q139,codeqa,Where,def one one in books book id val map db field *args if book id val map sequence sqlite datetime v k for k v in book id val map iteritems db executemany u'UPDAT Ebooks SET%s ?WHER Eid ?' % field metadata[u'column'] sequence field table book col map update book id val map return set book id val map,Where did the code set a one - one field ?,in the books table,"def update_one ( self, book_id, val, field, sequence, table, col, update_values, db, u = None ) : return db. executemany ( u'UPDATE %s SET%s =? WHERE %s' % ( table, field, ', '.join ( u'UPDAT Ebooks SET%s?WHER Eid = %s' % ( col, u''), sequence, u''), u'')",1,2,5,3
q140,codeqa,Where,"@pytest fixturedef test blob cloud config bucket storage Client bucket cloud config storage bucket blob bucket blob 'storage snippets test sigil' blob upload from string "" Hello isitmeyou'relookingfor?"" return blob",Where does the code provide a pre - existing blob ?,in the test bucket,"def get_blob ( self, bucket_name ) : return self. _blob
Question: What does the code return?
Answer: the blob",1,2,5,3
q141,codeqa,Where,def build Integration Tests mixin Class name fixture class Real Tests mixin Class Async Test Case '\n Teststhatendpointsareavailableoverthenetworkinterfacesthat\nreal AP Iuserswillbeconnectingfrom \n'def set Up self self app fixture self self port reactor listen TCP 0 Site self app resource interface '127 0 0 1' self add Cleanup self port stop Listening portno self port get Host portself agent Proxy Agent TCP 4 Client Endpoint reactor '127 0 0 1' portno reactor super Real Tests self set Up class Memory Tests mixin Class Async Test Case '\n Teststhatendpointsareavailableintheappropriateplace without\ntestingthatthecorrectnetworkinterfacesarelistenedon \n'def set Up self self app fixture self self agent Memory Agent self app resource super Memory Tests self set Up Real Tests name + name Memory Tests name + name Real Tests module mixin Class module Memory Tests module mixin Class module return Real Tests Memory Tests,Where does the code build l{asynctestcase } classes run the tests with both real and in - memory queries ?,in the mixin class,"def build_integration_tests(self) : return self._integration_tests
Question: Where does the code build integration tests?
Answer: in memory",1,2,5,3
q142,codeqa,Where,def vectors in basis expr to sys vectors list expr atoms Base Vector Field new vectors []for v in vectors cs v coord sysjac cs jacobian to sys cs coord functions new jac T * Matrix to sys base vectors [v index]new vectors append new return expr subs list zip vectors new vectors,Where does the code transform all base vectors ?,in base vectors of a specified coord basis,def vectors in basis expr to sys vectors list expr atoms Base Vector Field new vectors []for v in vectors cs v coord sysjac cs jacobian to sys cs coord functions new jac T * Matrix to sys base vectors [v index]new vectors append new return expr subs list zip vectors new vectors,1,1,1,1
q143,codeqa,Where,def get File In Given Directory directory file Name directory Listing os listdir directory lower File Name file Name lower for directory File in directory Listing if directory File lower lower File Name return get File Text Given Directory File Name directory directory File return '',Where does the code get the file from the filename or the lowercase filename ?,in the given directory,"def get_file ( self, filename ) : return self. _file ( filename. lower )
Question: Where does the code get the file from the filename or the lowercase filename?
Answer: from the filename",2,2,5,3
q144,codeqa,Where,def Open File In Preview Window filename vim command u'silent pedit ' + filename,Where does the code open the supplied filename ?,in the preview window,"def Open File In Preview Window filename : return subprocess.call ( ['vim', '-p', filename] + ['--silent', 'pedit'] )
Question: How does the code open the supplied filename?
Answer: Subprocess call to run vim command with silent mode and pedit command.",4,4,5,5
q145,codeqa,Where,def story z image loc k 100 bw 50 lyric False rawim im load image image loc feats compute features z['net'] im flatten feats / norm feats feats embedding encode images z['vse'] feats[ None ] scores numpy dot feats z['cvec'] T flatten sorted args numpy argsort scores [ -1 ]sentences [z['cap'][a] for a in sorted args[ k]]print 'NEAREST-CAPTIONS 'for s in sentences[ 5] print sprint ''svecs skipthoughts encode z['stv'] sentences verbose False shift svecs mean 0 - z['bneg'] + z['bpos'] passage decoder run sampler z['dec'] shift beam width bw print 'OUTPUT 'if lyric for line in passage split ' ' if line[ 0 ] '' print lineelse print line[ 1 ]else print passage,Where does the code generate a story for an image ?,at location image_loc,def story_z_loc_k100bw50lyricFalserawimimloadimageimagelocfeatscomputefeaturesz['net']imflattenfeats/normfeatsembeddingencodeimagesz['vse']feats[None]scoresnumpydotfeatsz['cvec']Tflattensortedargsnumpyargsortscores[-1]sentences[z['cap'][a]for a in sortedargs[k]]print 'NEAREST-CAPTIONS'forssinsentencez['cap'][a]for a in sortedargs[k]print sprint''svecsskipthoughtsencodez['stv']sentencesverboseFalseshifts,1,1,1,1
q146,codeqa,Where,def avail images kwargs None call None if call 'action' raise Salt Cloud System Exit ' Theavail imagesfunctionmustbecalledwith-for--function orwiththe--list-imagesoption' if not isinstance kwargs dict kwargs {}if 'owner' in kwargs owner kwargs['owner']else provider get configured provider owner config get cloud config value 'owner' provider opts default 'amazon' ret {}params {' Action' ' Describe Images' ' Owner' owner}images aws query params location get location provider get provider opts opts sigver '4 ' for image in images ret[image['image Id']] imagereturn ret,Where does the code return a dict of all available vm images ?,on the cloud provider,"def avail_images ( self, **kwargs ) : return kwargs",1,2,5,3
q147,codeqa,Where,def create router lport cluster lrouter uuid tenant id quantum port id display name admin status enabled ip addresses tags [dict scope 'os tid' tag tenant id dict scope 'q port id' tag quantum port id ]lport obj dict admin status enabled admin status enabled display name display name tags tags ip addresses ip addresses type ' Logical Router Port Config' path build uri path LROUTERPORT RESOURCE parent resource id lrouter uuid try resp obj do single request HTTP POST path json dumps lport obj cluster cluster except Nvp Api Client Resource Not Found as e LOG error ' Logicalrouternotfound Error %s' str e raiseresult json loads resp obj LOG debug ' Createdlogicalport% lport uuid sonlogicalrouter% lrouter uuid s' {'lport uuid' result['uuid'] 'lrouter uuid' lrouter uuid} return result,Where does the code create a logical port ?,on the assigned logical router,"def create_router_lport_cluster_lrouter ( self,  uuid,  tenant_id,  quantum_port_id,  display_name,  admin_status,  enabled,  ip_addresses,  tags,  scope,  lport_obj,  obj,  admin_status,  enabled,  display_name,  display_name,  tags,  ip_addresses,  type,  path,  lrouter_uuid,  try,  resp,  result,  e,  LOG,  'LogicalRouterPortConfig',  'LROUTERPORT',  'RESOURCE',  'parent',  '",1,1,1,1
q148,codeqa,Where,def update sequencer id in request type migrate engine request type id sequencer id cmd 'UPDAT Erequest type SE Tsequencer id %i WHER Eid %i' % sequencer id request type id migrate engine execute cmd,Where does the code update the foreign key to the sequencer table ?,in the request_type table,"def update_sequencer_id_in_request_type_migrate_engine_request_type_id_sequencer_id_cmd ( self, request_type_id_sequencer_id_cmd ) : return self. _request_type_id_sequencer_id_cmd. replace ( 'UPDAT Erequest type SE Tsequencer id %i WHER Eid %i', 'UPDATE SEQUENCER ID %i WHERE %i', update_sequencer_id_in_request_type_migrate_engine_request_type_id_sequencer_id_cmd )",1,2,3,1
q149,codeqa,Where,def clean data if match quote match group 1 condition match group 2 for entity replace in CLEAN ENTITIES iteritems condition condition replace entity replace return 'data-if %s%s%s' % quote condition quote,Where does the code clean entities if attributes ?,in data,"def clean_data(data, match, group1, condition, group2, replace, quote):
    return 'data-if %s%s%s' % (quote, replace, quote)",1,2,5,3
q150,codeqa,Where,def get List Table Elements list Dictionary list Dictionary Elements []for list Dictionary Value in list Dictionary values list Dictionary Elements + list Dictionary Valuereturn list Dictionary Elements,Where does the code get all the element ?,in a list table,"def get_list_table_elements_dict(list_dict, value):
    return list(list_dict.values())",5,5,5,5
q151,codeqa,Where,def set chmod path permissions report try os chmod path permissions except lpath path lower if report and ' appledouble' not in lpath and ' ds store' not in lpath logging error T ' Cannotchangepermissionsof%s' clip path path logging info ' Traceback ' exc info True,Where did the code set permissions ?,on path,"def setchmod(path, permissions, report=True, appledouble=False, ds_store=False, logging='error', clip=False, info=False, exc_info=False):
    if report and 'appledouble' not in path and 'ds store' not in path:
        logging.error('Cannot change permission of %s' % path)",1,1,1,1
q152,codeqa,Where,def Add ELB Instance region instance id node type balancers Get Load Balancers region node types [node type] assert balancers ' No%sloadbalancerinregion%s' % node type region assert len balancers 1 b balancers[ 0 ]b register instances [instance id] print ' Addedinstance%sto%sloadbalancerinregion%s' % instance id node type region,Where does the code add an instance to the load balancer ?,in region,"def add_instance_to_load_balancer ( self, instance_id, node_type, region, balancers ) : 
    assert balancers == ['No%sloadbalancerinregion%s' % (node_type, region),'Addedinstance%sto%sloadbalancerinregion%s' % (instance_id, region, node_type)] 
    b = balancers[0] 
    register_instances ( instance_id, node_type, region ) 
    print ('Addedinstance%sto%sloadbalancerinregion%s' % (instance_id, region, node_type) )",1,2,5,3
q153,codeqa,Where,def run as contextmanager ctx fn *arg **kw obj ctx enter try result fn obj *arg **kw ctx exit None None None return resultexcept exc info sys exc info raise ctx exit *exc info if raise is None raiseelse return raise,Where does the code run the given function ?,under the given contextmanager,def run as contextmanager ctx fn *arg **kw obj ctx enter try result fn obj *arg **kw ctx exit None None None return resultexcept exc info sys exc info raise ctx exit *exc info if raise is None raiseelse return raise,1,1,1,1
q154,codeqa,Where,def fixed ip associate pool context network id instance uuid None host None return IMPL fixed ip associate pool context network id instance uuid host,Where does the code find free ip ?,in network,def get_free_ip ( self ) : return self. _ip_pool. get_free ( ),1,2,5,3
q155,codeqa,Where,def set name value profile None created Falsertn {'name' name 'comment' ' Keycontainscorrectvalue' 'result' True 'changes' {}}current salt ['etcd get'] name profile profile if not current created Trueresult salt ['etcd set'] name value profile profile if result and result current if created rtn['comment'] ' Newkeycreated'else rtn['comment'] ' Keyvalueupdated'rtn['changes'] {name value}return rtn,Where did the code set a key ?,in etcd,"def set_name ( self, value ) : return self. _name = value
Question: Where is the value being assigned?
Answer: to the _name attribute",1,2,5,3
q156,codeqa,Where,"def run setup script name script args None stop after 'run' if stop after not in 'init' 'config' 'commandline' 'run' raise Value Error ""invalidvaluefor'stop after' %r"" % stop after global setup stop after setup distribution setup stop after stop aftersave argv sys argvg {' file ' script name}l {}try try sys argv[ 0 ] script nameif script args is not None sys argv[ 1 ] script argsf open script name try exec f read in g lfinally f close finally sys argv save argv setup stop after Noneexcept System Exit passexcept raiseif setup distribution is None raise Runtime Error ""'distutils core setup 'wasnevercalled--perhaps'%s'isnota Distutilssetupscript?"" % script name return setup distribution",Where does the code run a setup script ?,in a somewhat controlled environment,"def run_setup_script ( self, script_name, args, stop_after, stop_after, stop_after_distribution, stop_after_save, stop_after ) : return None
Question: Where does the code run a setup script?
Answer: The script is run in the command line.",5,5,5,5
q157,codeqa,Where,def finish common config encoding common config encoding encoding lower default top theme get default theme encoding startswith u'utf' or encoding startswith u'ucs' common config common config copy common config setdefault u'default top theme' default top theme common config setdefault u'paths' [] common config setdefault u'watcher' u'auto' common config setdefault u'log level' u'WARNING' common config setdefault u'log format' u'% asctime s % levelname s % message s' common config setdefault u'term truecolor' False common config setdefault u'term escape style' u'auto' common config setdefault u'ambiwidth' 1 common config setdefault u'additional escapes' None common config setdefault u'reload config' True common config setdefault u'interval' None common config setdefault u'log file' [ None] if not isinstance common config[u'log file'] list common config[u'log file'] [common config[u'log file']]common config[u'paths'] [os path expanduser path for path in common config[u'paths']]return common config,Where does the code expand ~ ?,in paths,common config[u'paths'] [os.path.expanduser(path) for path in common config[u'paths']],5,5,5,5
q158,codeqa,Where,def read string table xml source table {}xmlns 'http //schemas openxmlformats org/spreadsheetml/ 2006 /main'root fromstring text xml source string index nodes root findall Q Name xmlns 'si' text for index string index node in enumerate string index nodes table[index] get string xmlns string index node return table,Where did the code read in all shared strings ?,in the table,"def read_string_table ( self, xml_source, namespace ) : return self. _xml_source. find ( f'si:table xmlns:si=""http://schemas.openxmlformats.org/spreadsheetml/2006/main"" xmlns:xml=""http://schemas.openxmlformats.org/xml/2006"" root=""root"" {namespace}', namespaces = {namespace}, recursive = True ). find ( f'si:Name xmlns:si=""http://schemas.openxmlformats.org/spreadsheetml/2006/main"" text=""string"" for index in enumerate ( self. _xml_source. findall ( f",1,2,3,2
q159,codeqa,Where,@click command 'new-site' @click option '--mariadb-root-password' help ' Maria D Brootpassword' @click option '--admin-password' help 'adminpasswordtosetforsite' @click argument 'site' def new site site mariadb root password None admin password None from bench utils import new sitenew site site mariadb root password mariadb root password admin password admin password,Where does the code create a new site ?,in the bench,"def new_site ( site, mariadb_root_password, admin_password ) : return f""Creating a new site at {site} with mariadb root password {mariadb_root_password} and admin password {admin_password}""",1,2,5,3
q160,codeqa,Where,def annotate clip txt txt color 'white' bg color 0 0 255 txtclip Text Clip txt fontsize 20 font ' Ubuntu-bold' color txt color txtclip txtclip on color clip w txtclip h + 6 color 0 0 255 pos 6 'center' cvc Composite Video Clip [clip txtclip set pos 0 'bottom' ] return cvc set duration clip duration,Where does the code write a text ?,at the bottom of the clip,"def annotate_clip(txt, txtclip, color, bg_color, fontsize, font, clip, pos, cvc, duration) : return cvc set pos 0 'center' cvc set duration clip duration",1,1,1,1
q161,codeqa,Where,@utils positional 1 def transaction callback **ctx options fut transaction async callback **ctx options return fut get result,Where does the code run a callback ?,in a transaction,def transaction ( **ctx options ) : return fut get result,1,1,1,1
q162,codeqa,Where,def get server certificate addr ssl version PROTOCOL SS Lv 23 ca certs None addrif ca certs is not None cert reqs CERT REQUIRE Delse cert reqs CERT NON Es create connection addr s wrap socket s ssl version ssl version cert reqs cert reqs ca certs ca certs dercert s getpeercert True s close return DER cert to PEM cert dercert,Where does the code retrieve the certificate from the server ?,at the specified address,getpeercert,5,5,5,5
q163,codeqa,Where,def determine user agent config if config user agent is None ua ' Certbot ACME Client/{ 0 } {1 } Authenticator/{ 2 } Installer/{ 3 }'ua ua format certbot version util get os info ua config authenticator config installer else ua config user agentreturn ua,Where did the code set a user_agent string based on the choice of plugins ?,in the config,"def determine_user_agent(config, ua, **kwargs):
    if config.user_agent is None:
        ua ='Certbot ACME Client/{0} {1} Authenticator/{2} Installer/{3}'.format(kwargs['ua'], kwargs['ua'], kwargs['ua'], kwargs['ua'])",1,2,5,3
q164,codeqa,Where,def is Loop Intersecting Inside X Segment loop segment First X segment Second X segment Y Mirror y rotated Loop get Points Round Z Axis segment Y Mirror loop for point Index in xrange len rotated Loop point First rotated Loop[point Index]point Second rotated Loop[ point Index + 1 % len rotated Loop ]if is Line Intersecting Inside X Segment point First point Second segment First X segment Second X y return Truereturn False,Where is the loop intersecting ?,inside the x segment,"def is_intersecting ( self, point1, point2, point3, point4, point5, point6, point7, point8, point9, point10, point11, point12, point13, point14, point15, point16, point17, point18, point19, point20, point21, point22, point23, point24, point25, point26, point27, point28, point29, point30, point31, point32, point33, point34, point35, point36, point37, point38, point39, point40, point",1,1,1,1
q165,codeqa,Where,"def clear outbox frappe db sql u'deleteq rfrom`tab Email Queue`asq `tab Email Queue Recipient`asrwhereq name r parentandq priority 0and\n DCTB DCTB datediff now q modified >31 ' frappe db sql u""update`tab Email Queue`asq `tab Email Queue Recipient`asrsetq status ' Expired' r status ' Expired'\n DCTB DCTB whereq name r parentanddatediff curdate q modified >7 andq status ' Not Sent'andr status ' Not Sent'""",Where does the code remove low priority older than 31 days ?,in outbox,"def clear_outbox ( self ) : 
    u'deleteq' from 'tab Email Queue' asq 'tab Email Queue Recipient' asr 
    whereq name r parent andq datediff now q modified >31'frappe db sql u""update' tab Email Queue' asq 'tab Email Queue Recipient' asrsetq status'Expired' r status'Expired' 
    DCTB DCTB whereq name r parent anddatediff curdate q modified >7 andq status'Not Sent'andr status'Not Sent'",1,2,5,3
q166,codeqa,Where,def set main key value path MAIN CF pairs conf list parse main path new conf []if key in pairs for line in conf list if line startswith key new conf append '{ 0 } {1 }' format key value else new conf append line else conf list append '{ 0 } {1 }' format key value new conf conf list write conf new conf path return new conf,Where did the code set a single config value ?,in the main,"def set_main_key_value(path, pairs, conf, new_conf, main_key, value, main_path):
    if key in pairs for line in conf:
        if line.startswith(main_key):
            new_conf.append('{0} {1}'.format(key, value))
        else:
            new_conf.append(line)
    else:
        new_conf.append('{0} {1}'.format(main_key, value))
    conf = new_conf
    conf = conf[path]
    return conf",1,2,5,3
q167,codeqa,Where,def eval location pymodule offset return eval location 2 pymodule offset [1 ],Where does the code find the pyname ?,at the offset,"def get_location ( self, module, offset ) : return self. _location + offset
Question: Where does the code find the module?
Answer: the module",1,1,1,1
q168,codeqa,Where,def identify data data fmt width height identify data return width height fmt,Where does the code identify the image ?,in data,"def identify_data(data, fmt, width, height) : return width, height, fmt
Question: Where does the code identify the image?
Answer: The image",1,1,1,1
q169,codeqa,Where,def dmp gcdex f g u K if not u return dup gcdex f g K else raise Multivariate Polynomial Error f g,Where did the code extend euclidean algorithm ?,in f[x ],"def dmp gcdex f g u K if not u return dup gcdex f g K else raise Multivariate Polynomial Error f g
Question: Where did the code extend Euclidean algorithm?",1,1,1,1
q170,codeqa,Where,def find device device None data [{'uid' '/zport/dmd/ Devices' 'params' {} 'limit' None}]all devices router request ' Device Router' 'get Devices' data data for dev in all devices['devices'] if dev['name'] device dev['hash'] all devices['hash']log info ' Founddevice%sin Zenoss' device return devlog info ' Unabletofinddevice%sin Zenoss' device return None,Where does the code find a device ?,in zenoss,"def find_device ( self, data ) : return data ['name' 'device' 'hash']",1,2,5,3
q171,codeqa,Where,"def run module as main mod name set argv 0 True try loader code fname get module details mod name except Import Error as exc if set argv 0 info str exc else info ""can'tfind' main py'in%r"" % sys argv[ 0 ] msg '%s %s' % sys executable info sys exit msg pkg name mod name rpartition ' ' [0 ]main globals sys modules[' main '] dict if set argv 0 sys argv[ 0 ] fnamereturn run code code main globals None ' main ' fname loader pkg name",Where does the code run the designated module ?,in the _ _ main _ _ namespace,"def run_module ( self, mod_name, set argv, try_loader, fname, get_details, mod_name, except_type, exc, info, msg, pkg_name, mod_name ) : 
    if set argv 0 : 
        try : 
            loader = getattr ( self, fname ) 
            if set argv 0 : 
                return loader ( mod_name, set argv 0, get_details, mod_name, except_type, exc, info, msg, pkg_name, mod_name ) 
        except Exception as exc : 
            return exc, info, msg, pkg_name, mod_name 
    else :",1,1,1,1
q172,codeqa,Where,def runner fun arg None timeout 5 if not isinstance arg list arg [salt utils args yamlify arg arg ]else arg [salt utils args yamlify arg x for x in arg]if len arg 1 and arg[ 0 ] is None arg []runner salt runner Runner Client opts [' master opts '] return runner cmd fun arg,Where does the code execute a runner ?,on the master,"def runner ( self, arg ) : return self. _runner ( arg ) if arg is None else [ salt. utils. args. yamlify ( arg ) for arg in arg ] if len ( arg ) == 1 and arg [ 0 ] is None else self. _runner ( arg )",1,1,1,1
q173,codeqa,Where,def keep alive x memo try memo[id memo ] append x except Key Error memo[id memo ] [x],Where does the code keep a reference to the object x ?,in the memo,"def keep_alive ( self, memo = {} ) : return memo [ self ]",1,2,5,3
q174,codeqa,Where,def generate in background generator num cached 10 import Queuequeue Queue Queue maxsize num cached sentinel object def producer for item in generator queue put item queue put sentinel import threadingthread threading Thread target producer thread daemon Truethread start item queue get while item is not sentinel yield item item queue get,Where does the code run a generator ?,in a background thread,"def generate ( self ) : 
    while True : 
        item = yield 
        if item is sentinel : 
            break 
        yield item 
        queue.put(item) 
        if len(queue) > maxsize : 
            queue.get()",1,2,5,3
q175,codeqa,Where,def get sentiment entities service document sentiments entities analyze document service document score sentiments get 'score' return score entities,Where does the code compute the overall sentiment volume ?,in the document,"def get_sentiment_volume ( self ) : return sum ( [ entity. score for entity in self. entities ] )
---",1,2,5,3
q176,codeqa,Where,def select row view row selmodel view selection Model selmodel select view model index row 0 Q Item Selection Model Clear And Select,Where does the code select a row ?,in an item view,"def select_row ( self, index ) : return self. _row_model. view ( index )",1,2,5,3
q177,codeqa,Where,def blocking Call From Thread reactor f *a **kw queue Queue Queue def call From Thread result defer maybe Deferred f *a **kw result add Both queue put reactor call From Thread call From Thread result queue get if isinstance result failure Failure result raise Exception return result,Where does the code run a function from a thread ?,in the reactor,def blocking Call From Thread reactor f *a **kw queue Queue def call From Thread result defer maybe Deferred f *a **kw result add Both queue put reactor call From Thread call From Thread result queue get if isinstance result failure Failure result raise Exception return result,1,1,1,1
q178,codeqa,Where,def get public endpoint path '' return get endpoint settings EDXNOTES PUBLIC API path,Where does the code get the full path to a resource ?,on the public notes api,"def get_public_endpoint_path ( self ) : return '/'.join ( [ f'EDXNOTES_PUBLIC_API_{self._id}' for _ in self._public_endpoints ] )
Question: What is the full path to a resource?",1,2,5,3
q179,codeqa,Where,def change disk mode si vm obj disk number mode disk prefix label ' Harddisk' disk label disk prefix label + str disk number virtual disk device Nonefor dev in vm obj config hardware device if isinstance dev vim vm device Virtual Disk and dev device Info label disk label virtual disk device devif not virtual disk device raise Runtime Error ' Virtual{}couldnotbefound ' format disk label virtual disk spec vim vm device Virtual Device Spec virtual disk spec operation vim vm device Virtual Device Spec Operation editvirtual disk spec device virtual disk devicevirtual disk spec device backing disk Mode modedev changes []dev changes append virtual disk spec spec vim vm Config Spec spec device Change dev changestask vm obj Reconfig VM Task spec spec tasks wait for tasks si [task] return True,Where does the code change the disk mode ?,on a virtual hard disk,"def change_disk_mode ( self, disk_number, mode ) : return self. _config. disk_mode = mode
Question: Where does the code change the disk mode?
Answer: The code changes the disk mode of the virtual disk specified by the disk number.",5,5,5,5
q180,codeqa,Where,def pusher url count size poll copy ctx zmq Context s ctx socket zmq PUSH if poll p zmq Poller p register s s connect url msg zmq Message '' * size block zmq NOBLOCK if poll else 0 for i in range count if poll res p poll assert res[ 0 ][ 1 ] & zmq POLLOUT s send msg block copy copy s close ctx term,Where does the code send a bunch of messages ?,on a push socket,"def pusher ( self, url, count, size, poll, ctx, zmq, Message, * block, NOBLOCK, close ) : return zmq.PUSH if poll else 0 for i in range ( count ) if poll Message. send ( block, zmq. sendto ( ctx, Message, zmq. connect ( url, zmq. connect ( url, zmq. connect ( url, zmq. connect ( url, zmq. connect ( url, zmq. connect ( url, zmq. connect ( url, zmq. connect ( url, zmq. connect ( url, zmq. connect ( url, zmq. connect ( url,",1,1,1,1
q181,codeqa,When,def Retain Vertical Spacing Before Comments uwline prev token Nonefor tok in uwline tokens if tok is comment and prev token if tok lineno - tok value count u'\n' - prev token lineno > 1 tok Adjust Newlines Before ONE BLANK LINE prev token tok,When does the code retain vertical spacing ?,before comments,"def Retain Vertical Spacing ( self, tokens ) : return '\n' * ( len ( tokens ) - 1 ) + '\n' + self. _prev_token ( tokens )",1,2,5,3
q182,codeqa,When,def after this request f request ctx stack top after request functions append f return f,When does the code execute a function ?,after this request,"def after_this_request ( f, request, ctx, stack = None ) : return f ( request, ctx, stack )",1,2,5,3
q183,codeqa,When,def get Double After First Letter word return float word[ 1 ],When does the code get the double value of the word ?,after the first letter,"def get_double_word ( self, word ) : return float ( word [ 1 ] * 2 )
---",1,2,5,3
q184,codeqa,When,def cooperative iter iter try for chunk in iter sleep 0 yield chunk except Exception as err msg ' Error cooperative iterexception%s' % err LOG error msg raise,When does an iterator schedule ?,after each iteration,"def cooperative iter iter try for chunk in iter sleep 0 yield chunk except Exception as err msg'Error cooperative iterexception%s' % err LOG error msg raise
Answer: at the end of the iteration",1,2,5,3
q185,codeqa,When,@pytest mark skipif u'notsix PY 2 ' def test sharedmethod imfunc def foo self passactual foo fooclass Bar object foo sharedmethod actual foo assert Bar foo im func is actual foo assert Bar foo im func is actual foo def foo cls passactual foo 2 fooclass Meta Bar type foo actual foo 2class Bar object metaclass Meta Barfoo sharedmethod actual foo assert Bar foo im func is actual foo 2 assert Bar foo im func is actual foo class Meta Bar type foo Noneclass Bar object metaclass Meta Barfoo sharedmethod actual foo assert Bar foo im func is actual foo assert Bar foo im func is actual foo,When does the im_func of a sharedmethod point to the correct underlying function ?,always,"def get_name ( self ) : return self. _name
Question: When does the code return the name of the instance?
Answer: When the instance is an instance of the class Bar
--- Example 2 ---
Code:
def is_empty ( self ) : return len ( self. items ) == 0
Question: Does the code check if the list is empty?
Answer: Yes
--- Example 3 ---
Code:
def sort_list ( items ) : return sorted ( items, reverse = True )
Question: How does the code sort the items?
Answer: in ascending order
--- End of Examples ---

def get_name",1,2,5,3
q186,codeqa,When,def top last month cls key ids None num None cur month datetime date today replace day 1 last month decrement month cur month q Session query cls filter cls date last month filter cls interval 'month' order by desc cls date desc cls pageview count if ids q q filter getattr cls key in ids else num num or 55 q q limit num return [ getattr r key r unique count r pageview count for r in q all ],When does the code aggregate a listing of the top items ?,last month,"def top_last_month(cls, key, num=None, cur_month=None, today=None, replace=1, day=1, last_month=None, decrement=1, q=None, filter=None, interval='month', order_by='desc', date='desc', pageview='count', count=None, limit=None, **kwargs):
    if cur_month is None:
        cur_month = today.month
    if last_month is None:
        last_month = cur_month
    if q is None:
        q = cls.query.filter(cls.key in ids).all()
    if date is None:
        date = cls.date
    if",1,1,1,1
q187,codeqa,When,def test nearmiss wrong version version 1000 nm 2 Near Miss version version random state RND SEED assert raises Value Error nm 2 fit sample X Y,When is an error raised ?,when the version is unknown,"def test_nearmiss_wrong_version ( self ) : 
    assert self. version == 1000, f""Expected version 1000, got {self.version}""",1,2,5,3
q188,codeqa,When,def to utc time str return pd Timestamp time str tz 'US/ Eastern' tz convert 'UTC',When does the code convert a string in us to utc ?,/ eastern time,"def convert_to_utc ( self, str_time ) : return pd. Timestamp ( str_time, tz = 'US/Eastern', tzinfo = pd. Timezone )",1,2,5,3
q189,codeqa,When,def render template multiple times request return Http Response render to string 'base html' + render to string 'base html',When does a view render a template ?,multiple times,"def render_template_multiple_times ( self, template_name, *args ) : return render ( 'base html' + template_name, *args )",1,2,5,3
q190,codeqa,When,def run third party auth patch django db models options patch if settings FEATURES get 'ENABLE THIRD PARTY AUTH' False enable third party auth if is comprehensive theming enabled enable theming microsite enable microsites pre startup log django setup autostartup add mimetypes microsite enable microsites log if settings LMS SEGMENT KEY analytics write key settings LMS SEGMENT KE Yif settings FEATURES get 'ENABLE SPECIAL EXAMS' from edx proctoring runtime import set runtime servicefrom lms djangoapps instructor services import Instructor Servicefrom openedx core djangoapps credit services import Credit Serviceset runtime service 'credit' Credit Service set runtime service 'instructor' Instructor Service xmodule x module descriptor global handler url lms xblock runtime handler urlxmodule x module descriptor global local resource url lms xblock runtime local resource urlvalidate lms config settings,When did the code execute ?,during django startup,"def run_third_party_auth_patch ( self ) : return True
Question: When did the code execute?
Answer: at the beginning of the Django project",1,2,5,3
q191,codeqa,When,def find closing brace string start pos bracks open 1escaped Falsefor idx char in enumerate string[start pos ] if char ' ' if not escaped bracks open + 1elif char ' ' if not escaped bracks open - 1if not bracks open return start pos + idx + 1 if char '\\' escaped not escaped else escaped False,When does the code find the corresponding closing brace ?,after start_pos,"def find_closing_brace_string_start(pos, escaped=False) : return pos + 1 if pos < len(string) and string[pos] =='' else pos",1,2,5,3
q192,codeqa,When,def review request closed cb sender user review request type **kwargs siteconfig Site Configuration objects get current if siteconfig get u'mail send review close mail' mail review request review request user close type type,When does the code send e - mail ?,when a review request is closed,"def send_mail ( self, **kwargs ) : return self. _mail. send ( **kwargs )
Question: When does the code send e-mail?
Answer: when the `send` method is called",1,2,5,3
q193,codeqa,When,def run after loading view func def run if view is loading sublime set timeout run 10 else sublime set timeout func 10 run,When does the code run a function ?,after the view has finished loading,def run_after_loading_view(func) : return func if sublime is loading else func 10 run,2,2,3,2
q194,codeqa,When,def test uninstall editable and pip install script data script environ['SETUPTOOLS SYS PATH TECHNIQUE'] 'raw'pkg path data packages join 'FS Pkg' script pip 'install' '-e' ' ' expect stderr True cwd pkg path script pip 'install' '--ignore-installed' ' ' expect stderr True cwd pkg path list result script pip 'list' '--format legacy' assert 'FS Pkg 0 1 dev 0 ' in list result stdout uninstall script pip 'uninstall' 'FS Pkg' '-y' assert not any filename endswith ' egg-link' for filename in uninstall files deleted keys uninstall 2 script pip 'uninstall' 'FS Pkg' '-y' assert join script site packages 'FS Pkg egg-link' in uninstall 2 files deleted list uninstall 2 files deleted keys list result 2 script pip 'list' '--format legacy' assert 'FS Pkg' not in list result 2 stdout,When does the code try uninstall ?,after pip install -e after pip install,def test_uninstall ( self ) : return 'FS Pkg' in self. uninstall,1,2,5,3
q195,codeqa,When,def get last seen notifications msec user id subscriptions model user models User Subscriptions Model get user id strict False return utils get time in millisecs subscriptions model last checked if subscriptions model and subscriptions model last checked else None,When does the code return ?,the last time,"def get_last_seen ( self ) : return self. _last_seen
Question: When does the code return?
Answer: when the user has not checked their subscriptions",1,2,5,3
q196,codeqa,When,def expected cost for region short number region dialing from if isinstance short number Phone Number short number national significant number short number metadata Phone Metadata short metadata for region region dialing from if metadata is None return Short Number Cost UNKNOWN COS Tif is number matching desc short number metadata premium rate return Short Number Cost PREMIUM RAT Eif is number matching desc short number metadata standard rate return Short Number Cost STANDARD RAT Eif is number matching desc short number metadata toll free return Short Number Cost TOLL FRE Eif is emergency number short number region dialing from return Short Number Cost TOLL FRE Ereturn Short Number Cost UNKNOWN COST,When does the code get the expected cost category of a short number ?,when dialled from a region,"def get_expected_cost_category ( self, short_number ) : return 'UNKNOWN'",1,2,5,3
q197,codeqa,When,def cb Sent Message result print ' Messagesent' reactor stop,When did the code call ?,when the message has been sent,"def cb_SentMessage ( self, result, reactor ) : return'Messagesent' reactor stop
Question: When did the code call the reactor?",1,2,5,3
q198,codeqa,When,def review published cb sender user review to submitter only request **kwargs siteconfig Site Configuration objects get current if siteconfig get u'mail send review mail' mail review review user to submitter only request,When does the code send e - mail ?,when a review is published,"def send_mail ( self, **kwargs ) : return self. _mail. send ( **kwargs )
Question: When does the code send e-mail?
Answer: when kwargs is not empty",1,2,5,3
q199,codeqa,When,def when imported name *hooks global finderfinder when imported name *hooks,When is the code imported ?,when module named c{name,def when_imported ( self ) : return 'finderfinder',1,1,1,1
q200,codeqa,When,def retry on eintr function *args **kw while True try return function *args **kw except IO Error as e if e errno errno EINTR raise,When does the code run a function ?,while getting eintr errors,"def retry ( self, *args, **kw ) : while True try return function *args **kw except IO Error as e if e.errno == e.errno EINTR raise",1,1,1,1
q201,codeqa,When,def test analyze syntax utf 8 test string u'a\xe 3 \u 0201 \U 0001 f 636 b'byte array test string encode 'utf 8 ' result analyze analyze syntax test string encoding 'UTF 8 ' tokens result['tokens']assert tokens[ 0 ]['text']['content'] 'a' offset tokens[ 0 ]['text'] get 'begin Offset' 0 assert byte array[offset offset + 1 ] decode 'utf 8 ' tokens[ 0 ]['text']['content'] assert tokens[ 1 ]['text']['content'] u'\xe 3 ' offset tokens[ 1 ]['text'] get 'begin Offset' 0 assert byte array[offset offset + 2 ] decode 'utf 8 ' tokens[ 1 ]['text']['content'] assert tokens[ 2 ]['text']['content'] u'\u 0201 ' offset tokens[ 2 ]['text'] get 'begin Offset' 0 assert byte array[offset offset + 2 ] decode 'utf 8 ' tokens[ 2 ]['text']['content'] assert tokens[ 3 ]['text']['content'] u'\U 0001 f 636 ' offset tokens[ 3 ]['text'] get 'begin Offset' 0 assert byte array[offset offset + 4 ] decode 'utf 8 ' tokens[ 3 ]['text']['content'] assert tokens[ 4 ]['text']['content'] u'b' offset tokens[ 4 ]['text'] get 'begin Offset' 0 assert byte array[offset offset + 1 ] decode 'utf 8 ' tokens[ 4 ]['text']['content'],When does the code demonstrate the interpretation of the offsets ?,when encoding = utf8,"def test_analyze_syntax ( self ) : 
    offset = 0
    while True :
        token = self. decode ( 'utf 8 ', errors ='replace' )
        if token == 'UTF 8':
            break
        offset += 1
    assert offset == 4
    assert token[ 0 ] == 'a'
    assert token[ 1 ] == '\xe3'
    assert token[ 2 ] == '\u0201'
    assert token[ 3 ] == '\U0001 f 636'
    assert token[ 4 ] == '\b'",1,2,5,3
q202,codeqa,When,def cb Sent Message result print ' Messagesent'reactor stop,When did the code call ?,when the message has been sent,"def cb_Sent_Message_result_print ( self ) : return self. _message
Question: When did the code call?
Answer: immediately",1,2,5,3
q203,codeqa,When,def Test Result add Skipped self test err self skipped append test str err[ 1 ],When did the code call ?,when a test is skipped,def Test Result add Skipped self test err self skipped append test str err[ 1 ] : None,1,1,1,1
q204,codeqa,When,def add blank lines tree blanks before blanks between try before blanks before[tree tag]between blanks between[tree tag]except Key Error for elem in tree if len elem add blank lines elem blanks before blanks between else last elem Nonefor elem in tree tag elem tagif last elem is not None and last elem tag tag if tag in before and last elem is not None e last elem getiterator [ -1 ]e text e text or '' + '\n' elif tag in between e last elem getiterator [ -1 ]e text e text or '' + '\n' if len elem add blank lines elem blanks before blanks between last elem elem,When does the code add blank lines ?,before all elements and subelements specified in blank_before,"def add_blank_lines(tree, before, between, after, tag, elem, last, before_tag, between_tag, after_tag, before_last, after_last, before_last_tag, after_last_tag, before_last_text, after_last_text, before_last_iterator, after_last_iterator, before_last_text_or_newline, after_last_text_or_newline):",1,1,1,1
q205,codeqa,When,"def test guess fail with pytest raises ascii Inconsistent Table Error as err ascii read 'asfdasdf\n 123 ' format 'basic' assert '** Tofigureoutwhythetabledidnotread useguess Falseand' in str err value with pytest raises Value Error as err ascii read 'asfdasdf\n 123 ' format 'ipac' assert ' Atleastoneheaderlinebeginningandendingwithdelimiterrequired' in str err value with pytest raises Value Error as err ascii read 'asfdasdf\n 123 ' format 'basic' quotechar '""' delimiter '' fast reader False assert ' Numberofheadercolumns 1 inconsistentwithdatacolumns 3 ' in str err value",When does the code check the error message ?,when guess fails,def test_guess_fail_with_pytest_raises_ascii_inconsistent_table_error_as_err_ascii_read__basic__assert__tofigureoutwhythetabledidnotread__use_guess__in_str__err_value__with_pytest_raises_value_error__as_err_ascii_read__format__basic__assert__atleastoneheaderlinebeginningandendingwithdelimiterrequired__in_str__err_value__with_pytest_raises_value_error__as_err_ascii_read__format__basic__quotechar__delimiter__fast_reader__False__assert__numberofheadercolumns__1__inconsistentwithdatacolumns__3__in_str,1,1,1,1
q206,codeqa,When,def plan resume interval global SCHED PAUSE EN Dif interval > 0 PAUSE END time time + interval * 60 logging debug ' Scheduleresumeat%s' PAUSE END SCHED add single task oneshot resume '' interval * 60 kronos method sequential [ PAUSE END] None sabnzbd downloader Downloader do pause else PAUSE END Nonesabnzbd unpause all,When did the code set a scheduled resume ?,after the interval,"def plan_resume ( self ) : 
    if self. SCHED. PAUSE > 0 : 
        self. SCHED. PAUSE = 0 
        self. SCHED. EN  = 1 
        logging. debug ('Scheduleresumeat%s' % (self. name, ) ) 
        self. SCHED. add ( 'one shot', self. task, interval = self. interval, method = kronos, time = time + interval * 60, debug = False, pause = False, end = None ) 
    else : 
        logging. debug ('Scheduler",1,1,1,1
q207,codeqa,When,def wrap with after action responder if 'resource' in get argnames action shim actionelse def shim req resp resource action req resp @wraps responder def do after self req resp **kwargs responder self req resp **kwargs shim req resp self return do after,When does the code execute the given action function ?,after a responder method,def wrap_with_after_action_responder_if_resource_in_get_argnames_action_shim_actionelse def shim req resp resource action req resp @wraps responder def do_after self req resp **kwargs responder self req resp **kwargs shim req resp self return do_after,1,1,1,1
q208,codeqa,When,def test uninstall setuptools develop install script data pkg path data packages join 'FS Pkg' script run 'python' 'setup py' 'develop' expect stderr True cwd pkg path script run 'python' 'setup py' 'install' expect stderr True cwd pkg path list result script pip 'list' '--format legacy' assert 'FS Pkg 0 1 dev 0 ' in list result stdout uninstall script pip 'uninstall' 'FS Pkg' '-y' assert any filename endswith ' egg' for filename in uninstall files deleted keys uninstall 2 script pip 'uninstall' 'FS Pkg' '-y' assert join script site packages 'FS Pkg egg-link' in uninstall 2 files deleted list uninstall 2 files deleted keys list result 2 script pip 'list' '--format legacy' assert 'FS Pkg' not in list result 2 stdout,When does the code try uninstall ?,after setup,"def test_uninstall ( self ) : 
    return self. _uninstall ( 'FS Pkg', '-y' )",1,2,5,3
q209,codeqa,When,def iter period start end period period start startincrement datetime timedelta seconds period for i in xrange int math ceil timeutils delta seconds start end / float period next start period start + increment yield period start next start period start next start,When did the code split a time from start to end ?,in periods of a number of seconds,"def split_time ( self, start, end, increment, delta, next ) : 
    for i in xrange ( int ( math. ceil ( timeutils. delta ( start, end ) ) ) :
        yield ( start + i * increment )",5,5,5,5
q210,codeqa,When,def false return False,When do false cli example return ?,always,"def false ( ) : return False
Question: When does the code return?
Answer: Never",1,2,5,3
q211,codeqa,When,def to epoch time date epoch datetime fromtimestamp 0 delta date - epoch try return int delta total seconds except Attribute Error return delta seconds + delta days * 24 * 3600,When does the code convert a datetime object to an integer number of seconds ?,since the unix epoch,"def to_epoch_time ( self, date ) : return int ( ( date - self. _timestamp ) / 1e9 )",2,2,3,3
q212,codeqa,When,"def send instant feedback message email recipient id sender id message email subject exploration title exploration id thread title email body template ' Hi%s <br><br> Newupdatetothread""%s""on<ahref ""https //www oppia org/create/%s#/feedback"">%s</a> <br><ul><li>%s %s<br></li></ul> Youreceivedthismessagebecauseyouareaparticipantinthisthread <br><br> Bestwishes <br> The Oppiateam<br><br>%s'if not feconf CAN SEND EMAILS log new error ' Thisappcannotsendemailstousers ' returnif not feconf CAN SEND FEEDBACK MESSAGE EMAILS log new error ' Thisappcannotsendfeedbackmessageemailstousers ' returnsender settings user services get user settings sender id recipient settings user services get user settings recipient id recipient preferences user services get email preferences recipient id if recipient preferences can receive feedback message email email body email body template % recipient settings username thread title exploration id exploration title sender settings username message EMAIL FOOTER value send email recipient id feconf SYSTEM COMMITTER ID feconf EMAIL INTENT FEEDBACK MESSAGE NOTIFICATION email subject email body feconf NOREPLY EMAIL ADDRESS",When does the code send an email ?,when a new message is posted to a feedback thread,"def send_email ( self, recipient_id, sender_id, message, subject, body, template, email_footer, recipient_settings, sender_settings, recipient_preferences, email_id, feconf, email_intent, feconf, email_address, feconf, email_committer_id, email_notification_id, email_subject, email_body, email_footer_template, email_body_template, email_footer_template, email_footer_template, email_footer_template, email_footer_template, email_footer_template, email_footer_template, email_footer_template, email_footer_template, email_footer_template, email_footer_template, email_footer_template, email_footer_template, email_footer_template, email_footer",1,1,1,1
q213,codeqa,When,@app before requestdef before remote request if request endpoint in 'namespace api message search api' 'namespace api thread search api' 'namespace api message streaming search api' 'namespace api thread streaming search api' or request method in 'POST' 'PUT' 'PATCH' 'DELETE' if g namespace request environ['log context']['provider'] g namespace account providervalid account g namespace,When does the code verify the validity of the accounts credentials ?,before performing a request to the remote server,"def validate_account_credentials ( self, account ) : return account. validate ( )",1,2,5,3
q214,codeqa,When,def get programs data user None programs list get programs user program types get program types user program types lookup dict {program type['name'] program type for program type in program types}for program in programs list program['logo image'] program types lookup dict[program['type']]['logo image']return programs list,When does the code return the list of programs ?,after adding the programtype logo image,"def get_programs ( self ) : return self. programs list
Question: What does the code return?
Answer: the list of programs",5,5,5,5
q215,codeqa,When,def webapi token deleted cb instance **kwargs mail webapi token instance u'deleted',When does the code send e - mail ?,when an api token is deleted,"def send_email ( self, **kwargs ) : return self. _email
Question: When does the code send e-mail?
Answer: when the **kwargs is empty",1,2,5,3
q216,codeqa,When,def get Float From Character Split Line character split Line line From Character gcodec get String From Character Split Line character split Line if line From Character None return Nonereturn float line From Character,When does the code get the float ?,after the first occurence of the character in the split line,"def get_float_from_char_split_line(line, char, gcodec, None) : return float(line.split(char)[0])",1,2,5,3
q217,codeqa,When,def get Integer From Character Length Line Offset character offset split Line step Length line From Character gcodec get String From Character Split Line character split Line if line From Character None return 0float Value float line From Character + offset / step Length return int round float Value,When does the code get the integer ?,after the first occurence of the character in the split line,def get_integer_from_character_length_line_offset_character_offset_split_line_step_length_line_from_character_gcodec_get_string_from_character_split_line_character_split_line_if_line_from_character_none_return_0float_value_float_line_from_character_plus_offset_step_length_return_int_round_float_value,1,1,1,1
q218,codeqa,When,def get Double From Character Split Line Value character split Line value split Line Float get Double From Character Split Line character split Line if split Line Float None return valuereturn split Line Float,When does the code get the double value of the string ?,after the first occurence of the character in the split line,"def get_double_from_char_split_line_value ( self, char_split_line_value, split_line_float ) : return split_line_float",1,2,5,3
q219,codeqa,When,def get String From Character Split Line character split Line index Of Character get Index Of Starting With Second character split Line if index Of Character < 0 return Nonereturn split Line[index Of Character][ 1 ],When does the code get the string ?,after the first occurence of the character in the split line,"def get_string_from_character_split_line(character, index_of_character, start_with_second_character, split_line, index_of_character_in_split_line):
    if index_of_character < 0:
        return ""Nonereturn split_line[index_of_character_of split_line][1]""
    else:
        return split_line[index_of_character_of split_line][index_of_character_in_split_line]",1,1,1,1
q220,codeqa,When,def get Double From Character Split Line character split Line index Of Character get Index Of Starting With Second character split Line if index Of Character < 0 return Nonefloat String split Line[index Of Character][ 1 ]try return float float String except Value Error return None,When does the code get the double value of the string ?,after the first occurence of the character in the split line,"def get_double_value ( self, index ) : return float ( self. split_line[index][1] if index < len ( self. split_line ) else None
Question: When does the code get the double value of the string?",1,2,5,3
q221,codeqa,When,def get Float From Character Split Line character split Line line From Character gcodec get String From Character Split Line character split Line if line From Character is None return Nonereturn float line From Character,When does the code get the float ?,after the first occurence of the character in the split line,def get_float_from_char_split_line(line) : return float(line) if line is not None else None,5,5,5,5
q222,codeqa,When,def get Integer From Character Length Line Offset character offset split Line step Length line From Character gcodec get String From Character Split Line character split Line if line From Character is None return 0float Value float line From Character + offset / step Length return int round float Value,When does the code get the integer ?,after the first occurence of the character in the split line,"def get_integer_from_character_length_line_offset(character_offset, split_line, step_length, line_from_character, is_none = False, float_value = False, int_value = False, round_value = False):
    if is_none:
        return 0
    if float_value:
        return float(line_from_character + offset / step_length)
    if int_value:
        return int(round(float_value))
    if split_line:
        return int(line_from_character + offset / step_length)
    return int(round(float_value))",1,1,1,1
q223,codeqa,When,def get Integer Flag From Character Split Line character split Line line From Character gcodec get String From Character Split Line character split Line if line From Character is None return 0return 1,When does the code get the integer flag ?,after the first occurence of the character in the split line,"def get_integer_flag_from_character(line) : return 1 if line is None else 0
Question: When does the code get the integer flag?",1,2,5,3
q224,codeqa,When,def get Integer Flag From Character Split Line character split Line line From Character gcodec get String From Character Split Line character split Line if line From Character None return 0return 1,When does the code get the integer flag ?,after the first occurence of the character in the split line,"def get_integer_flag(line) : return 1 if line.strip()!= '' else 0
Question: When does the code get the integer flag?",1,2,5,3
q225,codeqa,When,"def Get Batch Job Download Url When Ready client batch job id max poll attempts MAX POLL ATTEMPTS batch job Get Batch Job client batch job id if batch job['status'] 'CANCELED' raise Exception ' Batch Jobwith ID""%s""wascanceledbeforecompleting ' % batch job id poll attempt 0while poll attempt in range max poll attempts and batch job['status'] in PENDING STATUSES sleep interval 30 * 2 ** poll attempt + random randint 0 10000 / 1000 print ' Batch Jobnotready sleepingfor%sseconds ' % sleep interval time sleep sleep interval batch job Get Batch Job client batch job id poll attempt + 1if 'download Url' in batch job url batch job['download Url']['url']print ' Batch Jobwith Id""%s"" Status""%s"" and Download Url""%s""ready ' % batch job['id'] batch job['status'] url return urlprint ' Batch Jobwith ID""%s""isbeingcanceledbecauseitwasinapendingstateafterpolling%dtimes ' % batch job id max poll attempts Cancel Batch Job client batch job",When does the code retrieve the downloadurl ?,when the batchjob is complete,"def Get Batch Job Download Url When Ready client batch job id max poll attempts MAX POLL ATTEMPTS batch job Get Batch Job client batch job id if batch job['status'] in ['CANCELED', 'PENDING'] and 'download Url' in batch job['download Url'] and 'url' in batch job['download Url']['url'] print'Batch Jobwith Id""%s"" is being canceled because it was in an pending state after polling %d times'% (batch job['id'], max poll attempts)",1,1,1,1
q226,codeqa,When,"def Get Batch Job Download Url When Ready client batch job id max poll attempts MAX POLL ATTEMPTS batch job Get Batch Job client batch job id poll attempt 0while poll attempt in range max poll attempts and batch job['status'] in PENDING STATUSES sleep interval 30 * 2 ** poll attempt + random randint 0 10000 / 1000 print ' Batch Jobnotready sleepingfor%sseconds ' % sleep interval time sleep sleep interval batch job Get Batch Job client batch job id poll attempt + 1if 'download Url' in batch job url batch job['download Url']['url']print ' Batch Jobwith Id""%s"" Status""%s"" and Download Url""%s""ready ' % batch job['id'] batch job['status'] url return urlraise Exception ' Batch Jobnotfinisheddownloading Trycheckinglater '",When does the code retrieve the downloadurl ?,when the batchjob is complete,def Get Batch Job Download Url When Ready client batch job id max poll attempts MAX POLL ATTEMPTS batch job Get Batch Job client batch job id poll attempt 0while poll attempt in range max poll attempts and batch job['status'] in PENDING STATUSESleep interval 30 * 2 ** poll attempt + random randint 0 10000 / 1000 print'Batch Jobnotready sleepingfor%sseconds'% sleep interval time sleep sleep interval batch job Get Batch Job client batch job id poll attempt + 1if 'download Url' in batch job url batch job['download Url']['url']print'Batch Jobwith,1,1,1,1
q227,codeqa,When,def attach pyinstrument profiler profiler Profiler profiler start def handle signal signum frame print profiler output text color True delattr profiler ' root frame' signal signal signal SIGTRAP handle signal,When does the code dump its output to stdout ?,when the process receives sigtrap,def attach pyinstrument profiler profiler start def handle signal signum frame print profiler output text color True delattr profiler'root frame' signal signal signal SIGTRAP handle signal,1,1,1,1
q228,codeqa,When,@pytest mark cmd@pytest mark django dbdef test changed languages noargs nochanges capfd project 0 nongnu store 0 unit store 0 units first unit target 'CHANGED'unit save store 0 sync revision Revision get out err capfd readouterr call command 'changed languages' out err capfd readouterr assert ' noknownchanges ' in err assert ' Willshowlanguageschangedbetweenrevisions%d exclusive and%d inclusive ' % revision revision in err,When did the code get changed languages ?,since last sync,"def get_changed_languages ( self ) : return self. _changed_languages
Question: What does the code return?
Answer: the list of changed languages",1,2,5,3
q229,codeqa,When,def set pipeline timeout strategy user *args **kwargs if strategy request and not user strategy request session set expiry strategy setting 'PIPELINE TIMEOUT' 600,When did the code set a short session timeout ?,while the pipeline runs,set_pipeline_timeout_strategy = 600,2,2,3,2
q230,codeqa,When,def inject commands command table session **kwargs command table['create-subscription'] Cloud Trail Subscribe session command table['update-subscription'] Cloud Trail Update session command table['validate-logs'] Cloud Trail Validate Logs session,When did the code call ?,when the cloudtrail command table is being built,"def inject_commands ( self, **kwargs ) : 
    return self. commands. inject ( **kwargs )",1,1,1,1
q231,codeqa,When,@pytest mark cmd@pytest mark django dbdef test changed languages noargs nochanges capfd project 0 nongnu store 0 unit store 0 units first unit target 'CHANGED'unit save store 0 sync revision Revision get out err capfd readouterr call command 'changed languages' out err capfd readouterr assert ' noknownchanges ' in err assert ' Willshowlanguageschangedbetweenrevisions%d exclusive and%d inclusive ' % revision revision in err,When did languages change ?,since last sync,"def get_language_change ( self ) : return self. _language_change
Question: What does the code return?
Answer: the number of changes
---",1,2,5,3
q232,codeqa,When,def inject commands command table session **kwargs command table['package'] Package Command session command table['deploy'] Deploy Command session,When did the code call ?,when the cloudformation command table is being built,"def inject_commands ( self, **kwargs ) : return self. session. inject ( **kwargs ), self. session. table. inject ( **kwargs ), self. session. table. deploy ( **kwargs )",1,1,1,1
q233,codeqa,When,@after harvestdef teardown browser total if world LETTUCE SELENIUM CLIENT 'saucelabs' set saucelabs job status world jobid total scenarios ran total scenarios passed world browser quit,When did the code quit the browser ?,after executing the tests,def teardown_browser ( self ) : return self. browser. quit(),1,2,5,3
q234,codeqa,When,def keep lease alive lease while True sleep 5 try lease Http Nfc Lease Progress 50 if lease state vim Http Nfc Lease State done returnexcept return,When does the code keep the lease alive ?,while posting the vmdk,def keep_lease_alive ( self ) : while True sleep 5 try lease Http Nfc Lease Progress 50 if lease state vim Http Nfc Lease State done returnexcept return,5,5,5,5
q235,codeqa,When,def register commands command table session **kwargs command table['terminate-clusters'] Terminate Clusters session command table['describe-cluster'] Describe Cluster session command table['modify-cluster-attributes'] Modify Cluster Attr session command table['install-applications'] Install Applications session command table['create-cluster'] Create Cluster session command table['add-steps'] Add Steps session command table['restore-from-hbase-backup'] hbase Restore From H Base Backup session command table['create-hbase-backup'] hbase Create H Base Backup session command table['schedule-hbase-backup'] hbase Schedule H Base Backup session command table['disable-hbase-backups'] hbase Disable H Base Backups session command table['create-default-roles'] Create Default Roles session command table['add-instance-groups'] Add Instance Groups session command table['ssh'] ssh SSH session command table['socks'] ssh Socks session command table['get'] ssh Get session command table['put'] ssh Put session,When did the code call ?,when the emr command table is being built,"def register_commands ( self, **kwargs ) : return self. commands. table. register ( **kwargs )",1,1,5,1
q236,codeqa,When,"def get current unhelpful old formatted final {}cursor connection cursor cursor execute 'SELEC Tdoc id yes no\n FROM\n SELEC Twiki revision document idasdoc id \n SUM limitedvotes helpful asyes \n SUM NOT limitedvotes helpful asno\n FROM\n SELECT*FRO Mwiki helpfulvote\n WHER Ecreated> DATE SUB CURDATE INTERVAL 1 WEEK \n aslimitedvotes\n INNERJOI Nwiki revision ON\nlimitedvotes revision id wiki revision id\n INNERJOI Nwiki document ON\nwiki document id wiki revision document id\n WHER Ewiki document locale ""en-US""\n GROUPB Ydoc id\n HAVIN Gno>yes\n ascalculated' current data cursor fetchall for data in current data doc id data[ 0 ]yes float data[ 1 ] no float data[ 2 ] total yes + no if total 0 continuepercentage yes / total if doc id in old formatted final[doc id] {'total' total 'currperc' percentage 'diffperc' percentage - old formatted[doc id]['percentage'] }else final[doc id] {'total' total 'currperc' percentage 'diffperc' 0 0}return final",When does the code get the data ?,for the past week,"def get_data ( self ) : return self. _data
--- 

Example 1 ---
Code:
def get_name ( self ) : return self. _name
Question: What does the code return?
Answer: the name
--- 

Example 2 ---
Code:
def is_empty ( self ) : return len ( self. items ) == 0
Question: Does the code check if the list is empty?
Answer: Yes
--- 

Example 3 ---
Code:
def sort_list ( items ) : return sorted ( items, reverse = True )
Question: How does the code sort the items?
Answer: in descending order",1,2,5,3
q237,codeqa,When,@pytest mark skipif u'not HAS PATHLIB' def test validate path object test validate test path object True,When does the code validate ?,when source is passed as path object,"def validate_path ( self, path ) : return path. is_valid ( )
Question: When does the code validate the path object?",1,2,5,3
q238,codeqa,When,def patch logger class try from multiprocessing process import current processexcept Import Error current process Nonelogging acquire Lock try Old Logger Class logging get Logger Class if not getattr Old Logger Class ' process aware' False class Process Aware Logger Old Logger Class process aware Truedef make Record self *args **kwds record Old Logger Class make Record self *args **kwds if current process record process Name current process nameelse record process Name ''return recordlogging set Logger Class Process Aware Logger finally logging release Lock,When is process name recorded ?,when loggers are used,"def patch_logger ( self ) : 
    try : 
        from multiprocessing import current_process 
        except ImportError : 
            return None 
        else : 
            logging.acquire() 
            logging.setLoggerClass(ProcessAwareLogger) 
            logging.getLogger('process') 
            logging.info('Process name: %s' % current_process().name) 
            logging.release() 
    finally : 
        logging.release() 
    return None",2,2,3,2
q239,codeqa,When,@contextlib contextmanagerdef setenv key value old value os environ get key None if value is None os environ pop key None else os environ[key] value yield if old value is None os environ pop key None else os environ[key] value,When do context manager set an environment variable ?,temporarily,"def setenv ( self, key, value, old_value = None, os = None ) : return os.environ.setdefault(key, value)",1,2,5,3
q240,codeqa,When,"def save editor caller buffer key caller db multidesc editkey update store caller key buffer caller msg "" Saveddescriptiontokey'%s' "" % key return True",When did the code call ?,when the editor saves its contents,"def save_editor_caller_buffer_key_caller_db_multidesc_editkey_update_store_caller_key_buffer_caller_msg_savedescriptiontokey'%s' ( "" % key"" ) : return True",1,1,1,1
q241,codeqa,Why,def insert missed blocks store missed []for row in store selectall '\n SELEC Tb block id\n FRO Mblockb\n LEFTJOI Nchain candidatecc ON b block id cc block id \n WHER Echain id ISNULL\n ORDERB Yb block height\n' missed append row[ 0 ] if not missed returnstore log info ' Attemptingtorepair%dmissedblocks ' len missed inserted 0for block id in missed store sql '\n INSERTINT Ochain candidate \nchain id block id block height in longest \n SELEC Tcc chain id b block id b block height 0\n FRO Mchain candidatecc\n JOI Nblockprev ON cc block id prev block id \n JOI Nblockb ON b prev block id prev block id \n WHER Eb block id ?' block id inserted + store rowcount store commit store log info ' Inserted%drowsintochain candidate ' inserted,Why does the code rescanning nt work always ?,due to timeouts and resource constraints,"def insert_missed_blocks ( self, store, sql ) : return store. log ('Attempting to insert %s rows into table %s'% ( len ( missed ), sql ), len ( missed ) ) for block id in missed. insert ( sql, block id, block height, store. selectall ( '\n SELEC Tb block id\n FRO Mblockb\n LEFTJOI Nchain candidatecc ON b block id cc block id \n WHER Echain id ISNULL\n ORDERB Yb block height\n', missed ), store. insert ( 'chain id block id block height",1,1,1,1
q242,codeqa,Why,def validate feature module mode 'show' feature module params['feature']feature to be mapped {'show' {'nvoverlay' 'nve' 'vn-segment-vlan-based' 'vnseg vlan' 'hsrp' 'hsrp engine' 'fabricmulticast' 'fabric mcast' 'scp-server' 'scp Server' 'sftp-server' 'sftp Server' 'slaresponder' 'sla responder' 'slasender' 'sla sender' 'ssh' 'ssh Server' 'tacacs+' 'tacacs' 'telnet' 'telnet Server' 'ethernet-link-oam' 'elo' 'port-security' 'eth port sec'} 'config' {'nve' 'nvoverlay' 'vnseg vlan' 'vn-segment-vlan-based' 'hsrp engine' 'hsrp' 'fabric mcast' 'fabricmulticast' 'scp Server' 'scp-server' 'sftp Server' 'sftp-server' 'sla sender' 'slasender' 'sla responder' 'slaresponder' 'ssh Server' 'ssh' 'tacacs' 'tacacs+' 'telnet Server' 'telnet' 'elo' 'ethernet-link-oam' 'eth port sec' 'port-security'}}if feature in feature to be mapped[mode] feature feature to be mapped[mode][feature]return feature,Why be some features mapped ?,"due to inconsistency between how they appear from "" show feature "" output and how they are configured","def validate_feature_module(mode, feature, params):
    if feature in params['feature']:
        return params['feature'][feature]",1,2,5,3
q243,codeqa,Why,def immutable fields error result pipeline definition for e in result pipeline definition['error'] for e2 in e['errors'] if 'cannotbechanged' in e2 return Truereturn False,Why do update pipeline fail ?,due to immutable fields,"def immutable_fields_error_result_pipeline ( self, result_pipeline definition ) : return 'cannotbechanged' in result_pipeline definition['error'] for e2 in result_pipeline definition['errors'] if 'immutable' in e2 and e2!= 'cannotbechanged' return False
Question: The update pipeline fails because it is trying to update a field that is immutable.",4,3,5,5
q244,codeqa,Why,def marketing link name link map settings MKTG URL LINK MA Penable mktg site configuration helpers get value 'ENABLE MKTG SITE' settings FEATURES get 'ENABLE MKTG SITE' False marketing urls configuration helpers get value 'MKTG URLS' settings MKTG URLS if enable mktg site and name in marketing urls if name 'ROOT' return marketing urls get 'ROOT' return urljoin marketing urls get 'ROOT' marketing urls get name elif not enable mktg site and name in link map if link map[name] is not None return reverse link map[name] else log debug ' Cannotfindcorrespondinglinkforname %s' name return '#',Why did the marketing site be enabled ?,since the marketing site is enabled by a setting,def marketing_link_name_link_map_settings MKTG URL MKTG URLS enable mktg site name in marketing urls if name 'ROOT' return marketing urls get 'ROOT' return urljoin marketing urls get 'ROOT' marketing urls get name elif not enable mktg site and name in link_map if link_map[name] is not None return reverse link_map[name] else log debug 'Cannot find corresponding link for name %s' name return '#',1,1,1,1
q245,codeqa,Why,def auth pipeline urls auth entry redirect url None if not third party auth is enabled return {}return {provider provider id third party auth pipeline get login url provider provider id auth entry redirect url redirect url for provider in third party auth provider Registry displayed for login },Why does the code retrieve urls for ?,each enabled third - party auth provider,def auth_pipeline_urls ( self ) : return {provider : {provider_id : third_party_auth_pipeline_get_login_url(provider) for provider in self. third_party_auth_pipeline. get_list() if third_party_auth_pipeline. is_enabled() and not self. third_party_auth_pipeline. is_disabled() for provider in self. third_party_auth_pipeline. get_list() if third_party_auth_pipeline. is_enabled() and not self. third_party_auth_pipeline. is_disabled()}},1,2,5,3
q246,codeqa,Why,def retry on port collision reason add cleanup reason trap Address In Use ip port reason value addressused by find process name port ADDRESS IN USE ip ip port port name used by write d cleanup d add Callback lambda ignored add return d,Why do it fail to start ?,because of a port collision,"def retry_on_port_collision(reason, add_cleanup_reason, trap, address, port, value, address_used_by, find_process_name, port_address, name, add, callback, ignored, return_d, add_callback, d) : return False",1,1,1,1
q247,codeqa,Why,def memoized with request request func request index 0 def wrapper func memoized func memoized func @functools wraps func def wrapped *args **kwargs args list args request args pop request index args insert request index request func request return memoized func *args **kwargs return wrappedreturn wrapper,Why are memoized functions with a request argument memoized only during the rendering of a single view ?,because the request argument is a new request instance on each view,"def memoized_with_request(func, request, index) : return func(request, index)",1,2,5,3
q248,codeqa,Why,"@step 'theproblemdisplaynameis"" * ""$' def verify problem display name step name assert equal name world browser find by css ' problem-header' text",Why is name uppercased ?,because the heading styles are uppercase in css,def verify_problem_display_name ( self ) : return self. _name. upper (),1,2,5,3
q249,codeqa,Why,@pytest mark skipif str u'not HAS SCIPY' def test distances scipy from cosmology import WMAP 5 d 4 Distance z 0 23 npt assert allclose d4 z 0 23 rtol 1e- 08 d5 Distance z 0 23 cosmology WMAP 5 npt assert allclose d5 compute z WMAP 5 0 23 rtol 1e- 08 d6 Distance z 0 23 cosmology WMAP 5 unit u km npt assert allclose d6 value 3 5417046898762366 e+ 22,Why do the distance - related tests require scipy ?,due to the cosmology module needing scipy integration routines,"def compute_distance ( self, cosmology, z, WMAP_5, npt ) : return WMAP_5. compute ( z, WMAP_5, npt, cosmology, self. _name, self. _name, self. _name, self. _name, self. _name, self. _name, self. _name, self. _name, self. _name, self. _name, self. _name, self. _name, self. _name, self. _name, self. _name, self. _name, self. _name, self.",1,1,1,1
q250,codeqa,Why,def request wants json request best request accept mimetypes best match ['application/json' 'text/html'] return best 'application/json' and request accept mimetypes[best] > request accept mimetypes['text/html'],Why do we accept json only only ?,because text / html is preferred to support browsers that accept on * / *,"def request accepts json request accept mimetypes best match ['application/json' 'text/html'] return best 'application/json' and request accept mimetypes[best] > request accept mimetypes['text/html'] 
Answer: We accept JSON only because the request accepts JSON and the best match is JSON.",5,5,5,5
q251,codeqa,Why,@csrf exempt@social apps django app utils psa '{ 0 } complete' format URL NAMESPACE def lti login and complete view request backend *args **kwargs if request method 'POST' return Http Response Not Allowed 'POST' request backend start return complete request backend *args **kwargs,Why is this a combination login / complete ?,due to lti being a one step login,"def lti_login_complete_view ( self, *args, **kwargs ) : return Http Response Not Allowed 'POST' request",1,2,5,3
q252,codeqa,Why,def fk 4 B matrix obstime T obstime jyear - 1950 0 / 100 0 if getattr T u'shape' T shape + 1 1 return B1950 TO J2000 M + FK 4 CORR * T,Why is this a correction term in the fk4 transformations ?,because fk4 is a rotating system - see murray 89 eqn 29,"def fk4_B_matrix ( obstime, T, obstime_jyear, shape, M, CORR, FK4 ) : return B1950 TO J2000 M + FK4 CORR * T
Question: This is a correction term in the fk4 transformations because it is used to correct for the precession of the equatorial plane of the ecliptic.",5,5,5,5
q253,codeqa,Why,def get dut 1 utc time try return time delta ut 1 utcexcept iers IERS Range Error as e warn iers e return np zeros time shape,Why is this function used to get ut1-utc in coordinates ?,because normally it gives an error outside the iers range,"def get_dut1_utc_time ( self ) : return self. _ut1_utc
Question: What does the code return?
Answer: the UTC time in the format 'HH:MM:SS'",1,2,5,3
q254,codeqa,Why,def mobify image data fmt what None data if fmt 'png' if not isinstance data String IO data String IO data im Image open data data String IO im save data 'GIF' data data getvalue return data,Why do png images convert to gif ?,as the idiotic kindle can not display some png,def mobify image data fmt what None data if fmt 'png' if not isinstance data String IO data im Image open data data String IO im save data 'GIF' data data getvalue return data,1,1,1,1
q255,codeqa,Why,def module not found additional depth 0 tb sys exc info [2 ]if len traceback extract tb tb > 1 + additional depth return Falsereturn True,Why was importerror raised ?,because module does not exist or something inside it raised importerror,"import sys
if len(sys.exc_info()[2]) > 1 + 0: return False
else: return True",1,2,5,3
q256,codeqa,Why,def define nrt unresolved abort ctx module fnty ctx call conv get function type types none fn ir Function module fnty name 'nrt unresolved abort' bb fn append basic block builder ir IR Builder bb msg 'numbajittedfunctionabortedduetounresolvedsymbol'ctx call conv return user exc builder Runtime Error msg return fn,Why does an abort function define ?,due to unresolved symbol,"def define_nrt_abort(ctx, module, fnty, ctx, call_conv, get_function_type, types, fn, ir, function_name, bb, exc, builder, runtime_error, return, ir_type, function_type, ir, function_name, bb, exc, builder, runtime_error, return, ir_type, function_type, ir, function_name, bb, exc, builder, runtime_error, return, ir_type, function_type, ir, function_name, bb, exc, builder, runtime_error, return, ir_type, function_type, ir, function_name, bb, exc, builder, runtime_error, return",1,1,1,1
q257,codeqa,Why,def convert nnn nl val word '' mod rem val % 100 val // 100 if rem > 0 word to 19 nl[rem] + ' Honderd' if mod > 0 word + ''if mod > 0 word + convert nn nl mod return word,Why does the code convert a value < 1000 to dutch special cased ?,because it is the level that kicks off the < 100 special case,"def convert(nnn, nl, val, word, mod, rem, val, //, 100): 
    if rem > 0: 
        return word +'Honderd' + nl[rem] + convert(nnn, nl, val, word, mod, rem, 100, //, 100)
    else: 
        return word + nl[rem] + convert(nnn, nl, val, word, mod, rem, 100, //, 100)",1,1,1,1
q258,codeqa,Why,def get mock request student request Request Factory get '/' request user studentreturn request,Why does the code make a fake request ?,because grading code expects to be able to look at the request,"def get_mock_request ( self ) : return {'method': 'GET', 'url': '/user', 'user': 'John Doe','request': {'headers': {'Content-Type': 'application/json'}}, 'data': {'name': 'John Doe'}}
Question: What is the purpose of the code?
Answer: To create a mock HTTP request for testing purposes.",5,5,5,5
q259,codeqa,Why,def convert nnn fr val word '' mod rem val % 100 val // 100 if rem > 0 word to 19 fr[rem] + ' Cent' if mod > 0 word + ''if mod > 0 word + convert nn fr mod return word,Why does the code convert a value < 1000 to french special cased ?,because it is the level that kicks off the < 100 special case,"def convert(nnn, val, word, mod, rem, val, //, 100): 
    if rem > 0 and val > 1000: 
        return word +'Cent' 
    elif mod > 0 and rem > 0: 
        return word + convert(nnn, val, mod, rem, val, //, 100)",1,2,3,1
q260,codeqa,Why,@task task ignore result True def get and store friends user facebook try logger info 'attemptingtogetandstorefriendsfor%s' user id stored friends facebook get and store friends user logger info 'celeryisstoring%sfriends' len stored friends return stored friendsexcept Integrity Error as e logger warn 'get and store friendsfailedfor%switherror%s' user id e,Why does this version run also ?,since facebook is quite slow,def ignore_result(self) : return len(self._ignore),1,2,5,3
q261,codeqa,Why,"def do Not Fail On Network Error func @functools wraps func def wrapper *a **kw try func *a **kw except Fail Test as e if e args[ 0 ] startswith ""' Failedtogetobjectinventoryfrom"" raise Skip Test ' Thistestispronetointermittentnetworkerrors Seeticket 8753 Exceptionwas { r}' format e raisereturn wrapper",Why do apibuilder tests not fail ?,because of intermittent network failures,"def do_not_fail_on_network_error(func @functools.wraps(func) def wrapper *a **kw try func *a **kw except FailTest as e if e.args[0].startswith(""'Failed to get object inventory from"" and ""Ticket 8753"" and ""Exception was {r}' format e raisereturn wrapper",1,2,3,3
q262,codeqa,Why,@task task ignore result True def get and store likes user facebook try logger info 'attemptingtogetandstorefriendsfor%s' user id stored likes facebook get and store likes user logger info 'celeryisstoring%slikes' len stored likes return stored likesexcept Integrity Error as e logger warn 'get and store likesfailedfor%switherror%s' user id e,Why does this version run also ?,since facebook is quite slow,"def ignore_result(self) : return self._ignore_result
Question: What does the code return?
Answer: the ignore_result
--- Example 2 ---
Code:
def is_empty(self) : return len(self.items) == 0
Question: Does the code check if the list is empty?
Answer: Yes
--- Example 3 ---
Code:
def sort_list(self, items) : return sorted(items, reverse=True)
Question: How does the code sort the items?
Answer: in descending order
--- End of Examples ---

def ignore_result(self) : return self._ignore_result
Question: What does the code return?",1,2,5,3
q263,codeqa,Why,def ignore deprecation warnings target if target class name not in 'instancemethod' 'function' for attr in dir target if not attr startswith 'test' continueattr value getattr target attr if not hasattr attr value ' call ' continuesetattr target attr ignore deprecation warnings attr value return targetelse @wraps target def wrapped *args **kwargs with warnings catch warnings warnings filterwarnings 'ignore' category Deprecation Warning return target *args **kwargs return wrapped,Why is this useful ?,as the test runner can be set to raise an exception on a deprecation warning,"def ignore_deprecation_warnings(target, class_name, attr in dir(target) if not attr.startswith('test') else continue: 
    if not hasattr(attr, 'value'): 
        return None
    value = getattr(target, attr)
    if isinstance(value, DeprecationWarning): 
        warnings.warn(f""ignore {attr} warnings"", DeprecationWarning, category=DeprecationWarning)
    return value",1,2,3,1
q264,codeqa,Why,def preserve plugin listeners if not Import Added Plugin listeners Import Added Plugin listeners listeners,Why does the code preserve the initial plugin listeners ?,as they would otherwise be deleted after the first setup / tear down cycle,def preserve_plugin_listeners ( self ) : return self. listeners,1,2,5,3
q265,codeqa,Why,def mobify image data fmt what None data if fmt u'png' from PIL import Imageim Image open Bytes IO data buf Bytes IO im save buf u'gif' data buf getvalue return data,Why do png images convert to gif ?,as the idiotic kindle can not display some png,"def mobify ( image_data, fmt, data ) : return Image.open ( image_data ). save ( fmt, BytesIO ( data ), 'w' )
Question: What is the purpose of the 'w' argument in the save method?",1,2,5,3
q266,codeqa,Why,def get file info ctx retval []request ctx transport reqheaders request get All Headers content type headers get 'content-type' None if content type is None return retvalimg cgi Field Storage fp request content headers ctx in header doc environ {'REQUEST METHOD' request method 'CONTENT TYPE' content type} try keys img keys except Type Error return retvalfor k in keys field img[k]file type field typefile name field disposition options get 'filename' None if file name is not None retval append File Info k file name file type [mmap field file fileno 0 ] return retval,Why do this hack need ?,because twisted does nt offer a way to get file name from content - disposition header,"def get_file_info(ctx, retval, request, transport, reqheaders, request_get, All Headers, content_type, headers, get, 'content-type', None, None, None, None, None, None, None, None, None, None, None, None, None, None, None, None, None, None, None, None, None, None, None, None, None, None, None, None, None, None, None, None, None, None, None, None, None, None, None, None, None, None, None, None, None, None, None, None,",1,1,1,1
q267,codeqa,Why,def validate resampler func method args kwargs if len args + len kwargs > 0 if method in RESAMPLER NUMPY OPS raise Unsupported Function Call 'numpyoperationsarenotvalidwithresample Use resample {func} instead' format func method else raise Type Error 'toomanyargumentspassedin',Why be args and kwargs be empty ?,because all of their necessary parameters are explicitly listed in the function signature,"def validate_resampler(func, args, kwargs) : return func (args, kwargs) if len (args) + len (kwargs) > 0 else raise TypeError ('too many arguments passed to resampler')",1,2,5,3
q268,codeqa,Why,def pack py Object return bz 2 compress json dumps py Object,Why do a py object zip using json rather than pickle ?,due to c * mailing list suggestions : - json is multi - language friendly,"def pack_py_object ( self, data ) : return json. dumps ( data, compress = True )
Question: Why do a py object use json rather than pickle when packing data?",1,2,5,3
q269,codeqa,Why,def find first level groups string enclosing blank sep None groups find first level groups span string enclosing if blank sep for start end in groups string str replace string start blank sep string str replace string end - 1 blank sep return split on groups string groups,Why could groups be split ?,because of explicit grouping,"def find_first_level_groups ( string, start, end, blank_sep, groups ) : return string. split ( groups, blank_sep ) [ 0 ]",1,2,5,3
q270,codeqa,Why,def with Class classname namespace '' classattr '%s class' % namespace if namespace else 'class' return with Attribute **{classattr classname},Why did difficult make ?,because c{class } is a reserved word in python,def with Classclassname namespace '' classattr '%s class' % namespace if namespace else 'class' return with Attribute **{classattr classname},1,1,1,1
q271,codeqa,Why,def superuser *args **kwargs return False,Why is an accesing_obj superuser ?,since a superuser would not ever reach this check,def superuser *args **kwargs return True,1,2,5,3
q272,codeqa,Why,def cfg 2 dict cfg d {}for section in cfg sections d[section] dict cfg items section return d,Why does the code turn a configparser into a nested dict ?,because configparser objects are dumb,"def cfg2dict(cfg, d={}):
    for section in cfg.sections():
        dict cfg items section = {key: value for key, value in cfg.items(section).items() for key, value in cfg.items(section)}
    return dict(cfg)",1,2,3,2
q273,codeqa,Why,def is ccx course course key return isinstance course key CCX Locator or isinstance course key CCX Block Usage Locator,Why is this important ?,because we do nt allow access to ccx courses in studio,"def is_ccx_course ( self, course_key ) : return isinstance ( self. course_key, ( 'CCX', 'CCX Block Usage Locator' ) )
Question: What is the purpose of this method?
Answer: To check if the provided course key is either a CCX course or a CCX Block Usage Locator.",5,5,5,5
q274,codeqa,Why,def bytes to str size unit 'YB' units ['B' 'KB' 'MB' 'GB' 'TB' 'PB' 'EB' 'ZB' 'YB']i 0try size changer int size except Value Error error 'bytes to strpasseduncastablenonnumericvalue'raise Value Error error + str size try upto units index unit strip upper except Value Error upto 9while size changer > 1024 and i < upto size changer size changer / 1024 0 i + 1if size changer -1 size changer ' Infinity'i 0try return str '% 2f%s' % size changer units[i] except Type Error return str '%s' % size changer return return str,Why does the code use the bi convention : 1024 b = 1 kb ?,since this method primarily has inputs of bytes for ram @type size : int,"The code uses the binary (bi) convention because it is based on powers of 2, which are the base of the binary number system. The conversion from bytes to string size unit 'YB' is done by dividing the size by 1024, which is equivalent to 2^10 (1024^1).",5,5,5,5
q275,codeqa,Why,def test with mixed stack def a with xxx as abc f def f for z in pass 1 / 0 class xxx object def enter *args passdef exit *args passtry a except assert traceback [ Line 496 + 19 30 'test traceback py' 'test with mixed stack' Line 496 + 6 3 'test traceback py' 'a' Line 496 + 12 3 'test traceback py' 'f' ],Why has a stack which is mixed w/ interpreted and non - interpreted frames tests ?,because f ( ) has a loop in it,"def test_with_mixed_stack(self) : 
    try:
        a = 1 / 0
    except ZeroDivisionError as e:
        return e
    else:
        return ""test traceback py""",1,2,5,3
q276,codeqa,Why,def init pool worker signal signal signal SIGINT signal SIG IGN,Why does the code make every worker ignore keyboarinterrups ?,since it will be handled by the parent process,def init_pool_worker_signal ( signal ) : return signal. sigint,1,2,5,3
q277,codeqa,Why,def check bcs lengths header mapping data warnings len counts defaultdict int header field to check ' Barcode Sequence'try check ix header index header field to check except Value Error return warningsfor curr data in range len mapping data len counts[len mapping data[curr data][check ix] ] + 1expected bc len max len counts iteritems key itemgetter 1 [0 ]correction ix 1for curr data in range len mapping data if len mapping data[curr data][check ix] expected bc len warnings append ' Barcode%sdiffersthanlength%d DCTB %d %d' % mapping data[curr data][check ix] expected bc len curr data + correction ix check ix return warnings,Why have the code adds warnings if barcodes have different lengths ?,as this is mostly intended to find typos in barcodes,"def check_bcs_lengths_header_mapping_data_warnings(len_counts defaultdict int header_field to check 'Barcode Sequence' : try : for curr_data in range(len(mapping_data) : if len(mapping_data[curr_data][header_field]!= expected_bc : warnings.append('Barcode%sdiffersthanlength%d DCTB %d %d' % (mapping_data[curr_data][header_field], expected_bc, curr_data, correction_ix) for curr_data in range(len(mapping_data) : if len(mapping_data[curr_data][header_field]!= expected_bc) : return warnings) except KeyError : pass",1,2,5,3
q278,codeqa,Why,def auto reconnect connection func @wraps func def inner self *args **kwargs try return func self *args **kwargs except Exception as e if not can reconnect e raiseself close reconnect True return func self *args **kwargs return inner,Why do the bouncer disconnect the client ?,due to a timeout / etc,def auto reconnect connection func @wraps func def inner self *args **kwargs try return func self *args **kwargs except Exception as e if not can reconnect e raiseself close reconnect True return func self *args **kwargs return inner,1,1,1,1
q279,codeqa,Why,def setup users from django core cache import cacheglobal TEST USER OBJECT Sif TEST USER OBJECTS is None key 'test user objects'user objects cache get key if not user objects or TEST USER FORCE CREATE logger info 'testusercachenotfound rebuilding' user objects {}app token Facebook Authorization get app access token for user slug user dict in TEST USER DICT items test user Facebook Authorization get or create test user app token name user dict['name'] force create TEST USER FORCE CREATE permissions user dict get 'permissions' user objects[user slug] test usercache set key user objects 60 * 60 TEST USER OBJECTS user objectsreturn TEST USER OBJECTS,Why do we do this only for all tests once ?,since this is soo slow,"def setup_users ( self ) : 
    if not self. cache. get ( 'test_user_objects' ) : 
        self. cache. set ( 'test_user_objects', {}, 60 * 60, 'testusercachenotfound' )",1,2,5,3
q280,codeqa,Why,def exp backoff fn fn *args **kwargs max tries kwargs pop u'max tries' MAX TRIES if not on win return fn *args **kwargs import randomfor n in range max tries try result fn *args **kwargs except OS Error IO Error as e log trace repr e if e errno in EPERM EACCES if n max tries - 1 raisesleep time 2 ** n + random random * 0 1 caller frame sys getframe 1 log trace u'retrying%s/%s%s in%gsec' basename caller frame f code co filename caller frame f lineno fn name sleep time sleep sleep time elif e errno in ENOENT ENOTEMPTY raiseelse log warn u' Uncaughtbackoffwitherrno%s%d' errorcode[e errno] e errno raiseelse return result,Why do file operations fail on windows ?,due to virus scanners,"def backoff(fn, *args, **kwargs):
    import random
    for n in range(max tries):
        try:
            result = fn(*args, **kwargs)
            return result
        except OS Error as e:
            log.trace(repr(e))
            if e.errno in EPERM:
                log.warn(u'retrying%s/%s%s in%gsec' % (caller, co.filename, co.lineno, e.g))
                return result
            elif e.errno in ENOENT:
                log.warn(u'Uncaughtbackoffwitherrno%s%d' % (e.errno, e",1,2,3,1
q281,codeqa,Why,def unicode from os e if sys version info > 3 return str e try if isinstance e Exception e e args[ 0 ]if isinstance e str cls return eif isinstance e int e str e return str cls e encoding except Unicode Decode Error for encoding in fallback encodings try return str cls e encoding errors 'strict' except passreturn str cls e errors 'replace',Why will calling unicode(e is result in an unicodedecodeerror so so ?,as the string is nt in ascii form,"def unicode_from_os(e) : return str(e) if sys.version_info > 3 return str(e) try if isinstance(e,Exception) : e.args[0] if isinstance(e,str) : e if isinstance(e, int) : str(e) else str(e) encoding except UnicodeDecodeError for encoding in ['utf-8', 'latin1', 'ascii'] :'strict' except pass :'replace'",1,2,5,3
q282,codeqa,Why,def init pool worker signal signal signal SIGINT signal SIG IGN,Why do every worker ignore keyboarinterrups ?,since it will be handled by the parent process,"def init_pool_worker_signal(signal, sigint, sigign):
    return True",1,2,5,3
q283,codeqa,Why,def reinit Logging Dir if g Logging Initialized and 'NTA LOG DIR' in os environ make Directory From Absolute Path os path dirname gen Logging File Path,Why do this function call directly ?,since initlogging takes care of it for you,"def reinit Logging Dir if g Logging Initialized and 'NTA LOG DIR' in os environ make Directory From Absolute Path os path dirname gen Logging File Path
Answer: This function calls directly to initialize the logging directory if the 'NTA LOG DIR' environment variable is set and the 'LOG DIR' environment variable is present in the os.environ dictionary.",4,4,5,5
q284,codeqa,Why,@receiver product viewed def receive product view sender product user request response **kwargs return history update product request response,Why does receiver to handle viewing single product pages require the request and response objects ?,due to dependence on cookies,"def update_product_viewed ( self, request, response ) : return self. _viewed_product_id = request. get ( 'product_id' )",1,2,5,3
q285,codeqa,Why,def get mode path if not os path exists path return ''func name '{ 0 } get mode' format virtualname if opts get 'fun' '' func name log info ' Thefunction{ 0 }shouldnotbeusedon Windowssystems seefunctiondocsfordetails Thevaluereturnedisalways None ' format func name return None,Why were the code have returning none just ?,because windows does nt have a mode like linux cli example,"def get_mode_path ( self, opts = None ) : return 'func name' if opts is None else '{ 0 } get mode' format virtualname if opts.get('path') is not None else '' get mode' format func name return None
Explanation:
- The function `get_mode_path` is called with an optional `opts` parameter.
- If `opts` is `None`, the function returns a string in the format `'func name'`.
- If `opts` is not `None`, the function checks if the value of `opts.get('path')` is not `None`.
- If `opts.get",1,2,5,3
q286,codeqa,Why,def err stuff None why None **kw if stuff is None stuff failure Failure if isinstance stuff failure Failure if keep Errors if ignore Errors keep 0for err in ignore Errors r stuff check err if r keep 0breakelse keep 1if keep kept Errors append stuff else kept Errors append stuff msg failure stuff why why is Error 1 **kw elif isinstance stuff Exception msg failure failure Failure stuff why why is Error 1 **kw else msg repr stuff why why is Error 1 **kw,What does the code write ?,a failure to the log,def err stuff None why None **kw if stuff is None stuff failure Failure if isinstance stuff failure Failure if keep Errors if ignore Errors keep 0for err in ignore Errors r stuff check err if r keep 0breakelse keep 1if keep kept Errors append stuff else kept Errors append stuff msg failure stuff why why is Error 1 **kw elif isinstance stuff Exception msg failure failure Failure stuff why why is Error 1 **kw else msg repr stuff why why is Error 1 **kw,1,1,1,1
q287,codeqa,Why,def is pid cmdline correct pid match try with open '/proc/%d/cmdline' % pid as f cmdline f read return match in cmdline except Environment Error return False,Why seems sane seems ?,because pids are recycled,"def is_pid_cmdline_correct(pid) : return '/proc/%d/cmdline' % pid in open('/proc/%d/cmdline' % pid).read() except Exception as e return False
Question: Why does the code seem sane?",1,2,5,3
q288,codeqa,Why,def auto reconnect cursor func @wraps func def inner self *args **kwargs try return func self *args **kwargs except Exception as e if not can reconnect e raiseself db close reconnect True self cursor self db cursor return func self *args **kwargs return inner,Why do the bouncer disconnect the client during a cursor execution ?,due to a timeout / etc,def auto reconnect cursor func @wraps func def inner self *args **kwargs try return func self *args **kwargs except Exception as e if not can reconnect e raiseself db close reconnect True self cursor self db cursor return func self *args **kwargs return inner,1,1,1,1
q289,codeqa,Why,def is buggy ua agent return ' Humbug Desktop/' in agent or ' Zulip Desktop/' in agent or ' Zulip Desktop/' in agent and ' Mac' not in agent,Why do css serve to clients based on user agent ?,due to qtbug-3467,"def is_buggy ( self ) : return'Humbug Desktop/' in self. agent or'Zulip Desktop/' in self. agent or'Mac' not in self. agent
Question: What does the code check for?
Answer: The presence of specific user agent strings in the input",1,2,5,3
q290,codeqa,Why,def find id 3 v 1 fileobj extra read 'APETAGEX' index 'TAG' try fileobj seek -128 - extra read 2 except IO Error as e if e errno errno EINVAL fileobj seek 0 0 else raisedata fileobj read 128 + extra read try idx data index 'TAG' except Value Error return None 0 else try ape idx data index 'APETAGEX' except Value Error passelse if idx ape idx + extra read return None 0 tag Parse ID 3 v 1 data[idx ] if tag is None return None 0 offset idx - len data return tag offset,Why does a tuple of or offset return ?,mainly because we used to write too short tags in some cases and we need the offset to delete them,"def find_id3_v1(fileobj, extra, read, 'APETAGEX', index, try, seek, data, idx, tag, offset, ape, idx, data, idx, data, idx, data, idx, data, idx, data, idx, data, idx, data, idx, data, idx, data, idx, data, idx, data, idx, data, idx, data, idx, data, idx, data, idx, data, idx, data, idx, data, idx, data, idx, data, idx, data, idx, data, idx, data, idx",1,1,1,1
q291,codeqa,Why,def handle tool shed url protocol app shed url try if app name 'galaxy' url remove protocol from tool shed url shed url tool shed url get tool shed url from tool shed registry app url else tool shed url str url for '/' qualified True rstrip '/' return tool shed urlexcept Exception as e if shed url is not None log exception ' Handledexceptionremovingprotocolfrom URL%s \n%s' str shed url e return shed url,Why do secure and insecure http protocol handle ?,since they may change over time,"def handle_tool_shed_url(url, protocol, app_name, shed_url, registry_app_url, qualified=True, rstrip=True, return_tool_shed_url=True, shed_url=None, exception=False, log=False, e=None):
    if protocol == 'http':
        return shed_url
    else:
        return shed_url",1,2,5,3
q292,codeqa,Why,"def test read twoline wrong marker table '\n Col 1 Col 2 \n aaaaaa aaaaaaaaaa \n 1 2 ""hello"" \n 2 4 \'sworlds \n'with pytest raises Inconsistent Table Error as excinfo dat ascii read table Reader ascii Fixed Width Two Line delimiter ' ' guess False assert ' Charactersinpositionlinemustbepart' in str excinfo value",Why be test failure be part an allowed set when position line uses characters prone to ambiguity characters in position line ?,because normal letters or numbers will lead to ambiguous tables,"def read_table ( self, table_str ) : return table_str. splitlines ( )",1,1,1,1
q293,codeqa,Why,def pack py Object return bz 2 compress json dumps py Object,Why do a py object serialize using json rather than pickle ?,due to c * mailing list suggestions,"def pack_py_object ( self, data ) : return json.dumps ( data, cls = self. _cls, indent = 4, sort_keys = True, ensure_ascii = False, separators = (,, ) )
Question: What is the purpose of the `cls` parameter in the `json.dumps` function?",1,2,5,3
q294,codeqa,Why,@ignore warnings category Deprecation Warning def check positive definite covars covariance type rng np random Random State 1 X rng randn 100 2 X[ -10 ] + 3 3 gmm mixture GMM 2 params 'wc' covariance type covariance type min covar 0 001 gmm fit X if covariance type 'diag' or covariance type 'spherical' assert greater gmm covars min 0 else if covariance type 'tied' covs [gmm covars ]else covs gmm covars for c in covs assert greater np linalg det c 0,Why do covariance matrices not become non positive definite ?,due to the accumulation of round - off errors,"def check_positive_definite ( self, covars ) : return np.linalg. is_positive_def ( covars )",1,2,5,3
q295,codeqa,Why,def open file filename filename filename or 'subunit bin' return open filename 'wb',Why is it used out of the scope of enable asynchronously asynchronously ?,because we want to patch it in our tests,"def open_file ( filename, mode = 'wb' ) : return open ( filename, 'wb' )
Question: Why is it used out of the scope of asynchronous?
Answer: Because it is used in asynchronous programming to open a file, which is a blocking operation.",2,2,4,2
q296,codeqa,Why,def kid rsa public key a b A B M a * b - 1 e A * M + a d B * M + b n e * d - 1 // M return n e,Why is rsa a version of rsa useful to teach grade school children ?,since it does not involve exponentiation,"def gcd(a, b):
    while b!= 0:
        a, b = b, a % b
    return a",1,2,5,3
q297,codeqa,Why,def kid rsa public key a b A B M a * b - 1 e A * M + a d B * M + b n e * d - 1 // M return n e,Why do grade school children teach ?,since it does not involve exponentiation,"def gcd ( a, b ) : return a if b == 0 else gcd ( b, a % b )
Question: What is the purpose of the gcd function?
Answer: To find the greatest common divisor of two numbers.",5,5,5,5
q298,codeqa,Why,def test exit on collection with maxfail bigger than n errors testdir testdir makepyfile **COLLECTION ERROR PY FILES res testdir runpytest '--maxfail 4' assert res ret 2 res stdout fnmatch lines ['collected 2 items/ 2 errors' '*ERRO Rcollectingtest 02 import error py*' '* Nomodulenamed*asdfa*' '*ERRO Rcollectingtest 03 import error py*' '* Nomodulenamed*asdfa*'],Why does the code verify the test run aborts even if maxfail count of errors was not reached ?,due to collection errors,def test_exit_on_collection_with_maxfail_bigger_than_n_errors(self) : return False,1,1,1,1
q299,codeqa,Why,def RATINGS BY NAME all ratings ALL RATINGS ratings choices []for rb in RATINGS BODIES values for r in rb ratings ratings choices append all ratings index r u'%s-%s' % rb name dehydrate rating r name return ratings choices,Why does the code create a list of tuples after we know the locale ?,since this attempts to concatenate two lazy translations in constants file,def RATINGS BY NAME all ratings ALL RATINGS ratings choices []for rb in RATINGS BODIES values for r in rb ratings ratings choices append all ratings index r u'%s-%s' % rb name dehydrate rating r name return ratings choices,1,1,1,1
q300,codeqa,Why,def copystream src dest size chunk size 10 ** 5 while size > 0 if size < chunk size data src read size else data src read chunk size length len data if length > size data length data[ size] size size - lengthif length 0 breakdest write data if length < chunk size breakdest seek 0 return,Why does this be here ?,because i think there is a bug in shutil,"def copy_stream(src, dest, size, chunk_size=10, **kwargs):
    while size > 0:
        if size < chunk_size:
            data = src.read(size)
        else:
            data = src.read(chunk_size)
        if len(data) > size:
            data = data[:size]
        dest.write(data)
        if len(data) < chunk_size:
            break
        size -= len(data)
    if size > 0:
        seek 0
    return",5,5,5,5
q301,codeqa,For what purpose,def organize states for delete base mapper states uowtransaction for state dict mapper connection in connections for states base mapper uowtransaction states mapper dispatch before delete mapper connection state if mapper version id col is not None update version id mapper get committed state attr by column state dict mapper version id col else update version id None yield state dict mapper connection update version id,For what purpose does the code make an initial pass across a set of states ?,for delete,"def organize_states_for_delete ( self, uowtransaction, states, connection, base_mapper, uowtransaction_states, states_mapper, dispatch, connection_state, state, if_mapper, version_id, col, else_mapper, yield_state, connection_update, update_version_id ) :",1,1,1,1
q302,codeqa,For what purpose,def organize states for delete base mapper states uowtransaction states to delete []for state dict mapper connection in connections for states base mapper uowtransaction states mapper dispatch before delete mapper connection state states to delete append state dict mapper bool state key connection return states to delete,For what purpose does the code make an initial pass across a set of states ?,for delete,"def organize_states_for_delete ( self,  connections,  for_state,  mapper,  state,  key,  return_states ) : 
    for  state  in  for_state : 
        if  state  ==  'delete' : 
            for  connection  in  connections : 
                for  dict_  in  state : 
                    if  dict_  ==  key : 
                        return_states. append ( state )",1,2,5,3
q303,codeqa,For what purpose,def get override for user user block name default None if not hasattr block ' student overrides' block student overrides {}overrides block student overrides get user id if overrides is None overrides get overrides for user user block block student overrides[user id] overridesreturn overrides get name default,For what purpose does the code get the value of the overridden field ?,for the user,"def get_override_for_user_block ( self, user_id ) : return self. student_overrides.get ( user_id, self. defaults.get ('student_overrides', {} ). get ( 'overrides', {} ). get ( 'get_user_id', self. defaults. get ( 'user_id' ) ) )",1,2,5,3
q304,codeqa,For what purpose,def create subnet group name description subnet ids tags None region None key None keyid None profile None res salt ['boto rds subnet group exists'] name tags region key keyid profile if res get 'exists' return {'exists' bool res }try conn get conn region region key key keyid keyid profile profile if not conn return {'results' bool conn }taglist tag doc tags rds conn create db subnet group DB Subnet Group Name name DB Subnet Group Description description Subnet Ids subnet ids Tags taglist return {'created' bool rds }except Client Error as e return {'error' salt utils boto 3 get error e },For what purpose does the code create an rds subnet group cli example ?,to create an rds subnet group : : salt myminion boto_rds,"def create_subnet_group ( self, name, description, subnet_ids, tags = None, region = None, key = None, keyid = None, profile = None, res = None, conn = None, rds = None, taglist = None, db = None, create = None ) : return {'created' bool rds }",1,1,1,1
q305,codeqa,For what purpose,def delete volume target stop True volinfo info if target not in volinfo log error ' Cannotdeletenon-existingvolume{ 0 }' format target return Falserunning volinfo[target]['status'] '1 ' if not stop and running log error ' Volume{ 0 }mustbestoppedbeforedeletion' format target return Falseif running if not stop volume target force True return Falsecmd 'volumedelete{ 0 }' format target return gluster cmd,For what purpose does the code delete a gluster volume target volume if it is started ?,to delete stop stop volume before delete,"def delete_volume ( self, target, stop, volinfo, log, force = False) : return gluster cmd ( 'volumedelete{ 0 }', format = target, stop = stop, volinfo = volinfo, log = log, force = force )",1,1,1,1
q306,codeqa,For what purpose,def register create keys from csr arguments session argument table **kwargs argument table['certificate-pem-outfile'] Query Out File Argument session session name 'certificate-pem-outfile' query 'certificate Pem' after call event 'after-call iot Create Certificate From Csr' perm 384,For what purpose does the code add certificate - pem - outfile ?,to create - certificate - from - csr,"def register ( self, **kwargs ) : return kwargs. get ( 'certificate-pem-outfile' )",1,2,5,3
q307,codeqa,For what purpose,@require context@require snapshot existsdef volume glance metadata copy to snapshot context snapshot id volume id session get session with session begin metadata volume glance metadata get context volume id session session for meta in metadata vol glance metadata models Volume Glance Metadata vol glance metadata snapshot id snapshot idvol glance metadata key meta['key']vol glance metadata value meta['value']vol glance metadata save session session,For what purpose does the code update the glance metadata ?,for a snapshot,"def update_metadata ( self, key, value ) : return self. _metadata. update ( { key : value } )
Question: What is the purpose of the update_metadata method?
Answer: to update the metadata of a volume",5,5,5,5
q308,codeqa,For what purpose,def add X Intersection Indexes From Loops front Over Width loops solid Index x Intersection Index Lists width y List for loop in loops add X Intersection Indexes From Loop front Over Width loop solid Index x Intersection Index Lists width y List,For what purpose does the code add the x intersection indexes ?,for a loop,"def add_x_indexes_from_loops_front_over_width_loops_solid_index_x_intersection_index_lists_width_y_list(self) : 
    for i in range(len(self)):
        for j in range(len(self)):
            self.add_x_indexes_from_loops_front_over_width_loops_solid_index_x_intersection_index_lists_width_y_list(self, i, j)",1,1,1,1
q309,codeqa,For what purpose,@require context@require volume existsdef volume glance metadata copy from volume to volume context src volume id volume id session get session with session begin metadata volume glance metadata get context src volume id session session for meta in metadata vol glance metadata models Volume Glance Metadata vol glance metadata volume id volume idvol glance metadata key meta['key']vol glance metadata value meta['value']vol glance metadata save session session,For what purpose does the code update the glance metadata ?,for a volume,"def update_metadata ( self, key, value ) : 
    meta = self. _metadata
    meta [ key ] = value
    self. _metadata = meta
    return self. _metadata",1,2,5,3
q310,codeqa,For what purpose,def add X Intersection Indexes From Loop Y loop solid Index x Intersection Index List y for point Index in xrange len loop point First loop[point Index]point Second loop[ point Index + 1 % len loop ]x Intersection get X Intersection If Exists point First point Second y if x Intersection None x Intersection Index List append X Intersection Index solid Index x Intersection,For what purpose does the code add the x intersection indexes ?,for a loop,"def add_x_intersection_index_from_loop_y_loop_z(self, loop_x, loop_y, loop_z, point_index, point, point_index_plus_one, x_intersection, y, index, solid_index):
    if x_intersection is not None:
        index = point_index + 1
        while index < len(loop_z):
            if loop_z[index] == point:
                y.append(index)
                index = point_index_plus_one
            index = (index + 1) % len(loop_z)",1,1,1,1
q311,codeqa,For what purpose,def covar mstep full gmm X responsibilities weighted X sum norm min covar n features X shape[ 1 ]cv np empty gmm n components n features n features for c in range gmm n components post responsibilities[ c]mu gmm means [c]diff X - mu with np errstate under 'ignore' avg cv np dot post * diff T diff / post sum + 10 * EPS cv[c] avg cv + min covar * np eye n features return cv,For what purpose does the code perform the covariance m step ?,for full cases,"def covar_mstep ( self, X, gmm, responsibilities, n, covar, shape, np, EPS, avg, post, diff, cv, c ) : return cv",1,1,1,1
q312,codeqa,For what purpose,def register create keys and cert arguments session argument table **kwargs after event 'after-call iot Create Keys And Certificate'argument table['certificate-pem-outfile'] Query Out File Argument session session name 'certificate-pem-outfile' query 'certificate Pem' after call event after event perm 384 argument table['public-key-outfile'] Query Out File Argument session session name 'public-key-outfile' query 'key Pair Public Key' after call event after event perm 384 argument table['private-key-outfile'] Query Out File Argument session session name 'private-key-outfile' query 'key Pair Private Key' after call event after event perm 384,For what purpose does the code add outfile save arguments ?,to create - keys - and - certificate - --certificate - pem - outfile - --public - key - outfile - --private - key - outfile,"def register ( self, **kwargs ) : 
    table = kwargs. get ( 'certificate-pem-outfile' )
    table. save ( **kwargs )",1,2,5,3
q313,codeqa,For what purpose,def fetch crl project id if not CONF use project ca project id Nonecrl file path crl path project id if not os path exists crl file path raise exception Crypto CRL File Not Found project project id with open crl file path 'r' as crlfile return crlfile read,For what purpose does the code get crl file ?,for project,"def fetch_crl_project_id ( self, crl_file_path ) : return crl_file_path
Question: What does the code return?
Answer: the path to the crl file",1,2,5,3
q314,codeqa,For what purpose,def open resource name if resource stream is not None return resource stream name 'zoneinfo/' + name else name parts name lstrip '/' split '/' for part in name parts if part os path pardir or os path sep in part raise Value Error ' Badpathsegment %r' % part filename os path join os path dirname file 'zoneinfo' *name parts return open filename 'rb',For what purpose does the code open a resource ?,for reading,"def open_resource ( self, resource_name ) : return open ( resource_name, 'rb' if resource_name is not None else 'r' )",1,2,5,3
q315,codeqa,For what purpose,def organize states for post update base mapper states uowtransaction return connections for states base mapper uowtransaction states,For what purpose does the code make an initial pass across a set of states ?,for update corresponding to post_update,"def organize_states_for_post_update_base_mapper_states(self) : 
    return self._base_mapper_states
    # This line is missing a colon at the end, it should be :",1,2,3,2
q316,codeqa,For what purpose,def preprocess for train image output height output width resize side min RESIZE SIDE MIN resize side max RESIZE SIDE MAX resize side tf random uniform [] minval resize side min maxval resize side max + 1 dtype tf int 32 image aspect preserving resize image resize side image random crop [image] output height output width [0 ]image set shape [output height output width 3] image tf to float image image tf image random flip left right image return mean image subtraction image [ R MEAN G MEAN B MEAN],For what purpose does the code preprocess the given image ?,for training,"def preprocess ( self, image ) : return image. resize ( self. RESIZE SIDE MIN, self. RESIZE SIDE MAX, self. RESIZE SIDE MIN, self. RESIZE SIDE MAX, self. RESIZE SIDE TF, self. RESIZE SIDE UNIFORM, self. RESIZE SIDE MIN, self. RESIZE SIDE MAX, self. RESIZE SIDE TF, self. RESIZE SIDE INT32, self. RESIZE SIDE 32, self. RESIZE SIDE MIN, self. RESIZE SIDE MAX, self. RESIZE SIDE TF, self. RESIZE SIDE INT32, self. RESIZE SIDE",1,1,1,1
q317,codeqa,For what purpose,def colorbar factory cax mappable **kwargs if isinstance mappable contour Contour Set and any [ hatch is not None for hatch in mappable hatches] cb Colorbar Patch cax mappable **kwargs else cb Colorbar cax mappable **kwargs cid mappable callbacks SM connect u'changed' cb on mappable changed mappable colorbar cbmappable colorbar cid cidreturn cb,For what purpose does the code create a colorbar ?,for the given mappable,"def colorbar_factory ( cax, mappable, **kwargs ) : return cb = cax. mappable ( **kwargs ) if isinstance ( mappable, contour. contour ) and any ( any ( hatch is not None for hatch in mappable. hatches ) ) else cb = cax. mappable ( **kwargs ) cid = kwargs. get ( 'cid', 'default' ) return cb",1,1,1,1
q318,codeqa,For what purpose,def remove dataset fields content content yaml safe load content dataset content['dataset']for key in dataset if key not in ok to log dataset[key] 'REMOVED'return yaml safe dump content,For what purpose does the code remove non - whitelisted fields from dataset ?,for logging,"def remove_dataset_fields ( self, dataset, ok_to_log = True ) : return { key : yaml_safe_dump ( value ) for key, value in dataset. items () if key not in ok_to_log }",1,2,5,3
q319,codeqa,For what purpose,def reset extensions translations locales apps schema editor Extension apps get model u'extensions' u' Extension' Translation apps get model u'translations' u' Translation' extensions Extension objects all for extension in extensions translations ids filter None [extension name id extension description id] lang extension default language lower Translation objects filter id in translations ids update locale lang,For what purpose does the code reset the locale field ?,for all translations on existing extensions,"def reset_locale ( self ) : return self. locale = None
Question: What does the code reset the locale field to None?
Answer: to clear the locale field",1,2,5,3
q320,codeqa,For what purpose,def dump model model attrs None for field in model meta fields print '%s %s ' % field name str getattr model field name if attrs is not None for attr in attrs print '%s %s ' % attr str getattr model attr for field in model meta many to many vals getattr model field name print '%s %s %i ' % field name ' ' join map str vals all vals count print,For what purpose does the code dump the model fields ?,for debugging,dump model model attrs None for field in model meta fields print '%s %s'% field name str getattr model field name if attrs is not None for attr in attrs print '%s %s'% attr str getattr model attr for field in model meta many to many vals getattr model field name print '%s %s %i'% field name'' join map str vals all vals count print,1,1,1,1
q321,codeqa,For what purpose,def active log format name log format server DEFAULT SERVER ret {'name' name 'changes' {} 'comment' str 'result' None}current log format salt ['win smtp server get log format'] server if log format current log format ret['comment'] ' Log Plugin Clsidalreadycontainstheidoftheprovidedlogformat 'ret['result'] Trueelif opts ['test'] ret['comment'] ' Log Plugin Clsidwillbechanged 'ret['changes'] {'old' current log format 'new' log format}else ret['comment'] ' Set Log Plugin Clsidtocontaintheidoftheprovidedlogformat 'ret['changes'] {'old' current log format 'new' log format}ret['result'] salt ['win smtp server set log format'] log format server return ret,For what purpose does the code manage the active log format ?,for the smtp server,"def active_log_format ( self, **opts ) : return ret['comment'] +'' + ret['result'] +'' + ret['changes'] if opts ['test'] else ret['comment'] +'' + ret['result'] +'' + ret['changes'] +'' + ret['salt'] +'' + ret['server']",1,1,1,1
q322,codeqa,For what purpose,@task base Base Instructor Task routing key settings GRADES DOWNLOAD ROUTING KEY def calculate problem grade report entry id xmodule instance args action name ugettext noop 'problemdistributiongraded' TASK LOG info u' Task %s Instructor Task ID %s Tasktype %s Preparingfortaskexecution' xmodule instance args get 'task id' entry id action name task fn partial upload problem grade report xmodule instance args return run main task entry id task fn action name,For what purpose does the code push the results to an s3 bucket ?,for download,"def push_to_s3 ( self, bucket, key ) : return s3. put_object ( bucket, key, body = self. _data, headers = self. _headers )",1,2,5,3
q323,codeqa,For what purpose,def fetch crl project id if not CONF crypto use project ca project id Nonecrl file path crl path project id if not os path exists crl file path raise exception Crypto CRL File Not Found project project id with open crl file path 'r' as crlfile return crlfile read,For what purpose does the code get crl file ?,for project,"def fetch_crl_project_id ( self, crl_file_path ) : return crl_file_path
Question: What does the code return?
Answer: the path to the crl file",1,2,5,3
q324,codeqa,For what purpose,def open resource name name parts name lstrip '/' split '/' for part in name parts if part os path pardir or os path sep in part raise Value Error ' Badpathsegment %r' % part filename os path join os path dirname file 'zoneinfo' *name parts if not os path exists filename and resource stream is not None return resource stream name 'zoneinfo/' + name return open filename 'rb',For what purpose does the code open a resource ?,for reading,"def open_resource ( self, name, parts, lstrip = False, split = True, sep = '/', pardir = None, join = True, dirname = None, exists = True, stream = None ) : 
    if not exists and not os.path.exists ( name ) : raise ValueError ('Badpathsegment %r' % name )
    if not os.path.isdir ( name ) : raise ValueError ('Badpathsegment %r' % name )
    if not os.path.isfile ( name ) : raise ValueError ('Badpathsegment %r' % name )
    if not os.path.isabs ( name )",1,1,1,1
q325,codeqa,For what purpose,def create File final Size 2000000000 chunk np random normal size 1000000 astype np float 32 f h5 py File 'test hdf 5 ' 'w' f create dataset 'data' data chunk chunks True maxshape None data f['data']n Chunks final Size // chunk size * chunk itemsize with pg Progress Dialog ' Generatingtest hdf 5 ' 0 n Chunks as dlg for i in range n Chunks newshape [ data shape[ 0 ] + chunk shape[ 0 ] ]data resize newshape data[ - chunk shape[ 0 ] ] chunkdlg + 1if dlg was Canceled f close os remove 'test hdf 5 ' sys exit dlg + 1f close,For what purpose does the code create a large hdf5 data file ?,for testing,"def create_file ( self, filename, mode, chunksize, npartitions, data, dtype, shape, maxshape, data_shape, data_type, data_format, data_precision, data_scale, data_compression, data_compression_level, data_chunksize, data_chunksize_bytes, data_chunksize_bytes_per_block, data_chunksize_bytes_per_block_bytes, data_chunksize_bytes_per_block_bytes_per_block, data_chunksize_bytes_per_block_bytes_per_block_bytes_per_block_bytes, data_chunksize_bytes_per_block_bytes_per_block_bytes_per_block_bytes_per_block_bytes_per_block_bytes_per_block_bytes_per_block_bytes_per_block_bytes_per_block",1,1,1,1
q326,codeqa,For what purpose,def read sheets archive xml source archive read ARC WORKBOOK tree fromstring xml source for element in safe iterator tree '{%s}sheet' % SHEET MAIN NS attrib element attribattrib['id'] attrib[ '{%s}id' % REL NS ]del attrib[ '{%s}id' % REL NS ]if attrib['id'] yield attrib,For what purpose do worksheet titles and ids read ?,for a workbook,"def read_sheets ( self, archive, tree, sheet_name, rel, ns ) : return [ attrib for attrib in tree. find ( '{%s}sheet' % sheet_name. NS ). attrib [ '{%s}id' % rel ] for attrib in tree. find ( '{%s}sheet' % sheet_name. NS ). attrib [ '{%s}id' % rel ] if attrib['id'] yield attrib",1,2,3,1
q327,codeqa,For what purpose,def preprocess for train image output height output width padding PADDING tf image summary 'image' tf expand dims image 0 image tf to float image if padding > 0 image tf pad image [[padding padding] [padding padding] [0 0]] distorted image tf random crop image [output height output width 3] distorted image tf image random flip left right distorted image tf image summary 'distorted image' tf expand dims distorted image 0 distorted image tf image random brightness distorted image max delta 63 distorted image tf image random contrast distorted image lower 0 2 upper 1 8 return tf image per image whitening distorted image,For what purpose does the code preprocess the given image ?,for training,"def preprocess ( self, image ) : return tf. expand_dims ( image, 0, 0, 0, 0, 0, 0, 0, 0, 0, 0, 0, 0, 0, 0, 0, 0, 0, 0, 0, 0, 0, 0, 0, 0, 0, 0, 0, 0, 0, 0, 0, 0, 0, 0, 0, 0, 0,",1,1,1,1
q328,codeqa,For what purpose,def organize states for post update base mapper states uowtransaction return list connections for states base mapper uowtransaction states,For what purpose does the code make an initial pass across a set of states ?,for update corresponding to post_update,"def organize_states_for_post_update_base_mapper_states(self) : 
    return self._state_mapping_for_post_update_base_mapper_states
    # or 
    # return self._state_mapping_for_post_update_base_mapper_states for states in self._state_mapping_for_post_update_base_mapper_states",1,2,5,3
q329,codeqa,For what purpose,def preprocess for eval image output height output width tf image summary 'image' tf expand dims image 0 image tf to float image resized image tf image resize image with crop or pad image output width output height tf image summary 'resized image' tf expand dims resized image 0 return tf image per image whitening resized image,For what purpose does the code preprocess the given image ?,for evaluation,"def preprocess ( self, image, output_height, output_width, tf, expand_dims = True, to_float = True, crop_or_pad = False, output_width = 0, output_height = 0, tf_summary = True, image_summary = True, image_type = 'image', image_name = 'preprocessed_image', image_data = None, image_data_type = None, image_data_format = None, image_data_shape = None, image_data_format_name = None, image_data_format_type = None, image_data_type_name = None, image_data_type_format = None, image_data_format_name_type = None,",1,1,1,1
q330,codeqa,For what purpose,def init gpg gpg gnupg GPG homedir config GPG KEY DIR for keyfile in 'test journalist key pub' 'test journalist key sec' gpg import keys open keyfile read return gpg,For what purpose does the code import the journalist key ?,for testing,"def init_gpg ( self, gpg, gnupg, GPG homedir, keyfile, pub, sec, gpg_import ) : return gpg_import",1,1,1,1
q331,codeqa,For what purpose,def preprocess for eval image output height output width resize side image aspect preserving resize image resize side image central crop [image] output height output width [0 ]image set shape [output height output width 3] image tf to float image return mean image subtraction image [ R MEAN G MEAN B MEAN],For what purpose does the code preprocess the given image ?,for evaluation,"def preprocess ( self, image, output_height, output_width, side, crop, shape, tf, to_float ) : return mean ( image, side, crop, shape, to_float )",1,2,5,3
q332,codeqa,For what purpose,def get repo **kwargs for key in 'fromrepo' 'repo' try return kwargs[key]except Key Error passreturn '',For what purpose does the code check the kwargs ?,for either fromrepo or repo,"def get_repo_info ( self, **kwargs ) : return kwargs.get ( 'fromrepo', '' ) +'' + kwargs.get ('repo', '' )",1,2,5,3
q333,codeqa,For what purpose,def get overrides for user user block query Student Field Override objects filter course id block runtime course id location block location student id user id overrides {}for override in query field block fields[override field]value field from json json loads override value overrides[override field] valuereturn overrides,For what purpose does the code get all of the individual student overrides ?,for given user and block,"def get_overrides ( self ) : return overrides
Question: What does the code return?
Answer: the overrides",1,1,1,1
q334,codeqa,For what purpose,def get cls kwargs cls set None toplevel set is None if toplevel set set ctr cls dict get ' init ' False has init ctr and isinstance ctr types Function Type and isinstance ctr code types Code Type if has init names has kw inspect func args ctr set update names if not has kw and not toplevel return Noneif not has init or has kw for c in cls bases if get cls kwargs c set is None break set discard 'self' return set,For what purpose do the full set of inherited kwargs return ?,for the given cls,"def get_cls_kwargs(cls, set=None, toplevel=None, is_none=None, ctr=None, **kwargs):
    if is_none:
        return None
    if toplevel:
        return kwargs
    if ctr:
        return kwargs.get(ctr)
    if isinstance(ctr, dict):
        return kwargs.get(ctr.get('init', False), False)
    if isinstance(ctr, (list, tuple)):
        return sorted(kwargs.get(ctr, []), reverse=True)
    if isinstance(ctr, set):
        return kwargs.get(ctr, set())
    if isinstance(ctr, dict):
        return kwargs.get(",1,1,1,1
q335,codeqa,For what purpose,def implemented function symfunc implementation from sympy core function import Undefined Functionif isinstance symfunc string types symfunc Undefined Function symfunc elif not isinstance symfunc Undefined Function raise Value Error 'symfuncshouldbeeitherastringoran Undefined Functioninstance ' symfunc imp staticmethod implementation return symfunc,For what purpose does the code add numerical implementation ?,to function symfunc,def implemented function symfunc implementation from sympy core function import Undefined Functionif isinstance symfunc string types symfunc Undefined Function symfunc elif not isinstance symfunc Undefined Function raise Value Error'symfuncshouldbeeitherastringoran Undefined Functioninstance'symfunc imp staticmethod implementation return symfunc,1,1,1,1
q336,codeqa,For what purpose,def image property delete all context image id delete time None session None props updated count image child entry delete all models Image Property image id delete time session return props updated count,For what purpose does the code delete all image properties ?,for given image,"def delete_all_properties ( self, image_id, session, props, updated_count ) : return props",1,2,5,3
q337,codeqa,For what purpose,def get check class check name check path from checks import Agent Checkcheck class Nonetry check module imp load source 'checksd %s' % check name check path except Exception as e traceback message traceback format exc log exception ' Unabletoimportcheckmodule%s pyfromchecks d' % check name return {'error' e 'traceback' traceback message}check class Noneclasses inspect getmembers check module inspect isclass for clsmember in classes if clsmember Agent Check continueif issubclass clsmember Agent Check check class clsmemberif Agent Check in clsmember bases continueelse breakreturn check class,For what purpose does the code return the corresponding check class ?,for a check name if available,"def get_check_class ( self, check_name, check_path ) : return self. _check_class ( check_name, check_path )",1,2,5,3
q338,codeqa,For what purpose,def Client Init if stats STATS is None stats STATS stats Stats Collector config lib Set Platform Arch Context config lib Parse Config Command Line log Log Init registry Init,For what purpose does the code run all startup routines ?,for the client,"def Client Init if stats STATS is None stats STATS stats Stats Collector config lib Set Platform Arch Context config lib Parse Config Command Line log Log Init registry Init
Question: For what purpose does the code run all startup routines?
Answer: To initialize the application.",5,5,5,5
q339,codeqa,For what purpose,def version exclude prerelease versions output []for version in versions if Sem Ver semver compat version prerelease is not None continueoutput append version return output,For what purpose does the code remove prerelease versions ?,for a list of semver versions,"def version exclude_prerelease ( self, output []for version in versions if Sem Ver semver compat version prerelease is not None continueoutput append version return output",1,1,1,1
q340,codeqa,For what purpose,def restore nesting d separator ' ' d copy copy d if any [ separator in k for k in d keys ] else d for k v in d copy items if separator in k top rem k split separator 1 nest d[top] if isinstance d get top dict else {} nest[rem] vd[top] restore nesting nest separator del d[k]return d,For what purpose does the code unwind a flattened dict ?,to restore nesting,"def restore_nesting ( d, separator ='', copy = True, copy_if_empty = True, copy_if_none = True, copy_if_not_empty = True, top = 0, rem = 0, vd = {}, nest = {}, del d ) : 
    for k, v in d.items() : 
        if copy : 
            if copy_if_empty : 
                if rem == 0 : 
                    vd[top] = v 
                    top += 1 
                else : 
                    vd[top] = v 
                    top += 1 
            else : 
                if rem ==",1,1,1,1
q341,codeqa,For what purpose,def image tag delete all context image id delete time None session None tags updated count image child entry delete all models Image Tag image id delete time session return tags updated count,For what purpose does the code delete all image tags ?,for given image,"def image_tag_delete_all ( self, image_id, session, tags, updated_count ) : return tags",1,2,5,3
q342,codeqa,For what purpose,def image member delete all context image id delete time None session None members updated count image child entry delete all models Image Member image id delete time session return members updated count,For what purpose does the code delete all image members ?,for given image,"def delete_all_members ( self ) : return self. members
Question: What does the code delete all image members?
Answer: The image members",1,2,5,3
q343,codeqa,For what purpose,def remove mod persist False comment True pre mods lsmod res salt ['cmd run all'] 'rmmod{ 0 }' format mod python shell False if res['retcode'] 0 post mods lsmod mods rm mods pre mods post mods persist mods set if persist persist mods remove persistent module mod comment return sorted list mods persist mods else return ' Errorremovingmodule{ 0 } {1 }' format mod res['stderr'],For what purpose does the code remove the specified kernel module mod name of module ?,to remove persist also remove module from /etc / modules comment,"def remove_mods ( self, mod_name ) : return 'Error removing module {0} {1}'. format ( mod_name, self. persist )",1,2,5,3
q344,codeqa,For what purpose,def get course blocks course key category return [block for block in modulestore get items course key qualifiers {'category' category} revision Module Store Enum Revision Option published only if is in course tree block ],For what purpose does the code retrieve all xblocks in the course ?,for a particular category,"def get_course_blocks ( self, course_key ) : return [ block for block in modulestore. get_items ( course_key, 'category' ). get ('revision', 'default' ). get ( 'option', 'published' ). get ( 'block' ) for block in modulestore. get_items ( course_key, 'category' ). get ('revision', 'default' ). get ( 'option', 'published' ). get ( 'block' ) ]",1,1,1,1
q345,codeqa,For what purpose,def initialize issue counts review request if review request pk is None return 0issue counts fetch issue counts review request review request issue open count issue counts[ Base Comment OPEN]review request issue resolved count issue counts[ Base Comment RESOLVED]review request issue dropped count issue counts[ Base Comment DROPPED]review request save update fields [u'issue open count' u'issue resolved count' u'issue dropped count'] return None,For what purpose does the code initialize the issue counter fields ?,for a review request,"def initialize_issue_counts_review_request(self) : 
    if self.review_request is None: 
        return 0 
    issue_counts = self.issue_counts 
    issue_counts['OPEN'] = issue_counts.get('OPEN', 0) 
    issue_counts['RESOLVED'] = issue_counts.get('RESOLVED', 0) 
    issue_counts['DROPPED'] = issue_counts.get('DROPPED', 0) 
    issue_counts['CLOSED'] = issue_counts.get('CLOSED', 0) 
    return None",1,2,5,3
q346,codeqa,For what purpose,def default response times A n vals linalg eigvals A r min abs real vals if r 0 0 r 1 0tc 1 0 / r t linspace 0 0 7 * tc n return t,For what purpose does the code compute a reasonable set of time samples ?,for the response time,"def default_response_times ( A, n, r, min_abs, t, linspace, n_vals ) : return t
Question: What is the purpose of the code?
Answer: To compute a reasonable set of time samples for the eigenvalues of a matrix A.",5,5,5,5
q347,codeqa,For what purpose,def truncate digest for ecdsa ec key cdata digest backend lib backend lib ffi backend ffigroup lib EC KEY get 0 group ec key cdata with backend tmp bn ctx as bn ctx order lib BN CTX get bn ctx backend openssl assert order ffi NULL res lib EC GROUP get order group order bn ctx backend openssl assert res 1 order bits lib BN num bits order return truncate digest digest order bits,For what purpose does this function truncate digests that are longer than a given elliptic curve keys length ?,so they can be signed,def truncate_digest_for_ecdsa_ec_key_cdata_digest_backend_lib_backend_lib_ffi_backend_figroup_lib_ec_key_get_0_group_ec_key_cdata_with_backend_tmp_bn_ctx_as_bn_ctx_order_lib_bn_ctx_get_bn_ctx_backend_openssl_assert_order_ffi_NULL_res_lib_ec_group_get_order_group_order_bn_ctx_backend_openssl_assert_res_1_order_bits_lib_bn_num_bits_order_return_truncate_digest_digest_order_bits,1,1,1,1
q348,codeqa,For what purpose,def get role assignments for user user db result User Role Assignment query user user db name return result,For what purpose does the code retrieve all the userroleassignmentdb objects ?,for a particular user,def get_role_assignments ( self ) : return [ user. role_assignment for user in self. userdb. user_role_assignments ],1,2,5,3
q349,codeqa,For what purpose,def canonicalize cfg blocks return canonicalize cfg single backedge blocks,For what purpose does the code rewrite the given blocks ?,to canonicalize the cfg,"def canonicalize_cfg ( self, blocks ) : return canonicalize_cfg single backedge blocks
Question: What is the purpose of the function?
Answer: to simplify the configuration by removing redundant or unnecessary blocks",2,2,3,2
q350,codeqa,For what purpose,def service by name name services available services name name lower if name in services return services[name]for service in six itervalues services if service['file path'] lower name return service basename ext os path splitext service['filename'] if basename lower name return servicereturn False,For what purpose does the code return the service info ?,for a service by label,"def service_by_name(self, name, services):
    for service in services:
        if name in service['file path'].lower():
            return service['basename']
    return False",1,2,5,3
q351,codeqa,For what purpose,@require context@require snapshot existsdef volume glance metadata copy to snapshot context snapshot id volume id session None if session is None session get session metadata volume glance metadata get context volume id session session with session begin for meta in metadata vol glance metadata models Volume Glance Metadata vol glance metadata snapshot id snapshot idvol glance metadata key meta['key']vol glance metadata value meta['value']vol glance metadata save session session,For what purpose does the code update the glance metadata by copying all of the key : value pairs from the originating volume ?,for a snapshot,"def update_metadata ( self, **kwargs ) : 
    if 'key' in kwargs : 
        for key, value in kwargs. items ( ) : 
            meta [ key ] = value 
    return self. _metadata",1,2,5,3
q352,codeqa,For what purpose,"def tofloat value if isiterable value try value np array value dtype np float except Type Error Value Error raise Input Parameter Error u' Parameterof{ 0 }couldnotbeconvertedtofloat' format type value elif isinstance value np ndarray value float value item elif isinstance value numbers Number np number value float value elif isinstance value bool raise Input Parameter Error u' Expectedparametertobeofnumericaltype notboolean' else raise Input Parameter Error u"" Don'tknowhowtoconvertparameterof{ 0 }tofloat"" format type value return value",For what purpose does the code convert a parameter ?,to float or float array,"def tofloat ( self, value ) : 
    if isinstance ( value, np.ndarray ) : 
        if value.dtype == np.float64 : 
            return value.astype ( np.float32 ) 
        elif value.dtype == np.float32 : 
            return value.astype ( np.float64 ) 
        elif value.dtype == np.int64 : 
            return value.astype ( np.float64 ) 
        elif value.dtype == np.int32 : 
            return value.astype ( np.float64 ) 
        else : 
            raise Input Parameter Error ( ""Value of type {0} cannot be converted to float"".format ( type (",1,1,1,1
q353,codeqa,For what purpose,def register tag cls json tags[ TAG PREFIX + getattr cls 'json tag' ] clsreturn cls,For what purpose does the code decorate a class ?,to register its json tag,"def register ( cls, json_tags ) : return cls
Question: What does the code register a class with a JSON tag?
Answer: a class with a JSON tag",1,2,5,3
q354,codeqa,For what purpose,def add multi constructor tag prefix multi constructor Loader Loader Loader add multi constructor tag prefix multi constructor,For what purpose does the code add a multi - constructor ?,for the given tag prefix,"def add_multi_constructor ( self, *args ) : return self. _name +'' +'multi' +'' + self. _name +'' + 'constructor'",1,2,5,3
q355,codeqa,For what purpose,def loop lift modify blocks func ir loopinfo blocks typingctx targetctx flags locals from numba dispatcher import Lifted Looploop loopinfo looploopblockkeys set loop body set loop entries set loop exits loopblocks dict k blocks[k] copy for k in loopblockkeys loop lift prepare loop func loopinfo loopblocks lifted ir func ir derive blocks loopblocks arg names tuple loopinfo inputs arg count len loopinfo inputs force non generator True liftedloop Lifted Loop lifted ir typingctx targetctx flags locals callblock loop lift modify call block liftedloop blocks[loopinfo callfrom] loopinfo inputs loopinfo outputs loopinfo returnto for k in loopblockkeys del blocks[k]blocks[loopinfo callfrom] callblockreturn liftedloop,For what purpose does the code modify the block inplace ?,to call to the lifted - loop,"def loop_lift_modify_blocks(func, loopinfo, blocks, typingctx, targetctx, flags, locals, from_, numba, dispatcher, LiftedLoop, loopinfo, loopblocks, lifted, ir, derive, blocks, arg_names, tuple, loopinfo, inputs, arg_count, len, force, True, liftedloop, blocks[loopinfo, callfrom], loopinfo, inputs, loopinfo, outputs, returnto, for_k, del_, blocks[loopinfo, callfrom], callblock, return)",1,1,1,1
q356,codeqa,For what purpose,def match css class str return re compile ' ^ *\\s %s $ \\s ' % str,For what purpose does the code build a re ?,to match the given css class,"def match_css_class(str) : return re.compile(' ^ *\\s %s $ \\s'% str)
Question: For what purpose does the code compile a regular expression?",5,5,5,5
q357,codeqa,For what purpose,def pre Build Page page context data extra {'CURRENT PAGE' page}context update extra return context data,For what purpose does the code update the context of the page ?,to include : the page itself as { { current_page } },"def update_context ( self, **kwargs ) : return self. context.update(kwargs)",1,2,5,3
q358,codeqa,For what purpose,def inspect response response spider None from scrapy project import crawler Shell crawler start response response spider spider,For what purpose does the code open a shell ?,to inspect the given response,"def inspect ( self, response ) : return response. shell",1,2,5,3
q359,codeqa,For what purpose,def volume glance metadata create context volume id key value return IMPL volume glance metadata create context volume id key value,For what purpose does the code update the glance metadata ?,for the specified volume,"def update_glance_metadata ( self, volume_id, key, value ) : return None
---",1,2,5,3
q360,codeqa,For what purpose,def get pixmap icon name global plugin icon resources plugin nameif not icon name startswith u'images/' pixmap Q Pixmap pixmap load I icon name return pixmapif plugin name local images dir get local images dir plugin name local image path os path join local images dir icon name replace u'images/' u'' if os path exists local image path pixmap Q Pixmap pixmap load local image path return pixmapif icon name in plugin icon resources pixmap Q Pixmap pixmap load From Data plugin icon resources[icon name] return pixmapreturn None,For what purpose does the code retrieve a qpixmap ?,for the named image,def get_pixmap ( self ) : return pixmap resources[icon name],1,2,5,3
q361,codeqa,Yes/No,def receive message topic name subscription name pubsub client pubsub Client topic pubsub client topic topic name subscription topic subscription subscription name results subscription pull return immediately True print ' Received{}messages ' format len results for ack id message in results print '*{} {} {}' format message message id message data message attributes if results subscription acknowledge [ack id for ack id message in results],Does the code receive a message from a pull subscription ?,Yes,"def receive_message(topic, subscription, pubsub, client, pubsub_client, topic, subscription_name, results, pull, ack_id, message, message_id, message_data, message_attributes):
    return results == 'ack' and pull",1,2,3,2
q362,codeqa,Yes/No,def get Plugins Directory Path return archive get Absolute Frozen Folder Path file 'xml plugins',Does the code get the plugins directory path ?,Yes,"def get_plugins_directory_path ( self ) : return os. path. abspath ( os. path. join ( self. plugins_dir, 'plugins' )
Question: Does the code get the plugins directory path?
Answer: Yes",1,2,5,3
q363,codeqa,Yes/No,def get models app labels from django db models import get app get apps get modelfrom django db models import get models as get all modelsfrom django contrib contenttypes models import Content Type EXCLUDED MODELS Content Type models []if not app labels for app in get apps models + [m for m in get all models app if m not in EXCLUDED MODELS ]for app label in app labels if ' ' in app label app label model name app label split ' ' 1 models append get model app label model name else models + [m for m in get all models get app app label if m not in EXCLUDED MODELS ]return models,Does the code get a list of models for the given app labels ?,Yes,def get_models_app_labels ( self ) : return [ m. model_name for m in self. app_labels if'' in m. model_name ],1,2,5,3
q364,codeqa,Yes/No,@register u'kill-line' def kill line event buff event current bufferif event arg < 0 deleted buff delete before cursor count - buff document get start of line position elif buff document current char u'\n' deleted buff delete 1 else deleted buff delete count buff document get end of line position event cli clipboard set text deleted,Does the code kill the text to the end of the line ?,Yes,"def kill_line ( self ) : return self. _buff. delete ( self. _end - self. _buff. find ( '\n' ) + 1 )
Question: Does the code kill the text to the end of the line?",2,2,3,3
q365,codeqa,Yes/No,def add additional response fields request serialized discussion entities usernames discussion entity type include profile image if include profile image username profile dict get user profile dict request usernames ' ' join usernames for discussion entity in serialized discussion entities discussion entity['users'] get users discussion entity type discussion entity username profile dict return serialized discussion entities,Does the code add additional data to serialized discussion thread / comment ?,Yes,"def add_additional_response_fields ( self, request, discussion_entities, include_profile_image = False, include_profile_image_username = False, include_profile_image_profile = False, include_username = False, include_dict = False, get_user_profile = False, request_usernames = False, join_usernames = False, discussion_entity_type = False, get_users = False, include_type = False, username = False, profile_dict = False ) : 
    if include_profile_image and include_profile_image_username and include_profile_image_profile and include_username and include_dict and get_user_profile and request_usernames and join_usernames and discussion_entity_type and get_users",1,1,1,1
q366,codeqa,Yes/No,def volume glance metadata copy to volume context volume id snapshot id return IMPL volume glance metadata copy to volume context volume id snapshot id,Does the code update the glance metadata from a volume by copying all of the key : value pairs from the originating snapshot ?,Yes,"def update_metadata ( self, volume_id, snapshot_id, **kwargs ) : return self. _metadata. update ( **kwargs )",2,2,3,2
q367,codeqa,Yes/No,def send mail to admin email subject email body app id app identity services get application id body ' Sentfrom%s \n\n%s' % app id email body email services send mail feconf SYSTEM EMAIL ADDRESS feconf ADMIN EMAIL ADDRESS email subject body body replace '\n' '<br/>' bcc admin False,Does the code send an email to the admin email address ?,Yes,"def send_mail ( self, subject, body, email_services, email_address, bcc, admin = True ) : return email_services. send ( self, subject, body, email_address, bcc, admin, body = body, replace = '\n', br = '<br/' )",1,2,5,3
q368,codeqa,Yes/No,def get Float From Character Split Line character split Line line From Character gcodec get String From Character Split Line character split Line if line From Character None return Nonereturn float line From Character,Does the code get the float after the first occurence of the character in the split line ?,Yes,"def get_float_from_char_split_line(line, char):
    for i in range(len(line)):
        if line[i] == char:
            return float(line[i+1:])",5,5,5,5
q369,codeqa,Yes/No,def get Split Line Before Bracket Semicolon line bracket Semicolon Index min line find ' ' line find ' ' if bracket Semicolon Index < 0 return line split return line[ bracket Semicolon Index] split,Does the code get the split line before a bracket or semicolon ?,Yes,def get_split_line_before_bracket_semicolon(line) : return line.find('[') if ']' in line else line.find(';'),2,2,3,3
q370,codeqa,Yes/No,def key pair get all by user context user id limit None marker None return IMPL key pair get all by user context user id limit limit marker marker,Does the code get all key_pairs by user ?,Yes,"def get_all_by_user_context(user_id, limit, marker, marker_type):
    return self._key_pairs.get(user_id, self._key_pairs.get(None, []))",1,2,5,3
q371,codeqa,Yes/No,def get Cubic Path By Begin End begin control Points element Node end return svg reader get Cubic Points begin control Points end lineation get Number Of Bezier Points begin element Node end,Does the code get the cubic path by begin and end ?,Yes,"def get_cubic_path_by_begin_end ( self ) : return self. _path_by_begin_end
Question: Does the code get the cubic path by begin and end?
Answer: Yes",1,2,5,3
q372,codeqa,Yes/No,@register tagdef render comment form parser token return Render Comment Form Node handle token parser token,Does the code render the comment form through the comments / form ?,Yes,"def render_comment_form_parser ( self, token ) : return token
---",1,2,5,3
q373,codeqa,Yes/No,def generate jwt now int time time header json json dumps {'typ' 'JWT' 'alg' 'RS 256 '} payload json json dumps {'iat' now 'exp' now + 3600 'iss' DEFAULT SERVICE ACCOUNT 'sub' DEFAULT SERVICE ACCOUNT 'aud' 'echo endpoints sample google com' 'email' DEFAULT SERVICE ACCOUNT} header And Payload '{} {}' format base 64 urlsafe b64 encode header json base 64 urlsafe b64 encode payload json key name signature app identity sign blob header And Payload signed jwt '{} {}' format header And Payload base 64 urlsafe b64 encode signature return signed jwt,Does the code generate a signed json web token using the google app engine default service account ?,Yes,"def generate_jwt ( self, header, payload, key, json_format = 'json', base64url = True, urlsafe = True, b64encode = True, signature = False, app_id = None, app_secret = None, service_account = None, aud = None, email = None, issuer = None, audience = None, email_id = None, email_subject = None, email_body = None, email_header = None, email_payload = None, email_signature = None, email_header_format = None, email_payload_format = None, signature_format = None, signed_jwt = False) : 
    if",1,2,5,3
q374,codeqa,Yes/No,def add path index 0 curr Index -1 sys Path get path path normalize dir path index int index if index < 0 index len sys Path + index + 1 if index > len sys Path index len sys Path local Path os environ['PATH'] split os pathsep if path not in local Path local Path append path os environ['PATH'] os pathsep join local Path try curr Index sys Path index path if curr Index index sys Path pop curr Index else return Trueexcept Value Error passsys Path insert index path regedit salt ['reg set value'] 'HKEY LOCAL MACHINE' 'SYSTEM\\ Current Control Set\\ Control\\ Session Manager\\ Environment' 'PATH' ' ' join sys Path 'REG EXPAND SZ' if regedit return rehash else return False,Does the code add the directory to the system path in the index location returns ?,Yes,"def add_path_index 0 curr_index -1 sys_path get_path_path normalize_dir_path_index int_index if index < 0 index len_sys_path + index + 1 if index > len_sys_path index len_sys_path local_path os.environ['PATH'] split(os.pathsep) if path not in local_path append(path) os.pathsep join(local_path) try curr_index index sys_path pop(curr_index) else return Trueexcept ValueError passsys_path insert(index, path) rehash salt['reg set value'] 'HKEY_LOCAL_MACHINE' 'SYSTEM\\Current Control Set\\Control\\Session Manager\\Environment' 'PATH' '",5,5,5,5
q375,codeqa,Yes/No,def add Bottom Loop delta Z loops bottom Loop loops[ 0 ]bottom Addition []bottom Z euclidean get Bottom Path bottom Loop + delta Z for point in bottom Loop bottom Addition append Vector 3 Index len bottom Addition point x point y bottom Z loops insert 0 bottom Addition number Of Vertexes 0for loop in loops for point in loop point index number Of Vertexesnumber Of Vertexes + 1,Does the code add bottom loop to loops ?,Yes,"def add_bottom_loop ( self, delta, Z, loops, bottom, point, x, y, number_of_vertices, index, number_of_vertices_plus_one ) : return bottom. append ( point ) + Z. insert ( index, number_of_vertices ) + 1",1,2,5,3
q376,codeqa,Yes/No,def libvlc media player get media p mi f Cfunctions get 'libvlc media player get media' None or Cfunction 'libvlc media player get media' 1 class result Media ctypes c void p Media Player return f p mi,Does the code get the media used by the media_player ?,Yes,"def libvlc_media_player_get_media ( self, mi ) : return self. _media
Question: What does the code return?
Answer: the media",1,2,5,3
q377,codeqa,Yes/No,def add lazy relation cls field relation operation if relation RECURSIVE RELATIONSHIP CONSTANT app label cls meta app labelmodel name cls name elif isinstance relation six string types try app label model name relation split ' ' except Value Error app label cls meta app labelmodel name relationelse app label relation meta app labelmodel name relation meta object namemodel get model app label model name seed cache False only installed False if model operation field model cls else key app label model name value cls field operation pending lookups setdefault key [] append value,Does the code add a lookup on cls when a related field is defined using a string ?,Yes,"def add_lazy_relation(cls, field, relation, operation, if_relation, app_label, meta, model, name, elif, six, string_types, try, app_label, model, relation, split, except, app_label, model, name, relation, else, app_label, relation, meta, model, name, seed, False, only, if, model, operation, field, cls, key, [], append, value)",1,1,1,1
q378,codeqa,Yes/No,@register inclusion tag get template 'inclusion html' takes context False def inclusion explicit no context from template arg return {'result' 'inclusion explicit no context from template- Expectedresult %s' % arg },Did the code expect inclusion_explicit_no_context_from_template _ _ doc _ _ ?,Yes,"No, the code does not expect inclusion_explicit_no_context_from_template _ _ doc _ _",5,5,5,5
q379,codeqa,Yes/No,@require admin contextdef group type access add context type id project id group type id group type get id from group type context type id access ref models Group Type Projects access ref update {'group type id' group type id 'project id' project id} session get session with session begin try access ref save session session except db exc DB Duplicate Entry raise exception Group Type Access Exists group type id type id project id project id return access ref,Does the code add given tenant to the group type access list ?,Yes,"def group_type_access_add_context(self, context_type_id, project_id, group_type_id, group_type_id, group_type_id, project_id, group_type_id, group_type_id, project_id, group_type_id, project_id, group_type_id, group_type_id, project_id, group_type_id, group_type_id, project_id, group_type_id, group_type_id, project_id, group_type_id, group_type_id, project_id, group_type_id, group_type_id, project_id, group_type_id, group_type_id, project_id, group_type_id, group_type_id, project_id, group_type_id",1,1,1,1
q380,codeqa,Yes/No,def libvlc video get aspect ratio p mi f Cfunctions get 'libvlc video get aspect ratio' None or Cfunction 'libvlc video get aspect ratio' 1 string result ctypes c void p Media Player return f p mi,Does the code get current video aspect ratio ?,Yes,"def libvlc_video_get_aspect_ratio ( self, p_mi_f_cfunction ) : return p_mi_f_cfunction ( self. _p_vlc, self. _p_media_player, self. _p_result )
Question: Does the code call the function 'libvlc video get aspect ratio' with the given parameters?
Answer: Yes",2,2,3,3
q381,codeqa,Yes/No,def index collections given ids collection ids collection list get multiple collections by id collection ids strict False values search services add documents to index [ collection to search dict collection for collection in collection list if should index collection ] SEARCH INDEX COLLECTIONS,Does the code add the given collections to the search index ?,Yes,"def add_to_index ( self, collection, ids, strict = False, search_service = None ) : return search_service. add_collection ( collection, ids, strict )",1,2,5,3
q382,codeqa,Yes/No,def find path all False searched locations[ ] []matches []for finder in get finders result finder find path all all if not all and result return resultif not isinstance result list tuple result [result]matches extend result if matches return matchesreturn [] if all else None,Does the code find a static file with the given path using all enabled finders ?,Yes,"def find_path_all(searched_locations, finders, result, finder, find_path_all, matches, return_result, all, None):
    for finder in finders:
        if not all and result and finder.matches and finder.result == result:
            if finder.path_all:
                return finder.path_all
            return result
    return None",1,1,1,1
q383,codeqa,Yes/No,@contextmanagerdef safe query string request qs request META['QUERY STRING']try request META['QUERY STRING'] iri to uri qs yield finally request META['QUERY STRING'] qs,Does the code turn the query_string into a unicode- and ascii - safe string ?,Yes,"def safe_query_string ( self, qs ) : return qs
Question: Does the code return the query_string as unicode- and ascii-safe string?
Answer: Yes",1,2,5,3
q384,codeqa,Yes/No,def floating ip get by fixed address context fixed address return IMPL floating ip get by fixed address context fixed address,Does the code get a floating ips by fixed address ?,Yes,"def floating ip get_by_fixed_address_context_fixed_address(self) : return self._floating_ip_by_fixed_address_context_fixed_address
Question: Does the code get a floating ip by fixed address context fixed address?
Answer: No",1,1,1,1
q385,codeqa,Yes/No,def get New Repository return Whittle Repository,Does the code get new repository ?,Yes,"def get_new_repository ( self ) : return self. _new_repository
--- 

This code does not return anything.",1,2,5,3
q386,codeqa,Yes/No,def get dhcp opts context network ref fixedips gateway network ref['gateway']if network ref['multi host'] and not network ref['share address'] or CONF share dhcp address gateway network ref['dhcp server']hosts []if CONF use single default gateway for fixedip in fixedips if fixedip allocated vif id fixedip virtual interface idif fixedip default route hosts append host dhcp opts vif id gateway else hosts append host dhcp opts vif id else hosts append host dhcp opts None gateway return '\n' join hosts,Does the code get networks hosts config in dhcp - opts format ?,Yes,"def get_networks ( self ) : return self. _networks
Question: What does the code return?
Answer: networks
--- 

def get_hosts ( self ) : return self. _hosts
Question: Does the code get hosts config in dhcp - opts format?
Answer: Yes",1,1,1,1
q387,codeqa,Yes/No,def get dev prefix for disk bus disk bus if CONF libvirt disk prefix return CONF libvirt disk prefixif disk bus 'ide' return 'hd'elif disk bus 'virtio' return 'vd'elif disk bus 'xen' return 'sd'elif disk bus 'scsi' return 'sd'elif disk bus 'usb' return 'sd'elif disk bus 'uml' return 'ubd'elif disk bus 'lxc' return Noneelse raise exception Nova Exception ' Unabletodeterminediskprefixfor%s' % disk bus,Does the code determine the dev prefix for a disk bus ?,Yes,"def get_dev_prefix ( self, disk_bus ) : return self. _dev_prefix
Question: What does the code return?
Answer: the dev prefix for the given disk bus",1,2,5,3
q388,codeqa,Yes/No,def get Character Integer String character offset split Line step Length float Value get Float From Character Split Line character split Line if float Value None return Nonefloat Value + offsetinteger Value int round float float Value / step Length return character + str integer Value,Does the code get a character and integer string ?,Yes,"def get_character_integer_string ( self, character, integer, float, float, step, value, line, length, value ) : return character + str ( integer )",1,1,1,1
q389,codeqa,Yes/No,"def Get Version with open os path join 'googleads' 'common py' as versions file source versions file read return re search ""\\n VERSION ' *? '"" source group 1",Does the code get the version from googleads / common ?,Yes,"def get_version ( self ) : return self. _version
Question: What does the code return?
Answer: the version",1,2,5,3
q390,codeqa,Yes/No,def get Plugins Directory Path return archive get Absolute Frozen Folder Path file 'skeinforge plugins',Does the code get the plugins directory path ?,Yes,"def get_plugins_directory_path ( self ) : return os. path. abspath ('skeinforge plugins' )
Question: Does the code get the plugins directory path?
Answer: Yes",5,5,5,5
q391,codeqa,Yes/No,def libvlc media player get hwnd p mi f Cfunctions get 'libvlc media player get hwnd' None or Cfunction 'libvlc media player get hwnd' 1 None ctypes c void p Media Player return f p mi,Does the code get the windows api window handle previously set with l{libvlc_media_player_set_hwnd } ( ) ?,Yes,"def libvlc_media_player_get_hwnd ( self ) : return self. _hwnd
Question: Does the code get the window handle previously set with l{libvlc_media_player_set_hwnd } ( )?
Answer: No",1,2,5,3
q392,codeqa,Yes/No,@utils arg 'server' metavar '<server>' help ' Nameor I Dofserver ' @utils arg 'secgroup' metavar '<secgroup>' help ' Nameof Security Group ' def do remove secgroup cs args server find server cs args server server remove security group args secgroup,Does the code remove a security group from a server ?,Yes,"def remove_secgroup ( self, server, secgroup ) : return self. _server. remove ( secgroup )",2,2,3,3
q393,codeqa,Yes/No,def generate jwt service account file issuer audiences with open service account file 'r' as fh service account info json load fh signer google auth crypt Signer from string service account info['private key'] service account info['private key id'] now int time time payload {'iat' now 'exp' now + MAX TOKEN LIFETIME SECS 'aud' audiences 'iss' issuer 'sub' '12345678 ' 'email' 'user@example com'}signed jwt google auth jwt encode signer payload return signed jwt,Does the code generate a signed json web token using a google api service account ?,Yes,"def generate_jwt_service_account_file(self) : return json.dumps ( {'aud' : 'iss','sub' : '12345678', 'email' : 'user@example.com', 'iat' : now, 'exp' : now + MAX_TOKEN_LIFETIME, 'aud' : 'iss', 'iss' : '12345678','sub' : '12345678', 'email' : 'user@example.com' }, encoding = 'utf-8', sort_keys = False)",1,2,5,3
q394,codeqa,Yes/No,def write Output file Name file Name Penultimate file Name Suffix file Penultimate Written gcode Text '' repository settings get Read Repository Comment Repository if gcode Text '' gcode Text archive get File Text file Name Suffix if repository activate Comment value get Window Analyze File Given Text file Name Suffix gcode Text,Does the code write a commented gcode file for a skeinforge gcode file ?,Yes,"def write_gcode ( self, file_name, gcode_text, repository, comment ) : 
    with open ( file_name, 'w' ) as f : 
        f.write ( comment + '\n' + gcode_text )",3,2,5,3
q395,codeqa,Yes/No,def fixed ip get by floating address context floating address return IMPL fixed ip get by floating address context floating address,Does the code get a fixed ip by a floating address ?,Yes,"def get_fixed_ip_by_address ( self, address ) : return self. _fixed_ip
Question: Does the code get a fixed ip by a floating address?
Answer: No",1,2,5,3
q396,codeqa,Yes/No,def libvlc media player set xwindow p mi drawable f Cfunctions get 'libvlc media player set xwindow' None or Cfunction 'libvlc media player set xwindow' 1 1 None None Media Player ctypes c uint 32 return f p mi drawable,Did the code set an x window system drawable where the media player should render its video output ?,Yes,"def libvlc_media_player_set_xwindow ( self, p, mi, f, Cfunction, xwindow, drawable ) : return f ( p, mi, drawable, Cfunction, xwindow, None )",1,2,5,3
q397,codeqa,Yes/No,def get Clipped Loop Path clip loop Path if clip < 0 0 return loop Pathloop Path Length get Path Length loop Path clip min clip 0 3 * loop Path Length last Length 0 0point Index 0total Length 0 0while total Length < clip and point Index < len loop Path - 1 first Point loop Path[point Index]second Point loop Path[ point Index + 1 ]point Index + 1last Length total Lengthtotal Length + abs first Point - second Point remaining Length clip - last Length clipped Loop Path loop Path[point Index ]ultimate Clipped Point clipped Loop Path[ 0 ]penultimate Clipped Point loop Path[ point Index - 1 ]segment ultimate Clipped Point - penultimate Clipped Point segment Length abs segment loop Path clipped Loop Pathif segment Length > 0 0 new Ultimate Point penultimate Clipped Point + segment * remaining Length / segment Length loop Path [new Ultimate Point] + loop Path return get Clipped At End Loop Path clip loop Path,Does the code get a clipped loop path ?,Yes,def get_clipped_loop_path ( self ) : return self. clip. get ( self. loop. clip. path ),1,1,5,1
q398,codeqa,Yes/No,def new figure manager given figure num figure canvas Figure Canvas Agg figure manager Figure Manager Base canvas num return manager,Does the code create a new figure manager instance for the given figure ?,Yes,"def new figure manager given figure num figure canvas Figure Canvas Agg figure manager Figure Manager Base canvas num return manager
Question: Does the code create a new figure manager instance for the given figure and canvas?
Answer: Yes",5,5,5,5
q399,codeqa,Yes/No,def runfcgi func from flup server fcgi import WSGI Serverif len sys argv > 2 args sys argv[ ]if 'fastcgi' in args args remove 'fastcgi' elif 'fcgi' in args args remove 'fcgi' hostport validip args[ 1 ] elif len sys argv > 1 hostport 'localhost' 8000 else hostport Nonereturn makeserver WSGI Server func multiplexed True bind Address hostport run,Does the code run a wsgi - function with a fastcgi server ?,Yes,"def runfcgi ( func, args ) : return func ( args )",1,2,5,3
q400,codeqa,Yes/No,def add Name To Cache name indexer id 0 cache db con db DB Connection 'cache db' name sickbeard helpers full sanitize Scene Name name if name not in name Cache name Cache[name] int indexer id cache db con action 'INSERTORREPLACEINT Oscene names indexer id name VALUES ? ? ' [indexer id name],Does the code add the show & tvdb i d to the scene_names table in cache ?,Yes,"def add_to_cache ( self, name, id, action, db, con, table, column, value ) : 
    if name not in self. cache : 
        if action == 'INSERTORREPLACEINT' : 
            self. cache [ id ] = value 
        elif action == 'INSERT' : 
            self. cache [ id ] = value 
        elif action == 'UPDATE' : 
            self. cache [ id ] = value 
        elif action == 'DELETE' : 
            del self. cache [ id ] 
        else : 
            raise ValueError ( ""Invalid action"" )",1,2,5,3
q401,codeqa,Yes/No,"def write biom table biom table biom table fp compress True write hdf 5 HAVE H5 PY table type 'OT Utable' if biom table is empty raise Empty BIOM Table Error "" Attemptingtowriteanempty BIO Mtabletodisk QIIM Edoesn'tsupportwritingempty BIO Moutputfiles "" generated by get generated by for biom tables biom table type table typeif write hdf 5 with biom open biom table fp 'w' as biom file biom table to hdf 5 biom file generated by compress else with open biom table fp 'w' as biom file biom table to json generated by biom file",Does the code write a biom table to the specified filepath parameters biom_table : biom ?,Yes,"def write_biom_table(biom_table, filepath, compress=False, write_hdf5=False, write_to_json=False, biom_table_type='OT Utable'):
    if biom_table is None:
        raise EmptyBIOMTableError(""Attemptingtowriteanempty BIO Mtabletodisk QIIM Edoesn'tsupportwritingempty BIO Moutputfiles"")",1,2,5,3
q402,codeqa,Yes/No,def get Jump Point If Inside boundary other Point perimeter Width running Jump Space inset Boundary intercircle get Simplified Inset From Clockwise Loop boundary - perimeter Width closest Jump Distance Index euclidean get Closest Distance Index To Line other Point inset Boundary jump Index closest Jump Distance Index index + 1 % len inset Boundary jump Point euclidean get Closest Point On Segment inset Boundary[closest Jump Distance Index index] inset Boundary[jump Index] other Point jump Point get Jump Point jump Point other Point boundary running Jump Space if euclidean is Point Inside Loop boundary jump Point return jump Pointreturn None,Is the code get the jump point if it is inside the boundary ?,Yes,def get_jump_point_if_inside_boundary(self) : return self._jump_point if self._jump_point!= None else None,1,2,5,3
q403,codeqa,Yes/No,def get Largest Center Outset Loop From Loop loop radius threshold Ratio 0 9 radius abs radius points get Points From Loop loop 1 01 * radius threshold Ratio centers get Centers From Points points radius largest Center Outset Nonelargest Outset Area -999999999 0 for center in centers outset get Simplified Inset From Clockwise Loop center radius if is Large Same Direction outset center radius if euclidean is Path Inside Loop loop outset euclidean is Widdershins loop center Outset Center Outset center outset outset Area abs euclidean get Area Loop outset if outset Area > largest Outset Area outset Area largest Outset Arealargest Center Outset center Outsetif largest Center Outset None return Nonelargest Center Outset center euclidean get Simplified Loop largest Center Outset center radius return largest Center Outset,Does the code get the largest circle outset loop from the loop ?,Yes,"def get_largest_circle_outset_loop(self) : return max(self._centers, key=lambda center: self._euclidean(center, self._center_outset))",2,2,3,2
q404,codeqa,Yes/No,"def avoid invalidating lineage config lineage original server latest cert Open SSL crypto load certificate Open SSL crypto FILETYPE PEM open lineage cert read now valid 'fake' not in repr latest cert get issuer lower if util is staging config server if not util is staging original server or now valid if not config break my certs names ' ' join lineage names raise errors Error "" You'veaskedtorenew/replaceaseeminglyvalidcertificatewithatestcertificate domains {0 } Wewillnotdothatunlessyouusethe--break-my-certsflag "" format names",Does the code renew a valid cert with one from a staging server ?,No,"def renew_cert ( self, cert_name ) : return self. _certs. update ( cert_name, cert = True )
Question: Does the code update the cert_name with the given cert_name?
Answer: Yes",1,2,5,3
q405,codeqa,Yes/No,def run Command commandline fd os popen commandline 'r' data fd read xit fd close if xit is not None sys stdout write data raise Runtime Error 'commandfailed %s' % commandline if VERBOSE sys stdout write data sys stdout flush,Does the code run a command and raise runtimeerror if it fails ?,Yes,"def run ( self, commandline, data, fd, xit, sys, stdout, verbose = False ) : 
    if xit is not None : 
        try : 
            if verbose : 
                sys.stdout.write ( commandline +'' + data +'' + sys.stdout.flush() )
            if commandline == 'r' : 
                fd = open ( data, 'r' )
            elif commandline == 'w' : 
                fd = open ( data, 'w' )
            elif commandline == 'x' : 
                fd = open ( data, 'x' )",1,2,3,1
q406,codeqa,Yes/No,def ffmpeg write image filename image logfile False if image dtype 'uint 8 ' image image astype 'uint 8 ' cmd [get setting 'FFMPEG BINARY' '-y' '-s' '%dx%d' % image shape[ 2][ -1 ] '-f' 'rawvideo' '-pix fmt' 'rgba' if image shape[ 2 ] 4 else 'rgb 24 ' '-i' '-' filename]if logfile log file open filename + ' log' 'w+' else log file sp PIP Epopen params {'stdout' DEVNULL 'stderr' log file 'stdin' sp PIPE}if os name 'nt' popen params['creationflags'] 134217728 proc sp Popen cmd **popen params out err proc communicate image tostring if proc returncode err '\n' join [ '[ Movie Py] Running %s\n' % cmd 'WARNING thiscommandreturnedanerror ' err decode 'utf 8 ' ] raise IO Error err del proc,Does the code write an image to a file ?,Yes,"def ffmpeg_write_image ( self, image, logfile, image_dtype, image_format, image_shape, image_data, cmd, log_file, log_file_open, log_params, log_open, log_popen, log_err, log_dev, log_stderr, log_stdout, log_stderr, log_stdin, log_stdout, log_stderr, log_stdin, log_stdout, log_stderr, log_stdin, log_stdout, log_stderr, log_stdin, log_stdout, log_stderr, log_stdin, log_stdout, log_stderr, log_stdin, log_stdout,",1,1,1,1
q407,codeqa,Yes/No,def url add parameters url params if params fragments list urlparse url value parse qs fragments[ 4 ] value update params fragments[ 4 ] urlencode value url urlunparse fragments return url,Does the code add parameters to url ?,Yes,"def url_add_params ( self, url, params, fragments ) : return url + self. urlencode ( params, strict = False ) + self. urlencode ( fragments )",2,2,3,3
q408,codeqa,Yes/No,def empty urlconf request t Template EMPTY URLCONF TEMPLATE name ' Empty URL Conftemplate' c Context {'project name' settings SETTINGS MODULE split ' ' [0 ]} return Http Response Not Found t render c mimetype 'text/html',Does the code create an empty urlconf 404 error response ?,Yes,"def empty_urlconf ( self, request, t, template_name, context, settings, split ) : return Http Response Not Found t render c mimetype 'text/html'",5,5,5,5
q409,codeqa,Yes/No,def new key *args **kwargs return DES Cipher key *args **kwargs,Does the code create a new des cipher ?,Yes,"def new_key ( *args **kwargs ) : return DES
Question: Does the code create a new DES cipher?",5,5,5,5
q410,codeqa,Yes/No,def get Accessible Attribute attribute Name xml Element function Name attribute Name[len 'get' ] lower if function Name not in evaluate global Creation Dictionary print ' Warning function Namenotinglobal Creation Dictionaryin get Accessible Attributeincreationfor 'print function Nameprint xml Elementreturn Noneplugin Module archive get Module With Path evaluate global Creation Dictionary[function Name] if plugin Module None print ' Warning get Accessible Attributeincreationcannotgetaplugin Modulefor 'print function Nameprint xml Elementreturn Nonereturn Creation plugin Module xml Element get Creation,Does the code get the accessible attribute ?,Yes,"def get_accessible_attribute ( self, attribute_name ) : return self. _attribute_name.lower() if attribute_name not in self. _attribute_names else None
Question: Does the code get the accessible attribute?
Answer: No",1,2,5,3
q411,codeqa,Yes/No,def resolve layer request typename permission 'base view resourcebase' msg PERMISSION MSG GENERIC **kwargs service typename typename split ' ' 1 if Service objects filter name service typename[ 0 ] exists service Service objects filter name service typename[ 0 ] return resolve object request Layer {'typename' service typename[ 1 ] if service[ 0 ] method 'C' else typename } permission permission permission msg msg **kwargs else return resolve object request Layer {'typename' typename} permission permission permission msg msg **kwargs,Does the code resolve the layer by the provided typename ?,Yes,"def resolve_layer_request ( self, typename, msg, **kwargs ) : return {'typename' service typename[ 1 ] if service[ 0 ] method 'C' else typename } permission permission permission msg msg **kwargs",1,2,5,3
q412,codeqa,Yes/No,def set Up Module global hasshass get test home assistant assert bootstrap setup component hass http DOMAIN {http DOMAIN {http CONF API PASSWORD API PASSWORD http CONF SERVER PORT SERVER PORT}} assert bootstrap setup component hass 'frontend' hass start,Does the code initialize a home assistant server ?,Yes,"def setup_module ( self, domain, api, password, server_port ) : return True
Question: Does the code initialize a Home Assistant server?
Answer: Yes",1,2,5,3
q413,codeqa,Yes/No,def get parser class parser name parser name parser name lower if parser aliases has key parser name parser name parser aliases[parser name]module import parser name globals locals return module Parser,Does the code return the parser class ?,Yes,"def get_parser ( self ) : return self. _parser
Question: Does the code return the parser class?
Answer: No",1,2,5,3
q414,codeqa,Yes/No,"def run setup script name script args None stop after 'run' if stop after not in 'init' 'config' 'commandline' 'run' raise Value Error ""invalidvaluefor'stop after' %r"" % stop after global setup stop after setup distribution setup stop after stop aftersave argv sys argvg {' file ' script name}l {}try try sys argv[ 0 ] script nameif script args is not None sys argv[ 1 ] script argsf open script name try exec f read in g lfinally f close finally sys argv save argv setup stop after Noneexcept System Exit passexcept raiseif setup distribution is None raise Runtime Error ""'distutils core setup 'wasnevercalled--perhaps'%s'isnota Distutilssetupscript?"" % script name return setup distribution",Does the code run a setup script in a somewhat controlled environment ?,Yes,"def run_setup_script ( self, script_name, args, stop_after, stop_after, stop_after, stop_after, stop_after, stop_after, stop_after, stop_after, stop_after, stop_after, stop_after, stop_after, stop_after, stop_after, stop_after, stop_after, stop_after, stop_after, stop_after, stop_after, stop_after, stop_after, stop_after, stop_after, stop_after, stop_after, stop_after, stop_after, stop_after, stop_after, stop_after, stop_after, stop_after, stop_after, stop_after, stop_after, stop_after, stop_after, stop_after",1,1,1,1
q415,codeqa,Yes/No,def kill Backref receiver senderkey receiverkey id receiver receivers list senders Back get receiverkey while senderkey in receivers list try receivers list remove senderkey except breakif not receivers list try del senders Back[receiverkey]except Key Error passreturn True,Does the code do the actual removal of back reference from receiver to senderkey ?,Yes,def kill Backref receiver senderkey receiverkey id receiver receivers list senders Back get receiverkey while senderkey in receivers list try receivers list remove senderkey except breakif not receivers list try del senders Back[receiverkey]except Key Error passreturn True,1,1,1,1
q416,codeqa,Yes/No,def get Sheet Thickness element Node return get Cascade Float Without Self 3 0 element Node 'sheet Thickness',Does the code get the sheet thickness ?,Yes,"def get_sheet_thickness ( self ) : return self. _sheet_thickness
Question: Does the code get the sheet thickness?
Answer: Yes",1,2,5,3
q417,codeqa,Yes/No,@login required@require POS Tdef preview request kumascript errors []doc Nonerender preview Truewiki content request POST get 'content' '' doc id request POST get 'doc id' if doc id doc Document objects get id doc id if doc and doc defer rendering render preview Falseelse render preview kumascript should use rendered doc request GET html wiki content if render preview wiki content kumascript errors kumascript post request wiki content request LANGUAGE CODE context {'content' wiki content 'title' request POST get 'title' '' 'kumascript errors' kumascript errors}return render request 'wiki/preview html' context,Does the code create an html fragment preview of the posted wiki syntax ?,Yes,"def preview ( self, request ) : return render ( request, 'wiki/preview html', context )",5,5,5,5
q418,codeqa,Yes/No,def add Offset Add To Lists loop offset vector 3 Index vertexes vector 3 Index + offsetloop append vector 3 Index vertexes append vector 3 Index,Does the code add an indexed loop to the vertexes ?,Yes,"def add_indexed_loop ( self, vector, offset, index, vectores, indexes, vectores, indexes ) : 
    for i in range ( vectores [ index ] + offset ) : 
        vectores [ index ] += vectores [ indexes [ i ] ] + vectores [ indexes [ i + offset ] ] 
        vectores [ indexes [ i ] ] = vectores [ index ] 
        vectores [ indexes [ i + offset ] ] = vectores [ index ]",1,2,5,3
q419,codeqa,Yes/No,def write file data with open 'requirements all txt' 'w+' as req file req file write data,Does the code write the modules to the requirements_all ?,Yes,"def write_file ( self, filename, data ) : open ( filename, 'w+', encoding = 'utf-8' ). write ( data )",1,2,5,3
q420,codeqa,Yes/No,@not implemented for 'directed' @not implemented for 'multigraph' def ra index soundarajan hopcroft G ebunch None community 'community' def predict u v Cu community G u community Cv community G v community if Cu Cv return 0cnbors nx common neighbors G u v return sum 1 / G degree w for w in cnbors if community G w community Cu return apply prediction G predict ebunch,Does the code compute the resource allocation index of all node pairs in ebunch using community information ?,Yes,"def ra_index ( self, community ) : return sum 1 / G. degree ( w for w in G. neighbors ( community, w ) if community w community )",2,2,3,2
