id,dataset,category,code,question,answer,prediction,accuracy,completeness,clarity,relevance
q16,codeqa,How,def read plain byte array file obj count return [file obj read struct unpack '<i' file obj read 4 [0 ] for i in range count ],How did count byte arrays read ?,using the plain encoding,It reads byte arrays in chunks of 4 bytes.,2,2,2,2
q57,codeqa,Why,def validate feature module mode 'show' feature module params['feature']feature to be mapped {'show' {'nvoverlay' 'nve' 'vn-segment-vlan-based' 'vnseg vlan' 'hsrp' 'hsrp engine' 'fabricmulticast' 'fabric mcast' 'scp-server' 'scp Server' 'sftp-server' 'sftp Server' 'slaresponder' 'sla responder' 'slasender' 'sla sender' 'ssh' 'ssh Server' 'tacacs+' 'tacacs' 'telnet' 'telnet Server' 'ethernet-link-oam' 'elo' 'port-security' 'eth port sec'} 'config' {'nve' 'nvoverlay' 'vnseg vlan' 'vn-segment-vlan-based' 'hsrp engine' 'hsrp' 'fabric mcast' 'fabricmulticast' 'scp Server' 'scp-server' 'sftp Server' 'sftp-server' 'sla sender' 'slasender' 'sla responder' 'slaresponder' 'ssh Server' 'ssh' 'tacacs' 'tacacs+' 'telnet Server' 'telnet' 'elo' 'ethernet-link-oam' 'eth port sec' 'port-security'}}if feature in feature to be mapped[mode] feature feature to be mapped[mode][feature]return feature,Why be some features mapped ?,"due to inconsistency between how they appear from "" show feature "" output and how they are configured",Because they are being used in the'show' feature.,2,2,2,2
q62,codeqa,When,def get current request return manager get ['request'],When is no request active ?,currently,"When no request is active, the function will return None.",2,2,2,2
q73,codeqa,How,def run all plugin args '' data execute cmd plugin args 'cmd run all' return data,How does the code return all the data execution ?,with cmd,"It does not return the data, it executes the command.",2,2,2,2
q74,codeqa,When,@pytest mark skipif u'notsix PY 2 ' def test sharedmethod imfunc def foo self passactual foo fooclass Bar object foo sharedmethod actual foo assert Bar foo im func is actual foo assert Bar foo im func is actual foo def foo cls passactual foo 2 fooclass Meta Bar type foo actual foo 2class Bar object metaclass Meta Barfoo sharedmethod actual foo assert Bar foo im func is actual foo 2 assert Bar foo im func is actual foo class Meta Bar type foo Noneclass Bar object metaclass Meta Barfoo sharedmethod actual foo assert Bar foo im func is actual foo assert Bar foo im func is actual foo,When does the im_func of a sharedmethod point to the correct underlying function ?,always,"When the im_func of a sharedmethod points to the correct underlying function, it is when the class Meta is a subclass of type.",2,2,2,2
q83,codeqa,Where,def is Loop Intersecting Inside X Segment loop segment First X segment Second X segment Y Mirror y rotated Loop get Points Round Z Axis segment Y Mirror loop for point Index in xrange len rotated Loop point First rotated Loop[point Index]point Second rotated Loop[ point Index + 1 % len rotated Loop ]if is Line Intersecting Inside X Segment point First point Second segment First X segment Second X y return Truereturn False,Where is the loop intersecting ?,inside the x segment,Inside the segment Y.,2,2,2,2
q126,codeqa,How,@not implemented for 'directed' @not implemented for 'multigraph' def ra index soundarajan hopcroft G ebunch None community 'community' def predict u v Cu community G u community Cv community G v community if Cu Cv return 0cnbors nx common neighbors G u v return sum 1 / G degree w for w in cnbors if community G w community Cu return apply prediction G predict ebunch,How does the code compute the resource allocation index of all node pairs in ebunch ?,using community information,It computes the resource allocation index of all node pairs in ebunch by summing the number of common neighbors between each pair of nodes.,2,2,2,2
q166,codeqa,How,def get yaml path builtin name runtime '' if handler dir is None set builtins dir DEFAULT DIR available builtins set available builtins if runtime 'python 27 ' available builtins available builtins - BUILTINS NOT AVAIABLE IN PYTHON 27 if builtin name not in available builtins raise Invalid Builtin Name '%sisnotthenameofavalidbuiltin \n Availablehandlersare %s' % builtin name ' ' join sorted available builtins return get yaml path builtin name runtime,How does the full path return to a yaml file ?,by giving the builtin modules name,Answer: by joining the path with the name of the built-in function.,2,2,2,2
q181,codeqa,For what purpose,def smuggle url url data sdata compat urllib parse urlencode {u' youtubedl smuggle' json dumps data } return url + u'#' + sdata,For what purpose do additional data pass in a url ?,for internal use,"For what purpose do additional data pass in a url?
to create a unique and shortened URL.",2,2,2,2
q217,codeqa,How,def items mappingorseq return mappingorseq iteritems if hasattr mappingorseq 'iteritems' else mappingorseq,How did mappings represent ?,by dicts or sequences,They represented dictionaries.,2,2,2,2
q238,codeqa,When,def to epoch time date epoch datetime fromtimestamp 0 delta date - epoch try return int delta total seconds except Attribute Error return delta seconds + delta days * 24 * 3600,When does the code convert a datetime object to an integer number of seconds ?,since the unix epoch,"When the code converts a datetime object to an integer number of seconds, it does so when the 'fromtimestamp' argument is 0.",2,2,2,2
q245,codeqa,Where,def pad To n seq default None if len seq > n raise Value Error '%delementsismorethan%d ' % len seq n blank [default] * n blank[ len seq ] list seq return blank,In which direction does a sequence pad ?,out,In the same direction as the sequence.,2,2,2,2
q247,codeqa,How,def random rainbow s colors shuffle [ globals [i encode 'utf 8 ' ] if not str i isdigit else term color int i for i in c['CYCLE COLOR']]colored [random choice colors shuffle i for i in s]return '' join colored,How do a string with random color print ?,with each character,It prints a string with random colors.,2,2,2,2
q252,codeqa,When,def formstyle table inline form fields *args **kwargs def render row row id label widget comment hidden False class 'hide' if hidden else None row TR TD label class 'w 2 p fl' TD widget id row id class class if comment row append TD DIV class 'tooltip' title '%s %s' % label comment class 'w 2 p fc' return rowif args hidden kwargs get 'hidden' False return render row form fields args[ 0 ] args[ 1 ] hidden hidden else parent TABLE for row id label widget comment in fields row render row row id label widget comment parent append row return parent,Till when did by ifrc use old default eden form style ?,still,The code uses the old default form style until the 'hidden' argument is provided.,2,2,2,2
q267,codeqa,How,def get Cubic Path By Begin End begin control Points element Node end return svg reader get Cubic Points begin control Points end lineation get Number Of Bezier Points begin element Node end,How does the code get the cubic path ?,by begin and end,It gets the cubic path by reading the SVG file.,2,2,2,2
q312,codeqa,How,def get device devnum 0 if not custack custack push get gpu devnum return custack top,How does the code use a device ?,by device number,It is used as a default device.,2,2,2,2
q321,codeqa,Where,def pad To n seq default None if len seq > n raise Value Error '%delementsismorethan%d ' % len seq n blank [default] * n blank[ len seq ] list seq return blank,In which direction does a sequence pad ?,out,In the same direction as the sequence.,2,2,2,2
q329,codeqa,For what purpose,def make decorator func def decorate newfunc if hasattr func 'compat func name' name func compat func nameelse name func name newfunc dict func dict newfunc doc func doc newfunc module func module if not hasattr newfunc 'compat co firstlineno' newfunc compat co firstlineno func func code co firstlinenotry newfunc name nameexcept Type Error newfunc compat func name namereturn newfuncreturn decorate,For what purpose does a test decorator wrap ?,so as to properly replicate metadata of the decorated function,Answer: to check if the decorated function is compatible with the Python version.,2,2,2,2
q340,codeqa,Where,def next Line caller currentframe 1 return getsourcefile sys modules[caller f globals[' name ']] caller f lineno + 1,Where is this function called ?,where,The function is called from the current line of code.,2,2,2,2
q353,codeqa,How,@nottestdef run tests if main local vars inspect currentframe f back f localsif not local vars get ' name ' '' ' main ' returnfname local vars[' file ']try import faulthandlerfaulthandler enable except Exception passimport main try import pytestpytest main ['-s' '--tb short' fname] except Import Error print ' Runningtestsinscript\n %s' % fname run tests in object main print ' Testspass',How is it run ?,as a script,in a pytest environment,2,2,2,2
q357,codeqa,When,def inline singleton lists dsk dependencies None if dependencies is None dependencies {k get dependencies dsk task v for k v in dsk items }dependents reverse dict dependencies keys [k for k v in dsk items if istask v and v and v[ 0 ] is list and len dependents[k] 1 ]dsk inline dsk keys inline constants False for k in keys del dsk[k]return dsk,When are inline lists used only ?,once,inline lists are used when dependencies is None,2,2,2,2
q408,codeqa,How,def run gdb *args **env vars if env vars env os environ copy env update env vars else env Nonebase cmd 'gdb' '--batch' '-nx' if gdb major version gdb minor version > 7 4 base cmd + '-iex' 'add-auto-load-safe-path' + checkout hook path out err subprocess Popen base cmd + args stdout subprocess PIPE stderr subprocess PIPE env env communicate return out decode 'utf- 8 ' 'replace' err decode 'utf- 8 ' 'replace',How does gdb run ?,in --batch mode,It runs gdb with the specified arguments and returns the output.,2,2,2,2
q453,codeqa,How,def start name call None datacenter id get datacenter id conn get conn node get node conn name conn start server datacenter id datacenter id server id node['id'] return True,How does the code start a machine ?,by name,It starts a server.,2,2,2,2
q456,codeqa,How,def validate website url validate url URL Validator if url and ' //' not in url url u'http //%s' % url try validate url url except Validation Error raise Validation Error ' Enteravalid URL ' return url,How did website url format ?,properly,in http format,2,2,2,2
q463,codeqa,Where,def copy folders source destination if os path exists os path join 'dist' destination shutil rmtree os path join 'dist' destination shutil copytree os path join source os path join 'dist' destination,In which direction do files & folders copy ?,from source to destination,In the same direction.,2,2,2,2
q524,codeqa,How,def test cache config disable private browsing config stub tmpdir config stub data {'storage' {'cache-size' 1024 } 'general' {'private-browsing' True}}url 'http //qutebrowser org'metadata Q Network Cache Meta Data metadata set Url Q Url url assert metadata is Valid disk cache cache Disk Cache str tmpdir assert disk cache prepare metadata is None config stub set 'general' 'private-browsing' False content 'cute'preload cache disk cache url content assert disk cache data Q Url url read All content,How do config browse ?,private,Does the code enable private browsing.,2,2,2,2
q533,codeqa,For what purpose,def setup data with open os path join rootpath 'us-counties json' 'r' as f get id json load f county codes [x['id'] for x in get id['features']]county df pd Data Frame {'FIPS Code' county codes} dtype str df pd read csv os path join rootpath 'us county data csv' na values [''] df['FIPS Code'] df['FIPS Code'] astype str merged pd merge df county df on 'FIPS Code' how 'inner' return merged fillna method 'pad',For what purpose do economic data import ?,for testing,importing economic data,2,2,2,2
q542,codeqa,How,"def generate strings for category strings in funny translatable strings iteritems for string in strings print '#TRANSLATORS Donottranslateliterally Comeupwithafunny/relevantphrase seethe Englishversionforideas Acceptsmarkdownformatting 'print ""print '"" + string + ""' "" INTERVALS 'hour' 'day' 'month' TYPES 'uniques' 'pageviews' 'traffic' 'impressions' 'clicks' for interval in INTERVALS for type in TYPES print ""print '%sby%s' "" % type interval",How do strings generate ?,automatically,They concatenate and print the given strings.,2,2,2,2
q561,codeqa,How,def update user details backend details response user None is new False *args **kwargs if user is None returnchanged Falsefor name value in six iteritems details if not ignore field name is new if value and value getattr user name None setattr user name value changed Trueif changed user save,How do user details update ?,using data from provider,in-place,2,2,2,2
q572,codeqa,For what purpose,def file upload echo request r dict [ k f name for k f in request FILES items ] return Http Response json dumps r,For what purpose do info about uploaded files echo back ?,for tests,For file upload purposes.,2,2,2,2
q586,codeqa,How,def import migrated vhds session instance chain label disk type vdi label imported vhds session call plugin serialized 'migration py' 'move vhds into sr' instance uuid chain label sr path get sr path session uuid stack make uuid stack scan default sr session vdi uuid imported vhds['root']['uuid']vdi ref session call xenapi 'VDI get by uuid' vdi uuid set vdi info session vdi ref disk type vdi label disk type instance return {'uuid' vdi uuid 'ref' vdi ref},How do vhds move ?,via the xapi plugin,move into,2,2,2,2
q587,codeqa,When,def test ros fit invalid ratio ratio 1 0 / 10000 0 ros Random Over Sampler ratio ratio random state RND SEED assert raises Runtime Error ros fit X Y,When is an error raised ?,when the balancing ratio to fit is smaller than the one of the data,Runtime Error,2,2,2,2
q589,codeqa,When,@pytest fixture scope 'module' params ['gpu' 'cpu'] def backend default request be get backend request def cleanup be request getfixturevalue 'backend default' del berequest addfinalizer cleanup return be,When do the backend setup ?,before running a test,When the test is run.,2,2,2,2
q595,codeqa,How,def add callers target source new callers {}for func caller in target iteritems new callers[func] callerfor func caller in source iteritems if func in new callers if isinstance caller tuple new callers[func] tuple [ i[ 0 ] + i[ 1 ] for i in zip caller new callers[func] ] else new callers[func] + callerelse new callers[func] callerreturn new callers,How do two caller lists combine ?,in a single list,in a nested manner,2,2,2,2
q597,codeqa,How,@login required@expect jsondef delete item request usage key delete item usage key request user,How does internal helper method expose ?,without breaking existing bindings / dependencies,It does not expose the actual key.,2,2,2,2
q667,codeqa,How,def drop protected attrs model class values for attr in model class protected attributes if attr in values del values[attr],How did the code remove protected attributes from values dictionary ?,using the models _ _ protected_attributes _ _ field,it removed them,2,2,2,2
q677,codeqa,Where,def generate anchors base size 16 ratios [0 5 1 2] scales 2 ** np arange 3 6 base anchor np array [1 1 base size base size] - 1 ratio anchors ratio enum base anchor ratios anchors np vstack [ scale enum ratio anchors[i ] scales for i in range ratio anchors shape[ 0 ] ] return anchors,Where do aspect ratios x scales enumerate ?,wrt a reference window,x scales,2,2,2,2
q694,codeqa,How,@open file 1 mode 'wb' def write pajek G path encoding 'UTF- 8 ' for line in generate pajek G line + '\n'path write line encode encoding,How do graph write to path ?,in pajek format,writes to the file,2,2,2,2
q704,codeqa,Where,def all pairs bellman ford path G cutoff None weight 'weight' path single source bellman ford pathreturn {n path G n cutoff cutoff weight weight for n in G},Where do shortest paths between all nodes compute ?,in a weighted graph,all nodes,2,2,2,2
q707,codeqa,How,def get Transformed Vector 3 Blindly tetragrid vector 3 return Vector 3 get Transformed By List tetragrid[ 0 ] vector 3 get Transformed By List tetragrid[ 1 ] vector 3 get Transformed By List tetragrid[ 2 ] vector 3,How does the code get the vector3 multiplied by a tetragrid ?,without checking if the tetragrid exists,it multiplies each component of the vector3 by the corresponding component of the tetragrid.,2,2,2,2
q724,codeqa,How,def pretty longstring defstr prefix u'' wrap at 65 outstr u''for line in textwrap fill defstr wrap at split u'\n' outstr + prefix + line + u'\n' return outstr,How do a long string print ?,pretty,in 65 character lines,2,2,2,2
q740,codeqa,How,"def move src dst real dst dstif os path isdir dst if samefile src dst os rename src dst returnreal dst os path join dst basename src if os path exists real dst raise Error "" Destinationpath'%s'alreadyexists"" % real dst try os rename src real dst except OS Error if os path isdir src if destinsrc src dst raise Error "" Cannotmoveadirectory'%s'intoitself'%s' "" % src dst copytree src real dst symlinks True rmtree src else copy 2 src real dst os unlink src",How do a file or directory move to another location ?,recursively,copy or move,2,2,2,2
q768,codeqa,How,def mask buf key key [ord i for i in key]buf list buf for i char in enumerate buf buf[i] chr ord char ^ key[ i % 4 ] return '' join buf,How do a buffer of bytes mask ?,with a masking key,in-place,2,2,2,2
q774,codeqa,How,def iter http requests server player while not player or player running try yield server open timeout 2 5 except OS Error continue,How do http connections on a server accept ?,repeatedly,They are accepted with a timeout of 2.5 seconds.,2,2,2,2
q777,codeqa,How,def worker update context id filters None orm worker None **values return IMPL worker update context id filters filters orm worker orm worker **values,How do a worker update ?,with given values,in-place,2,2,2,2
q788,codeqa,Where,"@pytest mark skipif 'sys version info[ 0 ]< 3 ' def test simple annotations source dedent ""defannot a 3 \nreturna\n\nannot '' "" assert [d name for d in jedi Script source goto definitions ] ['str'] source dedent ""\ndefannot ret a 3 -> 3 \nreturna\n\nannot ret '' "" assert [d name for d in jedi Script source goto definitions ] ['str'] source dedent ""defannot a int \nreturna\n\nannot '' "" assert [d name for d in jedi Script source goto definitions ] ['int']",Where do annotations exist only ?,in python 3,in source code,2,2,2,2
q802,codeqa,How,def escape pattern s list pattern alphanum alphanumfor i in range len pattern c pattern[i]if c not in alphanum if c '\x 00 ' s[i] '\\ 000 'else s[i] '\\' + c return pattern[ 0] join s,How do all non - alphanumeric characters escape ?,in pattern,They are escaped as '\\'.,2,2,2,2
q803,codeqa,How,def to Base 64 s return binascii b2 a base 64 s [ -1 ],How do string s represent ?,as base64,They are represented as binary numbers.,2,2,2,2
q808,codeqa,Where,def group seq size def take seq n for i in xrange n yield seq next if not hasattr seq 'next' seq iter seq while True x list take seq size if x yield x else break,Where does an iterator return ?,over a series of lists of length size from iterable,the next item in the sequence,2,2,2,2
q818,codeqa,For what purpose,"def xhtml escape value return saxutils escape value {'""' '&quot ' ""'"" '&apos '}",For what purpose does the code escape a string ?,so it is valid within xml or xhtml,For HTML purposes.,2,2,2,2
q825,codeqa,How,def norm factor p k p asarray p dtype complex def G w '\n Gainoffilter\n'return abs k / prod 1j * w - p def cutoff w '\n Whengain -3 d B return 0 \n'return G w - 1 / np sqrt 2 return optimize newton cutoff 1 5,How does frequency shift to apply to delay - normalized filter such that -3 db point is at 1 rad / sec find ?,numerically,It shifts the frequency response of the delay filter by 1 rad/sec.,2,2,2,2
q835,codeqa,How,def walk top func arg warnings warnpy 3 k ' In 3 x os path walkisremovedinfavorofos walk ' try names os listdir top except os error returnfunc arg top names for name in names name join top name if isdir name and not islink name walk name func arg,How do tree walk ?,with callback function,"in depth, recursively.",2,2,2,2
q845,codeqa,How,def kb readout request readout slug readouts locale None mode None product None if readout slug not in readouts raise Http 404 return readouts[readout slug] request locale locale mode mode product product,How do the readout instantiate ?,with the given slug,in a dictionary,2,2,2,2
q847,codeqa,When,def suppress Warnings f *suppressed Warnings def warning Suppressing Wrapper *a **kw return run With Warnings Suppressed suppressed Warnings f *a **kw return tputil merge Function Metadata f warning Suppressing Wrapper,When does a callable unsuppress them ?,afterwards,When a callable is called.,2,2,2,2
q879,codeqa,When,def semilinear x try shape x shapex flatten x x tolist except Attribute Error shape 1 len x def f val if val < 0 return safe Exp val else return val + 1 0 return array list map f x reshape shape,When are the values of the array are positive ?,always,"When the values of the array are positive, the function returns the array.",2,2,2,2
q912,codeqa,How,def idzr rsvd m n matveca matvec k U V S ier id idzr rsvd m n matveca matvec k if ier raise RETCODE ERRO Rreturn U V S,How do svd of a complex matrix compute to a specified rank ?,using random matrix - vector multiplication,"The SVD of a complex matrix computes to a specified rank by computing U, V, and S such that U^H * U = S^2 and V^H * V = S^2, where S is a diagonal matrix containing the singular values.",2,2,2,2
q930,codeqa,For what purpose,def call xenhost session method arg dict try result session call plugin 'xenhost' method args arg dict if not result return ''return jsonutils loads result except Value Error LOG exception ' Unabletogetupdatedstatus' return Noneexcept session Xen API Failure as e LOG error ' Thecallto% method sreturnedanerror % e s ' % locals return e details[ 1 ],For what purpose will several methods need this general handling ?,for interacting with the xenhost plugin,Error handling.,2,2,2,2
q931,codeqa,When,def iter errback iterable errback *a **kw it iter iterable while True try yield next it except Stop Iteration breakexcept errback failure Failure *a **kw,When is an error caught ?,while iterating it,When an error occurs.,2,2,2,2
q935,codeqa,When,def make response *args if not args return current app response class if len args 1 args args[ 0 ]return current app make response args,When is to set additional headers in a view necessary ?,sometimes,"When is to set additional headers in a view necessary?
 
In a view that needs to return a response object.",2,2,2,2
q940,codeqa,When,def quality mime type ranges parsed ranges [parse media range r for r in ranges split ' ' ]return quality parsed mime type parsed ranges,When does the quality q of a mime - type return ?,when compared against the media - ranges in ranges,When the quality q of a mime-type is returned.,2,2,2,2
q952,codeqa,When,"def old Gi Init glibbase ensure Not Imported PYGTK MODULES "" Introspectedandstaticglib/gtkbindingsmustnotbemixed can'timportgireactorsincepygtk 2 moduleisalreadyimported "" global G Libfrom gi repository import G Libif getattr G Lib 'threads init' None is not None G Lib threads init glibbase ensure Not Imported [] '' prevent Imports PYGTK MODULES",When are pygtk and gi nt loaded ?,at the same time,"When are pygtk and gi loaded?
 
When the gi repository is imported.",2,2,2,2
q965,codeqa,How,def reexec updated modules None if odoo tools osutil is running as nt service subprocess call 'netstop{ 0 }&&netstart{ 0 }' format nt service name shell True exe os path basename sys executable args stripped sys argv if updated modules args + ['-u' ' ' join updated modules ]if not args or args[ 0 ] exe args insert 0 exe os execv sys executable args,How do openerp - server process reexecute ?,with the same arguments,reexec updated modules as a Windows NT service.,2,2,2,2
q980,codeqa,When,def start user as anon return {'user' ANON},When do we have a user object ?,always,When a user object is created.,2,2,2,2
q1034,codeqa,When,def libvlc media list insert media p ml p md i pos f Cfunctions get 'libvlc media list insert media' None or Cfunction 'libvlc media list insert media' 1 1 1 None ctypes c int Media List Media ctypes c int return f p ml p md i pos,When should a position the l{libvlc_media_list_lock } be held ?,upon entering this function,When the media list is being inserted.,2,2,2,2
q1035,codeqa,When,def update build queue apps schema Project apps get model u'projects' u' Project' for project in Project objects all if project build queue is not None if not project build queue startswith u'build-' project build queue u'build-{ 0 }' format project build queue project save,When did build- prefix imply ?,previously,build- prefix implies the project's build queue starts with 'build-',2,2,2,2
q1049,codeqa,For what purpose,def virtual if HAS NAPALM and 'proxy' in opts return virtualname else return False ' Themodulenapalm userscannotbeloaded NAPAL Morproxycouldnotbeloaded ',For what purpose must napalm library be installed ?,for this module to work,Napalm library must be installed for Themodulenapalm users cannot be loaded,2,2,2,2
q1053,codeqa,How,def find elem with wait context by wait time MAX WAIT TIME return Web Driver Wait context browser wait time until EC presence of element located by,How does an element find ?,with an explicit timeout,in the browser,2,2,2,2
q1073,codeqa,How,@pytest mark django dbdef test reject suggestion with comment client request users Comment get comment model unit Unit objects filter suggestion state 'pending' state UNTRANSLATED [0 ]sugg Suggestion objects filter unit unit state 'pending' [0 ]comment ' Thisisacomment 'user request users['user']if user username 'nobody' client login username user username password request users['password'] url '/xhr/units/%d/suggestions/%d/' % unit id sugg id response client delete url 'comment %s' % comment HTTP X REQUESTED WITH 'XML Http Request' can reject check permission 'review' response wsgi request or sugg user id user id if can reject assert response status code 200 rejected suggestion Suggestion objects get id sugg id assert rejected suggestion state 'rejected' assert Comment objects for model rejected suggestion get comment comment else assert response status code 403,How can tests suggestion be rejected ?,with a comment,reject by checking permission'review',2,2,2,2
q1078,codeqa,Where,"def python 2 unicode compatible klass if PY 2 if ' str ' not in klass dict raise Value Error ""@python 2 unicode compatiblecannotbeappliedto%sbecauseitdoesn'tdefine str "" % klass name klass unicode klass str klass str lambda self self unicode encode 'utf- 8 ' return klass",Where does a decorator define methods ?,under python 2,in the class definition,2,2,2,2
q1082,codeqa,How,@pytest mark parametrize 'fast writer' [ True False] def test byte string output fast writer t table Table [[' Hello' ' World']] dtype ['S 10 '] out String IO ascii write t out fast writer fast writer assert out getvalue splitlines ['col 0 ' ' Hello' ' World'],How were byte strings were output ?,with a leading b on py3,They were converted to ascii.,2,2,2,2
q1087,codeqa,Where,def split Zip path components os path normpath path split os sep for index component in enumerate components if component endswith ' zip' zip Path os sep join components[ 0 index + 1 ] archive Path '' join [ x + '/' for x in components[ index + 1 ]] return zip Path archive Path else return path None,In which direction does a path containing a zip file split ?,into,in reverse,2,2,2,2
q1092,codeqa,Where,"def repr wrapper klass if six PY 2 if ' repr ' not in klass dict raise Value Error ""@repr wrappercannotbeappliedto%sbecauseitdoesn'tdefine repr "" % klass name klass repr klass repr klass repr lambda self encodeutils safe encode self repr return klass",Where does a decorator define method ?,under python 2,in the class definition,2,2,2,2
q1127,codeqa,When,def get First Ancestor With Section Header entry for a in domhelpers get Parents entry [1 ] headers domhelpers find Nodes Named a 'h 2 ' if len headers > 0 return headersreturn [],When do the ancestors of c{entry visit ?,},"When the ancestors of c{entry} visit, when the length of the headers is greater than 0.",2,2,2,2
q1140,codeqa,How,def run DE Seq 2 input path out path mapping category subcategory 1 subcategory 2 DE Seq 2 diagnostic plots outfile diagnostic if DE Seq 2 diagnostic plots True command args [ '-i%s-o%s-c%s-x%s-y%s-d%s-e%s' % input path out path mapping category subcategory 1 subcategory 2 DE Seq 2 diagnostic plots outfile diagnostic ]else command args [ '-i%s-o%s-c%s-x%s-y%s' % input path out path mapping category subcategory 1 subcategory 2 ]rsl R Executor Tmp Dir get qiime temp dir app result rsl command args command args script name 'DE Seq 2 nbinom r' return app result,How did the code run the code ?,through rscript,It runs the DESeq2 command with the specified arguments.,2,2,2,2
q1143,codeqa,When,@contextlib contextmanagerdef context style after reset False initial settings mpl rc Params copy if after reset mpl rcdefaults try use style except mpl rc Params update initial settings raiseelse yield finally mpl rc Params update initial settings,When do style settings use ?,temporarily,after the context manager is exited.,2,2,2,2
q1146,codeqa,When,def setup templates *args **kwargs test once kwargs get 'test once' False for arg in args templates update arg templates['inclusion html'] '{{result}}'loaders [ 'django template loaders cached Loader' [ 'django template loaders locmem Loader' templates ] ]def decorator func @override settings TEMPLATES None @functools wraps func def inner self libraries getattr self 'libraries' {} self engine Engine libraries libraries loaders loaders func self if test once returnfunc self self engine Engine libraries libraries loaders loaders string if invalid 'INVALID' func self func self self engine Engine debug True libraries libraries loaders loaders func self func self return innerreturn decorator,When does test method run in the following order ?,multiple times,"in the decorator definition, then in the inner function.",2,2,2,2
q1173,codeqa,When,@contextlib contextmanagerdef temporary mutation obj **kwargs def is dict like thing return hasattr thing 'has key' def get thing attr default if is dict like thing return thing get attr default else return getattr thing attr default def set value thing attr val if is dict like thing thing[attr] valelse setattr thing attr val def delete thing attr if is dict like thing del thing[attr]else delattr thing attr NOT PRESENT object old values {}for attr new value in kwargs items old values[attr] get obj attr NOT PRESENT set value obj attr new value try yield finally for attr old value in old values items if old value is NOT PRESENT delete obj attr else set value obj attr old value,When do the attr set on a particular object to a given value ?,temporarily,When the object is a dictionary-like thing.,2,2,2,2
q1181,codeqa,How,def windll getnode if Uuid Create buffer 0 return UUID bytes buffer raw node,How does the code get the hardware address on windows ?,using ctypes,It gets the hardware address of a UUID on Windows.,2,2,2,2
q1191,codeqa,When,def repeat api call *args **kwargs marker None delay kwargs pop ' delay' None while True if delay time sleep delay resp api call marker marker *args **kwargs yield resp marker getattr resp 'marker' None if not marker return,When does the code make the same api call ?,repeatedly,When the code makes the same API call is when the'marker' is not present.,2,2,2,2
q1200,codeqa,How,def walk top func arg warnings warnpy 3 k ' In 3 x os path walkisremovedinfavorofos walk ' stacklevel 2 try names os listdir top except os error returnfunc arg top names for name in names name join top name if isdir name walk name func arg,How do tree walk ?,with callback function,"in depth, recursively.",2,2,2,2
q1206,codeqa,How,@pytest mark django dbdef test update user email without existing email trans member assert trans member email '' with pytest raises Email Address Does Not Exist Email Address objects get user trans member accounts utils update user email trans member 'trans member@this test' assert trans member email 'trans member@this test' with pytest raises Email Address Does Not Exist Email Address objects get user trans member,How do user email update ?,using update_user_email function,Does the code update the existing email of a user.,2,2,2,2
q1207,codeqa,How,def clean slashes path return path strip u'/' if settings APPEND SLASH else path lstrip u'/',How do trailing slashes remove ?,conditionally,Trailing slashes are removed.,2,2,2,2
q1222,codeqa,How,def patch cache control response **kwargs def dictitem s t s split ' ' 1 if len t > 1 return t[ 0 ] lower replace '-' ' ' t[ 1 ] else return t[ 0 ] lower replace '-' ' ' True def dictvalue t if t[ 1 ] True return t[ 0 ]else return t[ 0 ] + ' ' + str t[ 1 ] if response has header ' Cache- Control' cc cc delim re split response[' Cache- Control'] cc dict [dictitem el for el in cc] else cc {}for k v in kwargs items cc[k replace ' ' '-' ] vcc ' ' join [dictvalue el for el in cc items ] response[' Cache- Control'] cc,How does this function patch the cache - control header ?,by adding all keyword arguments to it,It patches the 'Cache-Control' header by replacing spaces with hyphens and splitting it into individual directives.,2,2,2,2
q1225,codeqa,How,def create url with params params None controller None action None extras None if not controller controller c controllerif not action action c actionif not extras extras {}url url for controller controller action action **extras return url with params url params,How do urls build ?,with parameters,in a step-by-step manner,2,2,2,2
q1227,codeqa,When,def csrf failure request reason '' from django middleware csrf import REASON NO REFERE Rt Template CSRF FAILRE TEMPLATE c Context {'DEBUG' settings DEBUG 'reason' reason 'no referer' reason REASON NO REFERER } return Http Response Forbidden t render c mimetype 'text/html',When did default view use ?,when request fails csrf protection,When does the default view use the 'no referer' reason?,2,2,2,2
q1274,codeqa,Where,def compare optimizers optimizers random a -1 3 + np random random size 100 random b 0 3 + np random random size 100 param grid product FUNCTIONS random a random b print ' Benching 1 Droot-finderoptimizersfromscipy optimize 'for optimizer in OPTIMIZERS print '% 20 s %8 itotalfunctioncalls' % optimizer name bench optimizer optimizer param grid,Where did all the optimizers give ?,on a grid of a few different functions,Benchmarks,2,2,2,2
q1295,codeqa,For what purpose,def fitness calculator genome assert isinstance genome Mutable Seq ' Expected Mutable Seqforagenome 'regular seq genome toseq return int str regular seq,For what purpose do fitness calculate ?,for testing purposes,For optimization,2,2,2,2
q1307,codeqa,When,def get build platform try from distutils util import get platformplat get platform except Import Error import platformplat platform platform if sys platform 'darwin' and not plat startswith 'macosx-' try version macosx vers machine os uname [4 ] replace '' ' ' return 'macosx-%d %d-%s' % int version[ 0 ] int version[ 1 ] macosx arch machine except Value Error passreturn plat,When is this the same as distutils ?,currently,When the platform is macOS.,2,2,2,2
q1332,codeqa,When,def plots first fname if not fname startswith 'plot' and fname endswith ' py' return 'zz' + fname return fname,When are examples with plots displayed ?,first,When the file name does not start with 'plot' and does not end with 'py'.,2,2,2,2
q1366,codeqa,For what purpose,def download file powershell url target target os path abspath target cmd ['powershell' '- Command' ' new-object System Net Web Client Download File % url r % target r ' % vars ]subprocess check call cmd,For what purpose do the file download at url ?,to target using powershell,For file download at url.,2,2,2,2
q1387,codeqa,How,def get available colours ret ''for colours in IRC COLOUR DICT ret + colours + ' ' return ret[ -2 ],How can you use the colours ?,in self,"You can use the colours by calling the function with the list of colours as an argument, for example: get_available_colours(['red', 'green', 'blue'])",2,2,2,2
q1407,codeqa,Where,"def whitespace before parameters logical line tokens prev type tokens[ 0 ][ 0 ]prev text tokens[ 0 ][ 1 ]prev end tokens[ 0 ][ 3 ]for index in range 1 len tokens token type text start end line tokens[index]if token type tokenize OP and text in ' [' and start prev end and prev type tokenize NAME and index < 2 or tokens[ index - 2 ][ 1 ] 'class' and not iskeyword prev text return prev end ""E 211 whitespacebefore'%s'"" % text prev type token typeprev text textprev end end",Where do extraneous whitespace avoid ?,in the following situations,whitespace before parameters,2,2,2,2
q1432,codeqa,How,"def quote escape item rex sqlquote re compile ""'"" re M return rex sqlquote sub ""''"" item",How are single quotes escaped ?,properly,in SQL,2,2,2,2
q1462,codeqa,When,def suppress Warnings f *suppressed Warnings @wraps f def warning Suppressing Wrapper *a **kw return run With Warnings Suppressed suppressed Warnings f *a **kw return warning Suppressing Wrapper,When does a callable unsuppress them ?,afterwards,When a callable is called.,2,2,2,2
q1468,codeqa,Where,def get full output node for output False ret {}for item in six iterkeys node value node[item]if value is not None and for output value str value ret[item] valuereturn ret,In which direction do all node information loop ?,through,Forward,2,2,2,2
q1498,codeqa,For what purpose,def filter factory global conf **local conf conf global conf copy conf update local conf return lambda app Form Post app conf,For what purpose does the wsgi filter return ?,for use with paste,For configuration management.,2,2,2,2
q1536,codeqa,Where,def get Intersection Of X Intersection Indexes total Solid Surface Thickness x Intersection Index List x Intersection List []solid Table {}solid Falsex Intersection Index List sort for x Intersection Index in x Intersection Index List toggle Hashtable solid Table x Intersection Index index '' old Solid solidsolid len solid Table > total Solid Surface Thickness if old Solid solid x Intersection List append x Intersection Index x return x Intersection List,In which direction does the code get x intersections ?,from surrounding layers,descending,2,2,2,2
q1559,codeqa,How,def revoke cert project id file name start os getcwd os chdir ca folder project id utils execute 'openssl' 'ca' '-config' ' /openssl cnf' '-revoke' file name utils execute 'openssl' 'ca' '-gencrl' '-config' ' /openssl cnf' '-out' CONF crl file os chdir start,How does the code revoke a cert ?,by file name,It generates a Certificate Revocation List (CRL).,2,2,2,2
q1575,codeqa,How,def generate extra mods '' overwrite False so mods '' python 2 bin 'python 2 ' python 3 bin 'python 3 ' conf mods opts get 'thin extra mods' if conf mods extra mods ' ' join [conf mods extra mods] return salt utils thin gen thin opts ['cachedir'] extra mods overwrite so mods python 2 bin python 3 bin,How can the location of the tarball optional additional mods to include be supplied ?,as a comma delimited string,The location of the tarball can be supplied by passing it as an argument to the function.,2,2,2,2
q1582,codeqa,How,def execute nb src dst allow errors False timeout 1000 kernel name '' import nbformatfrom nbconvert preprocessors import Execute Preprocessorwith io open src encoding 'utf- 8 ' as f nb nbformat read f as version 4 ep Execute Preprocessor allow errors allow errors timeout timeout kernel name kernel name ep preprocess nb resources {} with io open dst 'wt' encoding 'utf- 8 ' as f nbformat write nb f return dst,How do notebook execute ?,in src,in-place,2,2,2,2
q1634,codeqa,How,def db add group **kwargs name kwargs get 'name' group get object Asset Group name name asset id list kwargs pop 'asset select' if not group group Asset Group **kwargs group save for asset id in asset id list group add asset group asset id,How does the code add a asset group ?,in database,It adds an asset to a group.,2,2,2,2
q1644,codeqa,How,def loop until reactor predicate steps None if steps is None steps repeat 0 1 steps iter steps action LOOP UNTIL ACTION predicate predicate d action run Deferred Context maybe Deferred action run predicate def loop result if not result LOOP UNTIL ITERATION MESSAGE result result write try delay steps next except Stop Iteration raise Loop Exceeded predicate result d defer Later reactor delay action run predicate d add Callback partial action run loop return daction add Success Fields result result return resultd add Callback loop return d add Action Finish,How do predicate call ?,repeatedly,it is called at the start of each iteration,2,2,2,2
q1657,codeqa,For what purpose,"def texinfo visit inheritance diagram self node graph node['graph']graph hash get graph hash node name 'inheritance%s' % graph hash dotcode graph generate dot name env self builder env graph attrs {'size' '"" 6 0 6 0""'} render dot texinfo self node dotcode [] 'inheritance' raise nodes Skip Node",For what purpose do the graph output ?,for texinfo,rendering,2,2,2,2
q1658,codeqa,How,def init save csr privkey names path csrname 'csr-certbot pem' config zope component get Utility interfaces I Config csr pem csr der make csr privkey pem names must staple config must staple util make or verify dir path 493 os geteuid config strict permissions csr f csr filename util unique file os path join path csrname 420 'wb' csr f write csr pem csr f close logger info ' Creating CSR %s' csr filename return util CSR csr filename csr der 'der',How does the code initialize a csr ?,with the given private key,It generates a new CSR.,2,2,2,2
q1667,codeqa,How,def request config content layer name format row column zoom if sys version info major 2 is string isinstance config content basestring else is string isinstance config content str bytes if is string absolute file name create temp file config content config parse Config absolute file name else config parse Config config content layer config layers[layer name]coord Coordinate int row int column int zoom mime type tile content get Tile layer coord format if is string os remove absolute file name return mime type tile content,How do request do ?,helper method,it creates a tile,2,2,2,2
q1704,codeqa,How,def dup mirror f K f list f for i in range len f - 2 -1 -2 f[i] - f[i] return f,How do the composition f in k[x ] evaluate ?,efficiently,in reverse order,2,2,2,2
q1705,codeqa,When,def test record bad output String IO recorder Record file object output replay False num lines 10 for i in xrange num lines recorder handle line str i + '\n' output value output getvalue output String IO output value playback checker Record file object output replay True for i in xrange num lines // 2 playback checker handle line str i + '\n' try playback checker handle line '0 \n' except Mismatch Error returnraise Assertion Error ' Failedtodetectmismatchbetweenrecordedsequenceandrepetitionofit ',When does that test ?,when we record a sequence of events,When the recorded sequence and the replayed sequence have a mismatch.,2,2,2,2
q1719,codeqa,When,def find ca bundle if os name 'nt' return get win certfile else for cert path in cert paths if os path isfile cert path return cert pathtry return pkg resources resource filename 'certifi' 'cacert pem' except Import Error Resolution Error Extraction Error return None,When do bundle path ca ?,existing,When the OS name is 'nt'.,2,2,2,2
q1722,codeqa,How,"def generate authors jenkins email 'jenkins@review openstack stackforge org'old authors 'AUTHORS in'new authors 'AUTHORS'if not os getenv 'SKIP GENERATE AUTHORS' if os path exists ' git' git log cmd ""gitlog--format '%a N<%a E>' sort-u egrep-v'"" + jenkins email + ""'"" changelog run shell command git log cmd mailmap parse mailmap with open new authors 'w' as new authors fh new authors fh write canonicalize emails changelog mailmap if os path exists old authors with open old authors 'r' as old authors fh new authors fh write '\n' + old authors fh read else open new authors 'w' close",How do authors create ?,using git commits,They create a list of authors.,2,2,2,2
q1753,codeqa,How,def get bbox regression labels bbox target data num classes clss bbox target data[ 0]bbox targets np zeros clss size 4 * num classes dtype np float 32 bbox inside weights np zeros bbox targets shape dtype np float 32 inds np where clss > 0 [0 ]for ind in inds cls clss[ind]start 4 * cls end start + 4 bbox targets[ind start end] bbox target data[ind 1 ]bbox inside weights[ind start end] cfg TRAIN BBOX INSIDE WEIGHT Sreturn bbox targets bbox inside weights,How are this function stored bounding - box regression targets ?,in a compact form n x,in a 4-element array,2,2,2,2
q1761,codeqa,How,def file move safe old file name new file name chunk size 1024 * 64 allow overwrite False if samefile old file name new file name returntry os rename old file name new file name returnexcept OS Error passold file open old file name 'rb' try fd os open new file name os O WRONLY os O CREAT getattr os 'O BINARY' 0 not allow overwrite and os O EXCL or 0 try locks lock fd locks LOCK EX current chunk Nonewhile current chunk '' current chunk old file read chunk size os write fd current chunk finally locks unlock fd os close fd finally old file close copystat old file name new file name try os remove old file name except OS Error as e if getattr e 'winerror' 0 32 and getattr e 'errno' 0 13 raise,How does a file move to another from one location ?,in the safest way possible,It copies the file.,2,2,2,2
q1775,codeqa,How,"def query yes no question default 'yes' valid {'yes' 'yes' 'y' 'yes' 'ye' 'yes' 'no' 'no' 'n' 'no'}if default None prompt '[y/n]'elif default 'yes' prompt '[Y/n]'elif default 'no' prompt '[y/N]'else raise Value Error ""invaliddefaultanswer '%s'"" % default while 1 sys stdout write question + prompt choice raw input lower if default is not None and choice '' return defaultelif choice in valid keys return valid[choice]else sys stdout write "" Pleaserespondwith'yes'or'no' or'y'or'n' \n""",How does the code ask a yes / no question ?,via raw_input ( ),It asks the user for a response.,2,2,2,2
q1800,codeqa,How,def hash opensubtitles path longlongformat 'q'bytesize struct calcsize longlongformat with open path 'rb' as f filesize os path getsize path filehash filesizeif filesize < 65536 * 2 return Nonefor in range 65536 / bytesize filebuffer f read bytesize l value struct unpack longlongformat filebuffer filehash + l valuefilehash filehash & 18446744073709551615 L f seek max 0 filesize - 65536 0 for in range 65536 / bytesize filebuffer f read bytesize l value struct unpack longlongformat filebuffer filehash + l valuefilehash filehash & 18446744073709551615 L returnedhash '% 016 x' % filehash logger debug u' Computed Open Subtitlehash%sfor%s' % returnedhash path return returnedhash,How do a hash compute ?,using opensubtitles algorithm,in 64-bit chunks.,2,2,2,2
q1888,codeqa,How,def hash opensubtitles video path bytesize struct calcsize '<q' with open video path 'rb' as f filesize os path getsize video path filehash filesizeif filesize < 65536 * 2 returnfor in range 65536 // bytesize filebuffer f read bytesize l value struct unpack '<q' filebuffer filehash + l valuefilehash & 18446744073709551615 Lf seek max 0 filesize - 65536 0 for in range 65536 // bytesize filebuffer f read bytesize l value struct unpack '<q' filebuffer filehash + l valuefilehash & 18446744073709551615 Lreturnedhash '% 016 x' % filehash return returnedhash,How do a hash compute ?,using opensubtitles algorithm,in 64-bit chunks,2,2,2,2
q1900,codeqa,How,def get Paths By Key default Paths element Node key if key not in element Node attributes return default Pathsword str element Node attributes[key] strip evaluated Link Value get Evaluated Link Value element Node word if evaluated Link Value class dict or evaluated Link Value class list convert To Paths evaluated Link Value return get Paths By Lists evaluated Link Value element Node Object get Element Node Object evaluated Link Value if element Node Object None return default Pathsreturn element Node Object get Paths,How does the code get paths ?,by key,it recursively traverses the node object.,2,2,2,2
q1938,codeqa,Where,def group seq size if not hasattr seq 'next' seq iter seq while True yield [seq next for i in xrange size ],Where does an iterator return ?,over a series of lists of length size from iterable,the next item in the sequence,2,2,2,2
q1977,codeqa,How,def etree strip namespaces element retval etree Element element tag rpartition '}' [ -1 ] retval text element textfor a in element attrib retval attrib[a rpartition '}' [ -1 ]] element attrib[a]for e in element retval append etree strip namespaces e return retval,How does the given element form ?,recursively,in-place,2,2,2,2
q1993,codeqa,Where,@needs hostdef sudo command shell True pty True combine stderr None user None quiet False warn only False stdout None stderr None group None timeout None shell escape None capture buffer size None return run command command shell pty combine stderr sudo True user user if user else env sudo user group group quiet quiet warn only warn only stdout stdout stderr stderr timeout timeout shell escape shell escape capture buffer size capture buffer size,Where does the code run a shell command ?,on a remote host,in a shell,2,2,2,2
q1995,codeqa,Where,@register simple tagdef admin media prefix warnings warn ' Theadmin media prefixtemplatetagisdeprecated Usethestatictemplatetaginstead ' Pending Deprecation Warning return Prefix Node handle simple 'ADMIN MEDIA PREFIX',Where did the string contain ?,in the setting admin_media_prefix,The string contains 'admin'.,2,2,2,2
q2016,codeqa,When,def skip regex lines enum options skip regex options skip requirements regex if options else None if skip regex pattern re compile skip regex lines enum filterfalse lambda e pattern search e[ 1 ] lines enum return lines enum,When is the regex pattern built only ?,once,When the `if` condition is false.,2,2,2,2
q2038,codeqa,For what purpose,def csrf response exempt view func def wrapped view *args **kwargs resp view func *args **kwargs resp csrf exempt Truereturn respreturn wraps view func assigned available attrs view func wrapped view,For what purpose does a view function modify ?,so that its response is exempt from the post - processing of the csrf middleware,"For what purpose does a view function modify?
It wraps the original view function.",2,2,2,2
q2069,codeqa,For what purpose,"def texinfo visit inheritance diagram self node graph node['graph']graph hash get graph hash node name 'inheritance%s' % graph hash dotcode graph generate dot name env self builder env graph attrs {'size' '"" 6 0 6 0""'} render dot texinfo self node dotcode {} 'inheritance' raise nodes Skip Node",For what purpose do the graph output ?,for texinfo,rendering,2,2,2,2
q2070,codeqa,How,def translate matrix a b c d e f x y return a b c d x * a + y * c + e x * b + y * d + f,How does the code translate a matrix ?,by,It multiplies the matrix by a 2x2 matrix.,2,2,2,2
q2078,codeqa,How,def onenormest matrix power A p t 2 itmax 5 compute v False compute w False return scipy sparse linalg onenormest aslinearoperator A ** p,How do the 1-norm of a^p estimate ?,efficiently,in terms of the infinity norm of A,2,2,2,2
q2091,codeqa,When,@pytest fixture scope 'function' def back up rc request user config path user config path backup os path expanduser '~/ cookiecutterrc backup' if os path exists user config path shutil copy user config path user config path backup os remove user config path def remove test rc '\n Removethe~/ cookiecutterrcthathasbeencreatedinthetest \n'if os path exists user config path os remove user config path def restore original rc '\n Ifitexisted restoretheoriginal~/ cookiecutterrc\n'if os path exists user config path backup shutil copy user config path backup user config path os remove user config path backup request addfinalizer restore original rc request addfinalizer remove test rc,When do it restore ?,after the test,When it exists.,2,2,2,2
q2103,codeqa,How,@contextmanagerdef lockfile filename shared False with open filename 'w' as lock with flock lock shared shared yield,How do a file lock for the duration of a with statement ?,using flock(2 ),for the duration of the with statement.,2,2,2,2
q2104,codeqa,When,@contextmanagerdef lockfile filename shared False with open filename 'w' as lock with flock lock shared shared yield,When do a file lock using flock(2 ) ?,for the duration of a with statement,When a file is opened.,2,2,2,2
q2122,codeqa,When,def get poem def canceler d delayed call cancel d Deferred canceler from twisted internet import reactordelayed call reactor call Later 5 send poem d return d,When does the code return a poem ?,5 seconds later,When the code returns a Deferred.,2,2,2,2
q2127,codeqa,For what purpose,def get course blocks course key category return [block for block in modulestore get items course key qualifiers {'category' category} revision Module Store Enum Revision Option published only if is in course tree block ],For what purpose does the code retrieve all xblocks in the course ?,for a particular category,published blocks,2,2,2,2
q2128,codeqa,How,def make writable recursive path if sys platform startswith 'win' returnfor root dirs files in os walk path topdown False for f in dirs + files make writable os path join root f,How did writable set ?,recursively,in-place,2,2,2,2
q2142,codeqa,When,def get id new id ID COUNTER count ID COUNTER count + 1return new id,When does i would ?,new,When does it increment?,2,2,2,2
q2168,codeqa,How,def collect Warnings observe Warning f *args **kwargs def show Warning message category filename lineno file None line None assert isinstance message Warning observe Warning Warning message args[ 0 ] category filename lineno for v in sys modules itervalues if v is not None try v warningregistry Noneexcept passorig Filters warnings filters[ ]orig Show warnings showwarningwarnings simplefilter 'always' try warnings showwarning show Warningresult f *args **kwargs finally warnings filters[ ] orig Filterswarnings showwarning orig Showreturn result,How are all warnings emitted ?,as a result in a list,in a loop.,2,2,2,2
q2180,codeqa,When,def check queue queue kwargs if queue wait kwargs get ' pub jid' else conflict running concurrent kwargs get 'concurrent' False if conflict context ['retcode'] 1return conflict,When do states run ?,currently,running,2,2,2,2
q2189,codeqa,How,"def datastore make private context data dict if 'id' in data dict data dict['resource id'] data dict['id']res id get or bust data dict 'resource id' data dict['connection url'] config['ckan datastore write url']if not resource exists context data dict raise p toolkit Object Not Found p toolkit u' Resource""{ 0 }""wasnotfound ' format res id p toolkit check access 'datastore change permissions' context data dict db make private context data dict",How do access to the datastore table deny ?,through : meth :~ ckanext,Does access to the datastore table deny if the 'id' key is missing from the data dictionary.,2,2,2,2
q2195,codeqa,When,def iter errback iterable errback *a **kw it iter iterable while 1 try yield it next except Stop Iteration breakexcept errback failure Failure *a **kw,When is an error caught ?,while iterating it,When an error occurs.,2,2,2,2
q2208,codeqa,Why,"def url fix s charset 'utf- 8 ' s to unicode s charset 'replace' replace '\\' '/' if s startswith 'file //' and s[ 7 8] isalpha and s[ 8 10 ] in ' /' ' /' s 'file ///' + s[ 7 ] url url parse s path url quote url path charset safe ""/%+$ *' "" qs url quote plus url query charset safe "" &% +$ *' "" anchor url quote plus url fragment charset safe "" &% +$ *' "" return to native url unparse url scheme url encode netloc path qs anchor",Why is a user nt is a real url just ?,because it contains unsafe characters like and so on,The code checks if the URL starts with 'file://' and if the second character is a letter and the third character is either '/' or''.,2,2,2,2
q2226,codeqa,How,"def query yes no question default u'yes' valid {u'yes' u'yes' u'y' u'yes' u'ye' u'yes' u'no' u'no' u'n' u'no'}prompt { None u'[y/n]' u'yes' u'[Y/n]' u'no' u'[y/N]'} get default None if not prompt raise Value Error u""invaliddefaultanswer '%s'"" % default while 1 sys stdout write colorize question colors PROMPT + prompt choice raw input lower if default and not choice return defaultelif choice in valid return valid[choice]else print Failure u"" Pleaserespondwith'yes'or'no' or'y'or'n' \n""",How does the code ask a yes / no question ?,via raw_input ( ),It asks the user for a response.,2,2,2,2
q2249,codeqa,Where,def sentiment text text language client language Client document language client document from text text sentiment document analyze sentiment print ' Score {}' format sentiment score print ' Magnitude {}' format sentiment magnitude,Where does sentiment detect ?,in the text,document,2,2,2,2
q2250,codeqa,When,def update settings section option websettings update mappings MAPPINGS section option profile Q Web Engine Profile default Profile if section 'ui' and option in ['hide-scrollbar' 'user-stylesheet'] init stylesheet profile,When do global settings update ?,when qwebsettings changed,When the 'ui' section is initialized.,2,2,2,2
q2252,codeqa,For what purpose,"def mute string text start text index text[ -1 ] + 1 end len text - 1 if text[ -3 ] in '""""""' ""'''"" start + 2end - 2return text[ start] + 'x' * end - start + text[end ]",For what purpose does the code replace contents with xxx ?,to prevent syntax matching,For string munging.,2,2,2,2
q2255,codeqa,Where,def is Multiline s return string find s '\n' -1,Where does this string have a newline ?,in it,the end,2,2,2,2
q2267,codeqa,When,def inspect stack return {'co name' inspect stack [1 ][ 3 ]},When do we be in ?,currently,When the stack index is 1.,2,2,2,2
q2268,codeqa,Where,def call With Logger logger func *args **kw try lp logger log Prefix except Keyboard Interrupt raiseexcept lp ' buggylog Prefixmethod 'err system lp try return call With Context {'system' lp} func *args **kw except Keyboard Interrupt raiseexcept err system lp,Where does utility method wrap a function ?,in a try:/except,in a context manager,2,2,2,2
q2269,codeqa,How,def zstat generic 2 value std diff alternative zstat value / std diff if alternative in ['two-sided' '2 -sided' '2 s'] pvalue stats norm sf np abs zstat * 2 elif alternative in ['larger' 'l'] pvalue stats norm sf zstat elif alternative in ['smaller' 's'] pvalue stats norm cdf zstat else raise Value Error 'invalidalternative' return zstat pvalue,How can generic z - test to save typing be used as ztest ?,based on summary statistics,Can be used as a one-liner.,2,2,2,2
q2280,codeqa,For what purpose,def ma transparams params newparams 1 - np exp - params / 1 + np exp - params copy tmp 1 - np exp - params / 1 + np exp - params copy for j in range 1 len params b newparams[j]for kiter in range j tmp[kiter] + b * newparams[ j - kiter - 1 ] newparams[ j] tmp[ j]return newparams,For what purpose does params transform ?,to induce stationarity / invertability,"For what purpose does params transform?
The parameters are transformed by shifting and scaling them.",2,2,2,2
q2302,codeqa,How,def database dburl None **params if not dburl and not params dburl os environ['DATABASE URL']if dburl params dburl 2 dict dburl dbn params pop 'dbn' if dbn in databases return databases[dbn] **params else raise Unknown DB dbn,How does appropriate database create ?,using params,"in a lazy manner, only when a database name is provided.",2,2,2,2
q2367,codeqa,How,def RANDOMIZE v context defaults['randomize'] asbool v,How does randomization of various pieces enable ?,via context,Enables the modification of default values.,2,2,2,2
q2371,codeqa,How,def merge dict base items new items for key value in new items iteritems if isinstance value dict and value base merge merge dict base items get key {} value base items[key] base mergeelse base items[key] new items[key]return base items,How do new_items merge into some base_items ?,recursively,in place,2,2,2,2
q2374,codeqa,When,def exhaust rule def exhaustive rl expr new old rule expr expr while new old new old rule new new return newreturn exhaustive rl,Till when has the code apply a rule repeatedly ?,until it has no effect,Until,2,2,2,2
q2381,codeqa,When,def hash question question timestamp timestamp format timestamp timestamp hexsha checksum question question timestamp return u'' join hexsha timestamp b64 encode question encode u'utf- 8 ' decode u'ascii',When can it be verified ?,later,"Yes 
It can be verified by checking the checksum.",2,2,2,2
q2421,codeqa,Where,def move And Symlink File src File dest File try move File src File dest File symlink dest File src File except Exception as error logger log u' Failedtocreatesymlinkof{ 0 }at{ 1 } Error {2 } Copyinginstead' format src File dest File error logger WARNING copy File src File dest File,In which direction does the code move a file to destination ?,from source,Copy,2,2,2,2
q2431,codeqa,How,"def get cache backend **kwargs try if ' //' in backend backend location params parse backend uri backend if backend in BACKENDS backend 'django core cache backends %s' % BACKENDS[backend] params update kwargs mod importlib import module backend backend cls mod Cache Classelse backend location params parse backend conf backend **kwargs mod path cls name backend rsplit ' ' 1 mod importlib import module mod path backend cls getattr mod cls name except Attribute Error Import Error as e raise Invalid Cache Backend Error "" Couldnotfindbackend'%s' %s"" % backend e cache backend cls location params if hasattr cache 'close' signals request finished connect cache close return cache",How do a cache backend load ?,dynamically,It loads the backend and then calls its 'load' method.,2,2,2,2
q2449,codeqa,Where,def find version *file path version file read *file path version match re search VERSION RE version file re MULTILINE if version match return version match group 1 raise Runtime Error ' Unabletofindversionstring ',Where does the version number appear ?,in the file,in the file path,2,2,2,2
q2522,codeqa,How,def order rainbow s colors shuffle [ globals [i encode 'utf 8 ' ] if not str i isdigit else term color int i for i in c['CYCLE COLOR']]colored [colors shuffle[ i % 7 ] s[i] for i in xrange len s ]return '' join colored,How do a string with ordered color print ?,with each character,in-place,2,2,2,2
q2523,codeqa,When,def safezip *args Nx len args[ 0 ] for i arg in enumerate args[ 1 ] if len arg Nx raise Value Error safezip msg % Nx i + 1 len arg return list zip *args,When does the code make sure * args * are equal len ?,before zipping,"Yes, when the length of the first argument is equal to the number of arguments.",2,2,2,2
q2531,codeqa,When,def shutdown signum global WANTDOW Nprint 'SHUTDOWN gotsignal%d willhaltaftercurrentfile ' % signum WANTDOWN True,When does the global variable wantdown to true set to stop everything ?,after the current files have been processed,When the signal number signum is received.,2,2,2,2
q2559,codeqa,Where,def trima a limits None inclusive True True a ma asarray a a unshare mask if limits is None or limits None None return a lower lim upper lim limits lower in upper in inclusivecondition Falseif lower lim is not None if lower in condition a < lower lim else condition a < lower lim if upper lim is not None if upper in condition a > upper lim else condition a > upper lim a[condition filled True ] maskedreturn a,Where do the data mask ?,outside some given limits,in the resulting array,2,2,2,2
q2566,codeqa,How,def image property delete context prop ref image ref session None session session or get session prop session query models Image Property filter by image id image ref name prop ref one prop delete session session return prop,How did by image_property_create and image_property_update use the code ?,internally,They used the code to delete an image property.,2,2,2,2
q2575,codeqa,Where,def scale reader writer column start stop multiple for i row in enumerate reader if i > start and i < stop row[column] type multiple row[column] * multiple writer append Record row,Where does a value multiply ?,over a range of rows,row,2,2,2,2
q2602,codeqa,How,def md 5 shard word return 'server%d' % ord hashlib md 5 word digest [ -1 ] % 4,How do data assign to servers ?,using a hash value,Assigns data to servers in a cyclic manner.,2,2,2,2
q2608,codeqa,How,@rule u' ?u * https? //\\S+ *' def title auto bot trigger if re match bot config core prefix + u'title' trigger returnif u'safety cache' in bot memory and trigger in bot memory[u'safety cache'] if bot memory[u'safety cache'][trigger][u'positives'] > 1 returnurls re findall url finder trigger if len urls 0 returnresults process urls bot trigger urls bot memory[u'last seen url'][trigger sender] urls[ -1 ]for title domain in results[ 4] message u'[%s]-%s' % title domain if message trigger bot say message,How do titles for urls show ?,automatically,in a list,2,2,2,2
q2621,codeqa,When,def oo image tag to rpm version version include dash False if not isinstance version string types raise errors Ansible Filter Error ' failedexpectsastringorunicode' if version startswith 'v' version version[ 1 ]version version split '-' [0 ]if include dash and version and not version startswith '-' version '-' + version return version,When do empty strings and strings be in rpm version format ?,already,When empty strings and strings start with 'v'.,2,2,2,2
q2628,codeqa,Where,def validate required if set other field **kwargs def validator form field other field value getattr form other field dataif other field value if field data is None or isinstance field data str unicode and not field data strip or isinstance field data File Storage and not field data filename strip raise validators Validation Error ' Thisfieldisrequiredif%sisset ' % other field else field errors[ ] []raise validators Stop Validation return validator,Where did the code use as a validator ?,within a wtforms,form,2,2,2,2
q361,codeqa,When,def wait write fileno timeout None timeout exc timeout 'timedout' event None if event is None event core write event fileno wait helper timeout getcurrent timeout exc else assert event callback wait helper event callbackassert event arg is None ' Thiseventisalreadyusedbyanothergreenlet %r' % event arg event arg getcurrent timeout exc event add timeout try switch result get hub switch assert event is switch result ' Invalidswitchintowait write %r' % switch result finally event arg Noneevent cancel,Till when is fileno ready to write ?,until *,None,1,1,1,1
q366,codeqa,Where,def pix 2 deg pixels monitor correct Flat False scr Width Cm monitor get Width scr Size Pix monitor get Size Pix if scr Size Pix is None msg ' Monitor%shasnoknownsizeinpixels SEEMONITORCENTER 'raise Value Error msg % monitor name if scr Width Cm is None msg ' Monitor%shasnoknownwidthincm SEEMONITORCENTER 'raise Value Error msg % monitor name cm Size pixels * float scr Width Cm / scr Size Pix[ 0 ] return cm 2 deg cm Size monitor correct Flat,Where do size in pixels convert to size for a given monitor object ?,in degrees,cm,1,1,1,1
q368,codeqa,When,def test special cases import foo Are Equal foo Foo BAR 4 for partial ns in ['ZERO' 'ONE' 'a' 'UNDERSCORE' 'WHITESPACE' 'BIGFILENAME'] mod name 'foo' + partial ns exec 'import' + mod name exec ' Are Equal ' + mod name + ' Foo BAR 1 ',Till when should by ip be supported extraordinary cases ?,still,None,1,1,1,1
q370,codeqa,Where,def newer group sources target missing 'error' if not os path exists target return 1from stat import ST MTIM Etarget mtime os stat target [ST MTIME]for source in sources if not os path exists source if missing 'error' passelif missing 'ignore' continueelif missing 'newer' return 1source mtime os stat source [ST MTIME]if source mtime > target mtime return 1else return 0,Where did any file list ?,in sources,None,1,1,1,1
q375,codeqa,Where,def wait set name value profile None return {'name' name 'changes' {} 'result' True 'comment' ''},Where did the code set a key only if the watch statement calls it ?,in etcd,None,1,1,1,1
q379,codeqa,Where,def royal road 1 individual order nelem len individual / order max value int 2 ** order - 1 total 0for i in xrange nelem value int '' join map str individual[ i * order i * order + order ] 2 total + int order * int value / max value return total,Where did by melanie mitchell present ?,in,I can't provide an answer to this question as it is not related to the code provided.,1,1,1,1
q380,codeqa,How,@receiver post migrate def create index sender None **kwargs STORAGE create,How does storage directory create ?,automatically,None,1,1,1,1
q381,codeqa,For what purpose,def redact loc image meta if 'location' in image meta tmp image meta copy copy image meta del tmp image meta['location']return tmp image metareturn image meta,For what purpose did location remove ?,for security,location,1,1,1,1
q384,codeqa,How,def pretty xml container name raw root container parse xml raw if name container opf name pretty opf root pretty xml tree root return serialize root u'text/xml',How did the xml represent ?,in raw,xml,1,1,1,1
q388,codeqa,Where,def generate cache key request method headerlist key prefix ctx hashlib md 5 for header in headerlist value request META get header None if value is not None ctx update value path hashlib md 5 iri to uri request get full path cache key 'views decorators cache cache page %s %s %s %s' % key prefix method path hexdigest ctx hexdigest return i18 n cache key suffix request cache key,Where did the headers give ?,in the header list,views,1,1,1,1
q394,codeqa,When,def resolve property style map elem name inheritable name in INHERITED q elemwhile q is not None s style map get q if s is not None val s get name if val is not None return valq q getparent if inheritable else None return defvals get name,When did by generate a style_map ?,previously,None,1,1,1,1
q398,codeqa,For what purpose,def enter transaction management managed True using None if using is None using DEFAULT DB ALIA Sconnection connections[using]connection enter transaction management managed,For what purpose does transaction management enter ?,for a running thread,None,1,1,1,1
q411,codeqa,How,def create local srs host ref create sr name label ' Localstorage ISO' type 'iso' other config {'i 18 n-original-value-name label' ' Localstorage ISO' 'i 18 n-key' 'local-storage-iso'} physical size 80000 physical utilisation 40000 virtual allocation 80000 host ref host ref return create sr name label ' Localstorage' type 'ext' other config {'i 18 n-original-value-name label' ' Localstorage' 'i 18 n-key' 'local-storage'} physical size 40000 physical utilisation 20000 virtual allocation 10000 host ref host ref,How did the one create on the local disk ?,by default by the xenserver installer,in descending order,1,1,1,1
q413,codeqa,Where,def send update with states context instance old vm state new vm state old task state new task state service 'compute' host None verify states False if not CONF notifications notify on state change returnfire update Trueif verify states fire update Falseif old vm state new vm state fire update Trueelif CONF notifications notify on state change 'vm and task state' and old task state new task state fire update Trueif fire update try send instance update notification context instance old vm state old vm state old task state old task state new vm state new vm state new task state new task state service service host host except exception Instance Not Found LOG debug ' Failedtosendinstanceupdatenotification Theinstancecouldnotbefoundandwasmostlikelydeleted ' instance instance except Exception LOG exception LE ' Failedtosendstateupdatenotification' instance instance,In which direction does the code send ?,compute,None,1,1,1,1
q415,codeqa,When,"def unregister webapi capabilities capabilities id try del registered capabilities[capabilities id]except Key Error logging error u' Failedtounregisterunknownweb AP Icapabilities""%s"" ' capabilities id raise Key Error u'""%s""isnotaregisteredweb AP Icapabilitiesset' % capabilities id",When did set register ?,previously,set,1,1,1,1
q418,codeqa,Where,def ipaddrs return proxy ['napalm call'] 'get interfaces ip' **{},Where did ip addresses configure ?,on the device,None,1,1,1,1
q425,codeqa,For what purpose,def rename ep file cur path new path old path length 0 if old path length 0 or old path length > len cur path cur file name cur file ext os path splitext cur path else cur file ext cur path[old path length ]cur file name cur path[ old path length]if cur file ext[ 1 ] in subtitle Extensions sublang os path splitext cur file name [1 ][ 1 ]from sickrage core searchers import subtitle searcherif subtitle searcher is Valid Language sublang cur file ext u' ' + sublang + cur file ext new path + cur file extmake dirs os path dirname new path try sickrage sr Core sr Logger info u' Renamingfilefrom%sto%s' % cur path new path move File cur path new path except OS Error IO Error as e sickrage sr Core sr Logger error u' Failedrenaming%sto%s %r' % cur path new path e return Falsedelete empty folders os path dirname cur path return True,For what purpose did all folders need ?,to move a file to its new location,delete,1,1,1,1
q427,codeqa,How,def get all doctype *args **kwargs kwargs[u'ignore permissions'] Trueif not u'limit page length' in kwargs kwargs[u'limit page length'] 0return get list doctype *args **kwargs,How do database query list ?,via frappe,None,1,1,1,1
q431,codeqa,Where,def usage drives []ret {}drive bitmask ctypes windll kernel 32 Get Logical Drives for letter in UPPERCASE if drive bitmask & 1 drives append letter drive bitmask >> 1for drive in drives try available bytes total bytes total free bytes win 32 api Get Disk Free Space Ex '{ 0 } \\' format drive used total bytes - total free bytes capacity used / float total bytes * 100 ret['{ 0 } \\' format drive ] {'filesystem' '{ 0 } \\' format drive '1 K-blocks' total bytes / 1024 'used' used / 1024 'available' total free bytes / 1024 'capacity' '{ 0 0f}%' format capacity }except Exception ret['{ 0 } \\' format drive ] {'filesystem' '{ 0 } \\' format drive '1 K-blocks' None 'used' None 'available' None 'capacity' None}return ret,Where did volumes mount ?,on this minion cli example,None,1,1,1,1
q439,codeqa,For what purpose,"def heuristic Check Dbms injection ret Val Falsepush Value kb injection kb injection injectionfor dbms in get Public Type Members DBMS True rand Str 1 rand Str 2 random Str random Str Backend force Dbms dbms if conf no Escape and dbms not in FROM DUMMY TABLE continueif check Boolean Expression "" SELECT'%s'%s '%s'"" % rand Str 1 FROM DUMMY TABLE get dbms '' rand Str 1 if not check Boolean Expression "" SELECT'%s'%s '%s'"" % rand Str 1 FROM DUMMY TABLE get dbms '' rand Str 2 ret Val dbmsbreak Backend flush Forced Dbms kb injection pop Value if ret Val info Msg 'heuristic extended testshowsthattheback-end DBMS'info Msg + ""couldbe'%s'"" % ret Val logger info info Msg return ret Val",For what purpose has the dbms been not fingerprinted when when ?,to attempt to identify with a simple dbms specific boolean - based test what the dbms may be,dbms,1,1,1,1
q445,codeqa,For what purpose,def task install api certificates api cert api key return sequence [run 'mkdir-p/etc/flocker' run 'chmodu rw X g o /etc/flocker' put path '/etc/flocker/plugin crt' content api cert get Content put path '/etc/flocker/plugin key' content api key get Content log content filter remove private key ],For what purpose did by docker plugin require private key ?,to,install,1,1,1,1
q448,codeqa,How,def process dataset name directory num shards synset to human image to bboxes filenames synsets labels find image files directory FLAGS labels file humans find human readable labels synsets synset to human bboxes find image bounding boxes filenames image to bboxes process image files name filenames synsets labels humans bboxes num shards,By how much did data set ?,complete,None,1,1,1,1
q449,codeqa,Where,def change sequence seq action seqno Unspecified cond Unspecified for i in range len seq if seq[i][ 0 ] action if cond is Unspecified cond seq[i][ 1 ]if seqno is Unspecified seqno seq[i][ 2 ]seq[i] action cond seqno returnraise Value Error ' Actionnotfoundinsequence',Where do the sequence number of an action change ?,in a sequence list,None,1,1,1,1
q451,codeqa,When,def millis to datetime millis opts diff millis % 1000 + 1000 % 1000 seconds millis - diff / 1000 micros diff * 1000 if opts tz aware dt EPOCH AWARE + datetime timedelta seconds seconds microseconds micros if opts tzinfo dt dt astimezone opts tzinfo return dtelse return EPOCH NAIVE + datetime timedelta seconds seconds microseconds micros,When do milliseconds convert to datetime ?,since epoch utc,seconds,1,1,1,1
q458,codeqa,For what purpose,def main if os getuid 0 sys stderr write 'youmustberoottorunthisscript\n' returnsetup environ configure motd configure cloud init configure bash configure apt sources upgrade packages install build utils install gridscheduler install condor install pydrmaa install atlas install numpy install scipy install ipython install openmpi install hadoop install nfs install default packages configure init cleanup,For what purpose do code docstr ?,for main,None,1,1,1,1
q467,codeqa,How,def create or resurrect store f parent name translation project try store Store objects get parent parent name name store resurrect save False resurrect units False store log user 'system' action STORE RESURRECTED path store pootle path store store id except Store Does Not Exist store Store objects create file f parent parent name name translation project translation project return store,How do a store db item create ?,with given name and parent,create,1,1,1,1
q471,codeqa,Where,def get module and frameid node frame node frame module obj '' [] while frame if isinstance frame Module module frame nameelse obj append getattr frame 'name' '<lambda>' try frame frame parent frame except Attribute Error frame Noneobj reverse return module ' ' join obj,Where do i would the frame ?,in the module,None,1,1,1,1
q483,codeqa,Where,def calculate from transitions trans probs transitions dict for from state to state in trans probs try transitions[from state] append to state except Key Error transitions[from state] [to state]return transitions,In which direction do this look all of the trans_probs ?,through,For,1,1,1,1
q484,codeqa,For what purpose,def setup hass instance emulated hue config hass get test home assistant run coroutine threadsafe core components async setup hass {core DOMAIN {}} hass loop result bootstrap setup component hass http DOMAIN {http DOMAIN {http CONF SERVER PORT HTTP SERVER PORT}} bootstrap setup component hass emulated hue DOMAIN emulated hue config return hass,For what purpose did the code set the home assistant instance ?,to test,hass instance,1,1,1,1
q485,codeqa,How,@testing requires testing datadef test read labels from annot annot 2 labels label fnames glob glob label dir + '/* label' label fnames sort labels mne [read label fname for fname in label fnames]labels read labels from annot 'sample' subjects dir subjects dir assert labels equal labels labels mne ignore pos True,How do labels from parc read ?,test,reads,1,1,1,1
q491,codeqa,For what purpose,def csrf response exempt view func warnings warn 'csrf response exemptisdeprecated Itnolongerperformsafunction andcallstoitcanberemoved ' Deprecation Warning return view func,For what purpose does a view function modify ?,so that its response is exempt from the post - processing of the csrf middleware,None,1,1,1,1
q492,codeqa,How,def set Optimize conf keep Alive Trueconf threads 3 if conf threads < 3 else conf threads conf null Connection not any conf data conf text Only conf titles conf string conf not String conf regexp conf tor if not conf null Connection debug Msg 'turningoff--null-connectionswitchusedindirectlybyswitch-o'logger debug debug Msg,How did options turn ?,by switch,None,1,1,1,1
q493,codeqa,How,@pytest mark django dbdef test apiview delete rf view User API View as view user User Factory create username 'foo' request create api request rf 'delete' response view request assert response status code 405 assert User objects filter id user id count 1 response view request id user id assert response status code 200 assert User objects filter id user id count 0 with pytest raises Http 404 view request id user id,How do an object delete ?,using the api,It does not exist.,1,1,1,1
q501,codeqa,How,def parse nick template string template regex outtemplate match template regex match string if match return True outtemplate format **match groupdict return False string,How do a template regex create ?,with initialize_nick_template,return True,1,1,1,1
q502,codeqa,Where,def getprime nbits while True integer rsa randnum read random int nbits integer 1if is prime integer return integer,Where can a prime number be stored ?,in nbits bits,integer,1,1,1,1
q506,codeqa,How,def test cache get nonexistent data config stub tmpdir config stub data {'storage' {'cache-size' 1024 } 'general' {'private-browsing' False}}disk cache cache Disk Cache str tmpdir preload cache disk cache 'https //qutebrowser org' assert disk cache data Q Url 'http //qutebrowser org' is None,How do some data that was never inserted query ?,test,None,1,1,1,1
q517,codeqa,Where,def service restart name r salt utils http query DETAILS['url'] + 'service/restart/' + name decode type 'json' decode True return r['dict'],"Where does the code restart a "" service "" ?",on the rest server,service,1,1,1,1
q523,codeqa,When,def disconnected grad x return disconnected grad x,When does the code consider an expression constant ?,when computing gradients,Constant,1,1,1,1
q525,codeqa,Where,def from pci stats pci stats pools []if isinstance pci stats six string types try pci stats jsonutils loads pci stats except Value Error Type Error pci stats Noneif pci stats if 'nova object namespace' in pci stats return objects Pci Device Pool List obj from primitive pci stats elif isinstance pci stats list pools [objects Pci Device Pool from dict stat for stat in pci stats]else pools [objects Pci Device Pool from dict pci stats ]return objects Pci Device Pool List objects pools,Where did the data store ?,in the db,None,1,1,1,1
q528,codeqa,How,def get cookie header jar request r Mock Request request jar add cookie header r return r get new headers get ' Cookie',How be an appropriate cookie header string sent ?,with request,get'Cookie',1,1,1,1
q538,codeqa,Where,def test identity input ident 1 Identity 1 shift Shift 1 rotation Rotation 2 D angle 90 model ident 1 & shift rotation assert allclose model 1 2 [ -3 0 1 0] Test Model ident 1 & Shift Rotation 2 D model Test Model offset 1 1 angle 2 90 assert allclose model 1 2 [ -3 0 1 0],Where is an identity model the first in a chain of composite models ?,a case,First,1,1,1,1
q539,codeqa,How,def get Geometry Output By Arguments arguments element Node evaluate set Attributes By Arguments ['start' 'end' 'step'] arguments element Node return get Geometry Output None element Node,How does the code get vector3 vertexes from attribute dictionary ?,by arguments,None,1,1,1,1
q541,codeqa,Where,@conf commands registerdef srloop pkts *args **kargs return sr loop sr pkts *args **kargs,Where does the code send a packet ?,at layer 3,srloop,1,1,1,1
q544,codeqa,Where,@register inclusion tag u'admin/actions html' takes context True def admin actions context context[u'action index'] context get u'action index' -1 + 1 return context,Where has the action field been rendered the number of times ?,on the page,1,1,1,1,1
q546,codeqa,When,def print queries for query in connection queries print query['sql'] + ' \n',When do all sql queries execute ?,so far,When,1,1,1,1
q549,codeqa,When,def ne chunk sents tagged sentences binary False if binary chunker pickle BINARY NE CHUNKE Relse chunker pickle MULTICLASS NE CHUNKE Rchunker load chunker pickle return chunker parse sents tagged sentences,When did entity chunker recommend ?,currently,None,1,1,1,1
q550,codeqa,When,def pre begin opt global optionsoptions optfor fn in pre configure fn options file config,When do things set ?,early,When,1,1,1,1
q552,codeqa,How,def create sink global last sink id sink id lock sinkssink id lock acquire try this sink id last sink idlast sink id last sink id + 1 % sys maxint finally sink id lock release sink Sink this sink id sinks[this sink id] sinkreturn sink,How d a numeric i d incremented ?,in a threadsafe way,the numeric id,1,1,1,1
q554,codeqa,How,def get document content xml node pretty indent xml node return tostring xml node 'utf- 8 ',How did xml format ?,nicely,xml,1,1,1,1
q558,codeqa,When,def test regex bad pattern assert raises re error inputs regex '[',When did error raise ?,immediately,Error,1,1,1,1
q560,codeqa,When,def routes family None if family 'inet' and family 'inet 6 ' and family is not None raise Command Execution Error ' Invalidaddressfamily{ 0 }' format family if grains ['kernel'] ' Linux' routes netstat route linux elif grains ['kernel'] ' Sun OS' routes netstat route sunos elif grains ['os'] in [' Free BSD' ' Mac OS' ' Darwin'] routes netstat route freebsd elif grains ['os'] in [' Net BSD'] routes netstat route netbsd elif grains ['os'] in [' Open BSD'] routes netstat route openbsd else raise Command Execution Error ' Notyetsupportedonthisplatform' if not family return routes else ret [route for route in routes if route['addr family'] family ]return ret,When did configured routes return from routing table ?,currently,None,1,1,1,1
q562,codeqa,Where,def find command cmd common bin paths ['/usr/libexec' '/usr/local/sbin' '/usr/local/bin' '/usr/sbin' '/usr/bin' '/sbin' '/bin']try path paths os environ['PATH'] split ' ' except Index Error path paths []path paths unique common bin paths + path paths for dir path in path paths cmd path os path join dir path cmd if os path isfile cmd path return os path abspath cmd path raise Value Error ' Missingcommand %s' % cmd,Where do a command find ?,in the path,'/usr/libexec',1,1,1,1
q577,codeqa,When,def console get all by instance context instance uuid return IMPL console get all by instance context instance uuid,When do consoles get ?,for a given instance,When,1,1,1,1
q578,codeqa,Where,def test error wrong object smote 'rnd'enn 'rnd'smt SMOTEENN smote smote random state RND SEED assert raises Value Error smt fit X Y smt SMOTEENN enn enn random state RND SEED assert raises Value Error smt fit X Y,Where are wrong objects provided ?,at the initialization,enn,1,1,1,1
q581,codeqa,When,def rejectionline n alpha 0 5 t np arange n / float n frej t / t * 1 - alpha + alpha return frej,When did multiple tests not use ?,anymore,None,1,1,1,1
q582,codeqa,When,def best docstring param 1 param 2 return None,When is this the best docstring ?,ever,None,1,1,1,1
q590,codeqa,Where,def implements *interfaces implements 'implements' interfaces class Implements,Where is this function called ?,in a class definition,class Implements,1,1,1,1
q594,codeqa,When,def test multiclass error y np linspace 0 1 20 bc Balance Cascade random state RND SEED assert warns User Warning bc fit X y y np array [0 ] * 3 + [1 ] * 2 + [2 ] * 15 bc Balance Cascade random state RND SEED assert warns User Warning bc fit X y,When is an error raised ?,when the target are not binary type,Error,1,1,1,1
q600,codeqa,When,@require contextdef vol get usage by time context begin return model query context models Volume Usage read deleted 'yes' filter or models Volume Usage tot last refreshed None models Volume Usage tot last refreshed > begin models Volume Usage curr last refreshed None models Volume Usage curr last refreshed > begin all,When have return volumes usage been updated ?,after a specified time,all,1,1,1,1
q602,codeqa,For what purpose,def inspect response response spider None from scrapy project import crawler Shell crawler start response response spider spider,For what purpose does the code open a shell ?,to inspect the given response,shell,1,1,1,1
q610,codeqa,Where,"@pytest fixturedef test blob cloud config bucket storage Client bucket cloud config storage bucket blob Blob 'encryption test sigil' bucket encryption key TEST ENCRYPTION KEY DECODED content "" Hello isitmeyou'relookingfor?""blob upload from string content return blob name content",Where does the code provide a pre - existing blob ?,in the test bucket,bucket,1,1,1,1
q611,codeqa,When,"@pytest fixturedef test blob cloud config bucket storage Client bucket cloud config storage bucket blob Blob 'encryption test sigil' bucket encryption key TEST ENCRYPTION KEY DECODED content "" Hello isitmeyou'relookingfor?""blob upload from string content return blob name content",When do blob exist ?,pre,blob,1,1,1,1
q614,codeqa,For what purpose,def convert user name or id to id user name or id context session context['session']result session query model User filter by id user name or id first if not result result session query model User filter by name user name or id first if not result raise df Invalid '%s %s' % ' Notfound' ' User' return result id,For what purpose do the user i would the given user name or i d ?,for,User,1,1,1,1
q623,codeqa,Where,"@register tagdef showifcached parser token tokens token contents split if len tokens 2 raise Template Syntax Error u""'%r'tagrequires 1 argument "" % tokens[ 0 ] return Show If Cached Node tokens[ 1 ]",Where do it exist ?,in the cache,Node,1,1,1,1
q624,codeqa,How,def prepare input source source base '' if type source in String Types source xmlreader Input Source source elif hasattr source 'read' f sourcesource xmlreader Input Source source set Byte Stream f if hasattr f 'name' source set System Id f name if source get Byte Stream is None sysid source get System Id basehead os path dirname os path normpath base sysidfilename os path join basehead sysid if os path isfile sysidfilename source set System Id sysidfilename f open sysidfilename 'rb' else source set System Id urlparse urljoin base sysid f urllib urlopen source get System Id source set Byte Stream f return source,By how much did inputsource object resolve ?,fully,None,1,1,1,1
q628,codeqa,For what purpose,def renewal filename for lineagename config lineagename return os path join config renewal configs dir lineagename + ' conf',For what purpose does the lineagename return ?,for a configuration filename,config,1,1,1,1
q632,codeqa,Where,def get From Object Or XML Element xml Element xml Element Matrix Noneif xml Element object None xml Element Matrix xml Element object matrix 4 X 4 else xml Element Matrix Matrix return xml Element Matrix get From XML Element 'matrix ' xml Element,In which direction does the code get matrix if it exists ?,from the object,None,1,1,1,1
q643,codeqa,How,def test condition true false if condition return trueelse return false,How did to correctly interpret plural forms require ?,FALSE,TRUE,1,1,1,1
q648,codeqa,When,def SCORE fragment return None,When does higher scored passages sort ?,first,None,1,1,1,1
q649,codeqa,When,def sel Epsilon Lexicase individuals k epsilon selected individuals []for i in range k fit weights individuals[ 0 ] fitness weightscandidates individualscases list range len individuals[ 0 ] fitness values random shuffle cases while len cases > 0 and len candidates > 1 if fit weights[cases[ 0 ]] > 0 best val for case max map lambda x x fitness values[cases[ 0 ]] candidates min val to survive case best val for case - epsilon candidates list filter lambda x x fitness values[cases[ 0 ]] > min val to survive case candidates else best val for case min map lambda x x fitness values[cases[ 0 ]] candidates max val to survive case best val for case + epsilon candidates list filter lambda x x fitness values[cases[ 0 ]] < max val to survive case candidates cases pop 0 selected individuals append random choice candidates return selected individuals,When does an individual do the best ?,when considered one at a time in random order,best,1,1,1,1
q650,codeqa,When,def check download dir link download dir hashes download path os path join download dir link filename if os path exists download path logger info ' Filewasalreadydownloaded%s' download path if hashes try hashes check against path download path except Hash Mismatch logger warning ' Previously-downloadedfile%shasbadhash Re-downloading ' download path os unlink download path return Nonereturn download pathreturn None,When did file download ?,previously,None,1,1,1,1
q652,codeqa,When,def dot sys stdout write ' ' sys stdout flush,Till when is ioloop responsive ?,still,None,1,1,1,1
q653,codeqa,Where,def list roots ret {}for saltenv in opts ['file roots'] ret[saltenv] []ret[saltenv] append list env saltenv return ret,Where do all of the files names return ?,in all available environments,files,1,1,1,1
q654,codeqa,When,def get Geometry Output By Step end loop steps step Vector xml Element steps Floor int math floor abs steps for step Index in xrange 1 steps Floor loop append loop[ step Index - 1 ] + step Vector loop append end return lineation get Geometry Output By Loop lineation Side Loop loop xml Element,When does the code get line geometry output ?,by the end,When,1,1,1,1
q658,codeqa,For what purpose,def disable name **kwargs return rcconf status name 'NO',For what purpose do the named service disable ?,to start at boot cli example,disable,1,1,1,1
q660,codeqa,How,def generic HTTP Channel Protocol Factory self return Generic HTTP Channel Protocol HTTP Channel,How did generichttpchannelprotocol initialize ?,appropriately,None,1,1,1,1
q668,codeqa,Where,def get path dir files dir Name nzb Name proc type path u''dirs []files []if dir Name sickbeard TV DOWNLOAD DIR and not nzb Name or proc type u'manual' for path dirs files in ek os walk dir Name breakelse path dirs ek os path split dir Name if not nzb Name is None or nzb Name endswith u' nzb' and ek os path isfile ek os path join dir Name nzb Name dirs []files [ek os path join dir Name nzb Name ]else dirs [dirs]files []return path dirs files,Where do files get ?,in a path,files,1,1,1,1
q669,codeqa,How,@require admin contextdef instance type access get by flavor id context flavor id instance type ref instance type get query context filter by flavorid flavor id first return [r for r in instance type ref projects],How does the code get flavor access list ?,by flavor,None,1,1,1,1
q672,codeqa,Where,@open file 1 mode 'w' def write dot G path P to pydot G path write P to string return,Where do networkx graph g write to graphviz dot format ?,on path,dot,1,1,1,1
q673,codeqa,How,def suspend name call None if call 'action' raise Salt Cloud System Exit ' Thesuspendactionmustbecalledwith-aor--action ' vm properties ['name' 'summary runtime power State']vm list salt utils vmware get mors with properties get si vim Virtual Machine vm properties for vm in vm list if vm['name'] name if vm['summary runtime power State'] 'powered Off' ret 'cannotsuspendinpoweredoffstate'log info 'VM{ 0 }{ 1 }' format name ret return retelif vm['summary runtime power State'] 'suspended' ret 'alreadysuspended'log info 'VM{ 0 }{ 1 }' format name ret return rettry log info ' Suspending VM{ 0 }' format name task vm['object'] Suspend salt utils vmware wait for task task name 'suspend' except Exception as exc log error ' Errorwhilesuspending VM{ 0 } {1 }' format name exc exc info on loglevel logging DEBUG return 'failedtosuspend'return 'suspended',How do a vm suspend ?,using its name cli example,suspended,1,1,1,1
q674,codeqa,Where,@utils positional 1 def transaction async callback **ctx options from import taskletsreturn tasklets get context transaction callback **ctx options,Where does the code run a callback ?,in a transaction,async,1,1,1,1
q685,codeqa,How,def instances fill metadata context instances manual joins None uuids [inst['uuid'] for inst in instances]if manual joins is None manual joins ['metadata' 'system metadata']meta collections defaultdict list if 'metadata' in manual joins for row in instance metadata get multi context uuids meta[row['instance uuid']] append row sys meta collections defaultdict list if 'system metadata' in manual joins for row in instance system metadata get multi context uuids sys meta[row['instance uuid']] append row filled instances []for inst in instances inst dict inst iteritems inst['system metadata'] sys meta[inst['uuid']]inst['metadata'] meta[inst['uuid']]filled instances append inst return filled instances,How do instances fill with manually - joined metadata ?,selectively,filled instances,1,1,1,1
q686,codeqa,Where,def get terminal size current os platform system tuple xy Noneif current os u' Windows' tuple xy get terminal size windows if tuple xy is None tuple xy get terminal size tput if current os in [u' Linux' u' Darwin'] or current os startswith u'CYGWIN' tuple xy get terminal size linux if tuple xy is None print u'default' tuple xy 80 25 return tuple xy,Where do width and height of console - works get ?,on linux,console,1,1,1,1
q690,codeqa,How,def decorator factory cls attrs set dir cls if ' call ' in attrs raise Type Error ' Youcannotdecorateaclasswithanontrivial call method' if 'call' not in attrs raise Type Error ' Youcannotdecorateaclasswithouta callmethod' cls call call return cls,How does the code take a class ?,with a,in a string,1,1,1,1
q696,codeqa,When,@task@timeddef i18 n fastgenerate sh 'i 18 n toolgenerate',When do strings extract re - ?,first,Strings,1,1,1,1
q698,codeqa,How,def flatten request root write result Deferred state flatten Tree request root write Flattened Data state write result return result,How do a string representation of c{root } write using c{write } ?,incrementally,Flattened Data,1,1,1,1
q705,codeqa,For what purpose,def remove gulp files for filename in ['gulpfile js'] os remove os path join PROJECT DIRECTORY filename,For what purpose did files need ?,for grunt,remove,1,1,1,1
q708,codeqa,How,def get Transformed Vector 3 Blindly tetragrid vector 3 return Vector 3 get Transformed By List tetragrid[ 0 ] vector 3 get Transformed By List tetragrid[ 1 ] vector 3 get Transformed By List tetragrid[ 2 ] vector 3,How do the vector3 multiply by a tetragrid ?,without checking if the tetragrid exists,Vector 3,1,1,1,1
q715,codeqa,How,def on doctype update frappe db add index u' Email Queue' u'status' u'send after' u'priority' u'creation' u'index bulk flush',How do index add ?,in tabcommunication for,bulk,1,1,1,1
q716,codeqa,When,def expected cost for region short number region dialing from if isinstance short number Phone Number short number national significant number short number metadata Phone Metadata short metadata for region region dialing from if metadata is None return Short Number Cost UNKNOWN COS Tif is number matching desc short number metadata premium rate return Short Number Cost PREMIUM RAT Eif is number matching desc short number metadata standard rate return Short Number Cost STANDARD RAT Eif is number matching desc short number metadata toll free return Short Number Cost TOLL FRE Eif is emergency number short number region dialing from return Short Number Cost TOLL FRE Ereturn Short Number Cost UNKNOWN COST,When does the code get the expected cost category of a short number ?,when dialled from a region,Short Number Cost,1,1,1,1
q721,codeqa,When,def release address ec 2 address check mode if not check mode if not address release EIP Exception 'releasefailed' return {'changed' True},When did elastic ip address allocate ?,previously,None,1,1,1,1
q731,codeqa,For what purpose,def get tags name None instance id None call None location None kwargs None resource id None if location is None location get location if instance id is None if resource id is None if name instance id get node name ['instance Id']elif 'instance id' in kwargs instance id kwargs['instance id']elif 'resource id' in kwargs instance id kwargs['resource id']else instance id resource idparams {' Action' ' Describe Tags' ' Filter 1 Name' 'resource-id' ' Filter 1 Value' instance id}return aws query params setname 'tag Set' location location provider get provider opts opts sigver '4 ',For what purpose do tags retrieve ?,for a resource,Tags,1,1,1,1
q736,codeqa,How,def test any assert not hug validate any hug validate contains one of 'last' 'year' hug validate contains one of 'first' 'place' TEST SCHEMA assert hug validate any hug validate contains one of 'last' 'year' hug validate contains one of 'no' 'way' TEST SCHEMA,How does any validation function work to ensure hugs ?,as expected to combine validators,contains one of 'last' 'year',1,1,1,1
q738,codeqa,How,def user has perm user perm obj None cache 'user' project get object project obj if not project return Falsereturn perm in get user project permissions user project cache cache,How are memberships calculated ?,how,None,1,1,1,1
q743,codeqa,Where,def do striptags value if hasattr value ' html ' value value html return Markup unicode value striptags,Where do adjacent whitespace replace ?,by one space,whitespace,1,1,1,1
q745,codeqa,For what purpose,"def heuristic Check Dbms injection ret Val Falsepush Value kb injection kb injection injectionfor dbms in get Public Type Members DBMS True if not FROM DUMMY TABLE get dbms '' continue rand Str 1 rand Str 2 random Str random Str Backend force Dbms dbms if check Boolean Expression "" SELECT'%s'%s '%s'"" % rand Str 1 FROM DUMMY TABLE get dbms '' rand Str 1 if not check Boolean Expression "" SELECT'%s'%s '%s'"" % rand Str 1 FROM DUMMY TABLE get dbms '' rand Str 2 ret Val dbmsbreak Backend flush Forced Dbms kb injection pop Value if ret Val info Msg 'heuristic extended testshowsthattheback-end DBMS'info Msg + ""couldbe'%s'"" % ret Val logger info info Msg return ret Val",For what purpose has the dbms been not fingerprinted when when ?,to attempt to identify with a simple dbms specific boolean - based test what the dbms may be,FALSE,1,1,1,1
q748,codeqa,When,def get jid jid serv get serv ret None minions get list serv 'minions' returns serv get multi minions key prefix '{ 0 } ' format jid ret {}for minion data in six iteritems returns ret[minion] json loads data return ret,When did the information return ?,when the specified job i d was executed,None,1,1,1,1
q749,codeqa,When,@require contextdef volume get active by window context begin end None project id None session get session query session query models Volume query query filter or models Volume deleted at None models Volume deleted at > begin if end query query filter models Volume created at < end if project id query query filter by project id project id return query all,When were return volumes were active ?,during window,active,1,1,1,1
q751,codeqa,Where,def get context first object context context lookups return get context first matching object context context lookups [1 ],Where did the first object find ?,in the context,None,1,1,1,1
q752,codeqa,How,def raise error network option expected msg error msg network option expected log error msg raise Attribute Error msg,How do an error log ?,with a logical formatted message,None,1,1,1,1
q753,codeqa,How,def raise error network option expected msg error msg network option expected log error msg raise Attribute Error msg,How do an error raise ?,with a logical formatted message,Raises,1,1,1,1
q754,codeqa,When,def assert request user has resource db permission request resource db permission type has permission request user has resource db permission request request resource db resource db permission type permission type if not has permission user db get user db from request request request raise Resource Access Denied Error user db user db resource db resource db permission type permission type,When did user log ?,currently,None,1,1,1,1
q757,codeqa,When,def list modules desc False cmd u' Get- Installed Module'modules pshell cmd if isinstance modules dict ret []if desc modules ret {}modules ret[modules[u' Name']] copy deepcopy modules modules modules retreturn modulesret append modules[u' Name'] return retnames []if desc names {}for module in modules if desc names[module[u' Name']] modulecontinuenames append module[u' Name'] return names,When did psget modules instal ?,currently,None,1,1,1,1
q759,codeqa,When,def current stream lazy init return torch cuda Stream cdata torch C cuda get Current Stream,When did class select ?,currently,torch,1,1,1,1
q760,codeqa,When,def stop reactor global twisted threaddef stop reactor ' Helperforcallingstopfromwithingthethread 'reactor stop reactor call From Thread stop reactor reactor thread join for p in reactor get Delayed Calls if p active p cancel twisted thread None,Till when does the code join the reactor thread ?,until it stops,None,1,1,1,1
q761,codeqa,Where,def multi method method api 'multi'return method,Where is self a recordset ?,a record - style method,None,1,1,1,1
q763,codeqa,How,def test simple class based view @hug object urls '/endpoint' requires class My Class object @hug object get def my method self return 'hithere '@hug object post def my method two self return 'bye'assert hug test get api 'endpoint' data 'hithere ' assert hug test post api 'endpoint' data 'bye',How did routers base ?,class,None,1,1,1,1
q765,codeqa,When,def find hessian diag point vars None model None model modelcontext model H model fastfn hessian diag model logpt vars return H Point point model model,When does hessian of logp return ?,at the point passed,None,1,1,1,1
q766,codeqa,How,def replace methodname format string methodname methodnamehyphen methodname replace ' ' '-' ret format stringret ret replace '{methodname}' methodname ret ret replace '{methodnamehyphen}' methodnamehyphen return ret,By how much do a format_string format ?,partially,format_string,1,1,1,1
q773,codeqa,Where,def open dir dirname indexname None mapped True readonly False if indexname is None indexname DEF INDEX NAM Efrom whoosh filedb filestore import File Storagestorage File Storage dirname mapped mapped readonly readonly return storage open index indexname,Where do an index open ?,in a directory,file,1,1,1,1
q782,codeqa,How,"def referenced word article INDEFINITE gender MALE s '%s&space %s' % article word article gender word s s replace ""'&space "" ""'"" s s replace '&space ' '' return s",How does a string return ?,with the article + the word,string,1,1,1,1
q783,codeqa,How,def Get Campaign Feeds client feed placeholder type campaign feed service client Get Service ' Campaign Feed Service' 'v 201605 ' campaign feeds []more pages Trueselector {'fields' [' Campaign Id' ' Matching Function' ' Placeholder Types'] 'predicates' [{'field' ' Status' 'operator' 'EQUALS' 'values' ['ENABLED']} {'field' ' Feed Id' 'operator' 'EQUALS' 'values' [feed['id']]} {'field' ' Placeholder Types' 'operator' 'CONTAINS ANY' 'values' [placeholder type]}] 'paging' {'start Index' 0 'number Results' PAGE SIZE}}while more pages page campaign feed service get selector if 'entries' in page campaign feeds extend page['entries'] selector['paging']['start Index'] + PAGE SIZ Emore pages selector['paging']['start Index'] < int page['total Num Entries'] return campaign feeds,How did by a campaign use feed item ids ?,via a given campaign feed,Contains,1,1,1,1
q785,codeqa,Where,def bin 2 long text endian assert endian in LITTLE ENDIAN BIG ENDIAN bits [ ord character - ord '0 ' for character in text if character in '01 ' ]if endian is not BIG ENDIAN bits bits[ -1 ]size len bits assert 0 < size value 0for bit in bits value * 2value + bitreturn value,Where did binary number write ?,in a string,ENDIAN,1,1,1,1
q787,codeqa,How,def gethostname return os environ get 'HTTP HOST' 'www appspot com',How do the current host name return ?,string,None,1,1,1,1
q793,codeqa,For what purpose,@set databasedef create item **kwargs if item return Item create **parse model data item,For what purpose do us parse the model data ?,to compress extra fields,item,1,1,1,1
q799,codeqa,How,def is datetimelike data try maybe to datetimelike data return Trueexcept Exception passreturn False,How can we be converted to a datetimelike ?,successfully,try,1,1,1,1
q800,codeqa,For what purpose,def rename ep file cur path new path old path length 0 if old path length 0 or old path length > len cur path cur file name cur file ext ek os path splitext cur path else cur file ext cur path[old path length ]cur file name cur path[ old path length]if cur file ext[ 1 ] in SUBTITLE EXTENSIONS sublang ek os path splitext cur file name [1 ][ 1 ]if sublang in sickbeard subtitles subtitle code filter cur file ext u' ' + sublang + cur file ext new path + cur file extmake dirs ek os path dirname new path try logger log u' Renamingfilefrom{ 0 }to{ 1 }' format cur path new path ek shutil move cur path new path except OS Error IO Error as error logger log u' Failedrenaming{ 0 }to{ 1 } {2 }' format cur path new path error logger ERROR return Falsedelete empty folders ek os path dirname cur path return True,For what purpose did all folders need ?,to move a file to its new location,folders,1,1,1,1
q812,codeqa,Where,def db exists name user None password None host None port None authdb None dbs db list user password host port authdb authdb if isinstance dbs string types return Falsereturn name in dbs,Where does a database exist ?,in mongodb cli example,None,1,1,1,1
q815,codeqa,How,def Get Campaign Feeds client feed placeholder type campaign feed service client Get Service ' Campaign Feed Service' 'v 201607 ' campaign feeds []more pages Trueselector {'fields' [' Campaign Id' ' Matching Function' ' Placeholder Types'] 'predicates' [{'field' ' Status' 'operator' 'EQUALS' 'values' ['ENABLED']} {'field' ' Feed Id' 'operator' 'EQUALS' 'values' [feed['id']]} {'field' ' Placeholder Types' 'operator' 'CONTAINS ANY' 'values' [placeholder type]}] 'paging' {'start Index' 0 'number Results' PAGE SIZE}}while more pages page campaign feed service get selector if 'entries' in page campaign feeds extend page['entries'] selector['paging']['start Index'] + PAGE SIZ Emore pages selector['paging']['start Index'] < int page['total Num Entries'] return campaign feeds,How did by a campaign use feed item ids ?,via a given campaign feed,Contains,1,1,1,1
q816,codeqa,How,def forget sr session sr ref LOG debug ' Forgetting SR ' unplug pbds session sr ref session call xenapi 'SR forget' sr ref,How does the storage repository forget ?,without destroying the vdis within,Forgetting,1,1,1,1
q830,codeqa,Where,"def Parse And Simplify query node Parse query treetry node Simplify Node node Validate Node node except Query Tree Exception as e msg ""%sinquery'%s'"" % e message query raise Query Exception msg return node",Where does all necessary transformations perform ?,on the tree,Node,1,1,1,1
q832,codeqa,Where,def debug on error type value tb traceback print exc type value tb printpdb pm,Where did heller publish ?,in python cookbook,None,1,1,1,1
q839,codeqa,For what purpose,def date validator optdict name value return optik ext check date None name value,For what purpose do a mx datetime object return ?,for option of type date,date,1,1,1,1
q842,codeqa,Where,def prefetch one level instances prefetcher attname rel qs rel obj attr instance attr single cache name prefetcher get prefetch queryset instances additional prl getattr rel qs ' prefetch related lookups' [] if additional prl rel qs prefetch related lookups []all related objects list rel qs rel obj cache {}for rel obj in all related objects rel attr val rel obj attr rel obj rel obj cache setdefault rel attr val [] append rel obj for obj in instances instance attr val instance attr obj vals rel obj cache get instance attr val [] if single setattr obj cache name vals[ 0 ] if vals else None else qs getattr obj attname all qs result cache valsqs prefetch done Trueobj prefetched objects cache[cache name] qsreturn all related objects additional prl,Where does helper function for prefetch_related_objects run prefetches using the prefetcher object ?,on all instances,django,1,1,1,1
q851,codeqa,Where,@conf commands registerdef srp 1 *args **kargs if not kargs has key 'timeout' kargs['timeout'] -1 a b srp *args **kargs if len a > 0 return a[ 0 ][ 1 ]else return None,Where do packets receive ?,at layer 2,None,1,1,1,1
q852,codeqa,For what purpose,@conf commands registerdef srp 1 *args **kargs if not kargs has key 'timeout' kargs['timeout'] -1 a b srp *args **kargs if len a > 0 return a[ 0 ][ 1 ]else return None,For what purpose do 1 put ?,to avoid use of bpf filters retry : if positive,None,1,1,1,1
q853,codeqa,Where,@conf commands registerdef srp 1 *args **kargs if not kargs has key 'timeout' kargs['timeout'] -1 a b srp *args **kargs if len a > 0 return a[ 0 ][ 1 ]else return None,Where do packets send ?,at layer 2,None,1,1,1,1
q854,codeqa,How,def do pre ops cnxt stack current stack None action None cinstances get plug point class instances if action is None action stack action failure failure exception message success count do ops cinstances 'do pre op' cnxt stack current stack action None if failure cinstances cinstances[ 0 success count] do ops cinstances 'do post op' cnxt stack current stack action True raise Exception failure exception message,How do available pre - op methods call ?,sequentially,do pre ops cnxt stack current stack action None,1,1,1,1
q855,codeqa,Where,def check purchase paykey with statsd timer 'paypal payment details' try response call settings PAYPAL PAY URL + ' Payment Details' {'pay Key' paykey} except Paypal Error paypal log error ' Paymentdetailserror' exc info True return Falsereturn response['status'],In which direction has the purchase gone ?,through,Falser,1,1,1,1
q858,codeqa,How,def get obj content vimtype name obj Nonecontainer content view Manager Create Container View content root Folder vimtype True for c in container view if name if c name name obj cbreakelse obj cbreakcontainer Destroy return obj,How do an object return ?,by name,None,1,1,1,1
q862,codeqa,For what purpose,def submit reset problem attempts for all students request usage key modulestore get item usage key task type 'reset problem attempts'task class reset problem attempts task input task key encode problem and student input usage key return submit task request task type task class usage key course key task input task key,For what purpose do attempts reset for a problem have ?,as a background task,reset problem attempts,1,1,1,1
q864,codeqa,For what purpose,def exif orientation im try exif im getexif except Exception exif Noneif exif orientation exif get 274 if orientation 2 im im transpose Image FLIP LEFT RIGHT elif orientation 3 im im transpose Image ROTATE 180 elif orientation 4 im im transpose Image FLIP TOP BOTTOM elif orientation 5 im im transpose Image ROTATE 270 transpose Image FLIP LEFT RIGHT elif orientation 6 im im transpose Image ROTATE 270 elif orientation 7 im im transpose Image ROTATE 90 transpose Image FLIP LEFT RIGHT elif orientation 8 im im transpose Image ROTATE 90 return im,For what purpose do an image rotate ?,to respect the images exif orientation data,rotate,1,1,1,1
q866,codeqa,For what purpose,def list clusters kwargs None call None if call 'function' raise Salt Cloud System Exit ' Thelist clustersfunctionmustbecalledwith-for--function ' return {' Clusters' salt utils vmware list clusters get si },For what purpose do all the clusters list ?,for this vmware environment cli example,return 'Clusters',1,1,1,1
q868,codeqa,How,def get instructions xmltree instructions xmltree find 'instructions' if instructions is not None instructions tag 'div'xmltree remove instructions return etree tostring instructions encoding 'unicode' return None,How does them return ?,as a string,None,1,1,1,1
q872,codeqa,How,def unixdll getnode uuid generate time buffer return UUID bytes buffer raw node,How does the code get the hardware address on unix ?,using ctypes,None,1,1,1,1
q875,codeqa,How,def cov cluster 2groups results group group 2 None use correction True if group 2 is None if group ndim 2 or group shape[ 1 ] 2 raise Value Error 'ifgroup 2 isnotgiven thengroupsneedstobe' + 'anarraywithtwocolumns' group 0 group[ 0]group 1 group[ 1]else group 0 groupgroup 1 group 2 group group 0 group 1 cov 0 cov cluster results group 0 use correction use correction cov 1 cov cluster results group 1 use correction use correction group intersection Group group cov 01 cov cluster results group intersection group int use correction use correction cov both cov 0 + cov 1 - cov 01 return cov both cov 0 cov 1,How does of a regression result ?,instance,cov both cov 0 cov 1,1,1,1,1
q876,codeqa,How,def is ASCII s for c in s if ord c > 127 return Falsereturn True,By how much does s consist of ascii characters ?,entirely,1,1,1,1,1
q878,codeqa,When,def append gentoo mirrors value return append var 'GENTOO MIRRORS' value,When does the code create a new gentoo_mirrors ?,in the make,When,1,1,1,1
q883,codeqa,Where,def rfind s *args return s rfind *args,Where do the highest index return ?,in s where substring sub is found,The highest index.,1,1,1,1
q903,codeqa,Where,@datastore rpc positional 1 def Non Transactional func None allow existing True if func is not None return Non Transactional func def outer wrapper func def inner wrapper *args **kwds if not Is In Transaction return func *args **kwds if not allow existing raise datastore errors Bad Request Error ' Functioncannotbecalledfromwithinatransaction ' txn connection Pop Connection try return func *args **kwds finally Push Connection txn connection return inner wrapperreturn outer wrapper,Where is a decorator that insures a function run ?,outside a transaction,Database,1,1,1,1
q909,codeqa,How,def all localhosts ips [' 127 0 0 1']try info socket getaddrinfo ' 1' None af socktype proto canonname sa info[ 0 ]s socket socket af socktype proto s close except socket error return ipstry info socket getaddrinfo 'localhost' None except return ipsips []for item in info item item[ 4 ][ 0 ]if item not in ips and ' 1' not in item or sabnzbd cfg ipv 6 hosting ips append item return ips,How do all unique values of localhost return ?,in order of preference,ips,1,1,1,1
q914,codeqa,How,def new Instance cls state NO STATE if not isinstance cls types Class Type inst cls new cls if state is not NO STATE inst dict update state elif state is not NO STATE inst instance cls state else inst instance cls return inst,How does the code make a new instance of a class ?,without calling its _ _ init _ _ method,None,1,1,1,1
q916,codeqa,When,def skip reason return skipif True reason reason,When did test decorate ?,currently,None,1,1,1,1
q919,codeqa,Where,"def no vi headers physical line line number lines if line number < 5 or line number > len lines - 5 if VI HEADER RE match physical line return 0 ""T 106 Don'tputviconfigurationinsourcefiles""",Where do for vi editor configuration check ?,in source files,line number,1,1,1,1
q920,codeqa,How,def event return events with get serv events commit True as cur for event in events tag event get 'tag' '' data event get 'data' '' sql 'INSERTINT Osalt events tag data master id \n VALUES %s %s %s 'cur execute sql tag json dumps data opts ['id'],How be that configuration enabled ?,via event_return option in master config,INSERT,1,1,1,1
q922,codeqa,When,def current env if config default prefix config root dir name config root env nameelse name basename config default prefix return name,When do environments name ?,current,name,1,1,1,1
q923,codeqa,For what purpose,@task@needs ['reset test database' 'clear mongo' 'load bok choy data' 'load courses'] @might call 'start servers' @cmdopts [BOKCHOY FASTTEST] share with ['start servers'] @timeddef prepare bokchoy run options if not options get 'fasttest' False print colorize 'green' ' Generatingoptimizedstaticassets ' if options get 'log dir' is None call task 'update assets' args ['--settings' 'test static optimized'] else call task 'update assets' args ['--settings' 'test static optimized' '--collect-log' options log dir] msg colorize 'green' ' Confirmingserversarerunning ' print msgstart servers,For what purpose does servers set ?,for a bok choy run,servers,1,1,1,1
q924,codeqa,For what purpose,@task@needs ['reset test database' 'clear mongo' 'load bok choy data' 'load courses'] @might call 'start servers' @cmdopts [BOKCHOY FASTTEST] share with ['start servers'] @timeddef prepare bokchoy run options if not options get 'fasttest' False print colorize 'green' ' Generatingoptimizedstaticassets ' if options get 'log dir' is None call task 'update assets' args ['--settings' 'test static optimized'] else call task 'update assets' args ['--settings' 'test static optimized' '--collect-log' options log dir] msg colorize 'green' ' Confirmingserversarerunning ' print msgstart servers,For what purpose does servers start ?,for a bok choy run,servers,1,1,1,1
q927,codeqa,Where,def placement authorize context action target None placement init if target is None target {'project id' context tenant 'user id' context user}credentials context to policy values result ENFORCER PLACEMENT enforce action target credentials do raise False exc None action action if result is False LOG debug ' Policycheckfor% action sfailedwithcredentials% credentials s' {'action' action 'credentials' credentials} return result,Where is the action valid on the target ?,in this context,target,1,1,1,1
q932,codeqa,For what purpose,def indefinite article word return 'a',For what purpose does the indefinite article return ?,for a given word,the indefinite article,1,1,1,1
q934,codeqa,When,def strings differ string 1 string 2 compare digest compare digest len eq len string 1 len string 2 if len eq invalid bits 0left string 1 else invalid bits 1left string 2 right string 2 if compare digest is not None invalid bits + not compare digest left right else for a b in zip left right invalid bits + a b return invalid bits 0,When do two strings differ ?,while avoiding timing attacks,invalid bits,1,1,1,1
q939,codeqa,Where,"@register tag u'get language info' def do get language info parser token args token contents split if len args 5 or args[ 1 ] u'for' or args[ 3 ] u'as' raise Template Syntax Error u""'%s'requires'forstringasvariable' got%r "" % args[ 0 ] args[ 1 ] return Get Language Info Node args[ 2 ] args[ 4 ]",Where will this store the language information dictionary for the given language code ?,in a context variable,Node,1,1,1,1
q944,codeqa,When,def sleep seconds 0 ref True hub get hub loop hub loopif seconds < 0 waiter Waiter loop run callback waiter switch waiter get else hub wait loop timer seconds ref ref,When did the code put the current greenlet to sleep ?,for at least * seconds *,None,1,1,1,1
q945,codeqa,How,def get Tricomplexmatrix transform Words tricomplex [euclidean get Complex By Words transform Words ]tricomplex append euclidean get Complex By Words transform Words 2 tricomplex append euclidean get Complex By Words transform Words 4 return tricomplex,How does the code get matrixsvg ?,by transformwords,None,1,1,1,1
q946,codeqa,For what purpose,def create rpc deadline None callback None read policy STRONG CONSISTENCY return datastore Create RPC deadline deadline callback callback read policy read policy,For what purpose does the code create an rpc ?,for use in configuring datastore calls,STRONG CONSISTENCY,1,1,1,1
q947,codeqa,For what purpose,def libvlc video set callbacks mp lock unlock display opaque f Cfunctions get 'libvlc video set callbacks' None or Cfunction 'libvlc video set callbacks' 1 1 1 1 1 None None Media Player Video Lock Cb Video Unlock Cb Video Display Cb ctypes c void p return f mp lock unlock display opaque,For what purpose did callbacks and private data set ?,to render decoded video to a custom area in memory,Cfunctions,1,1,1,1
q953,codeqa,How,def copy cache records env todo done set records set while todo record todo pop if record not in done done add record target record with env env for name in record cache field record fields[name]value record[name]if isinstance value Base Model todo update value target cache[name] field convert to cache value target validate False,How do the cache of records copy to the environment env ?,recursively,None,1,1,1,1
q954,codeqa,When,def get capture loglevel return getattr local context u'loglevel' None,When is output being redirected to a stream ?,currently,None,1,1,1,1
q957,codeqa,How,def reboot name call None return query 'grid' 'server/power' args {'name' name 'power' 'restart'},How do a machine reboot ?,by name cli example,reboot,1,1,1,1
q958,codeqa,Where,def get image dimensions path p Image File Parser fp open path 'rb' while 1 data fp read 1024 if not data breakp feed data if p image return p image sizebreakfp close return None,Where does the code return the of an image ?,at a given path,None,1,1,1,1
q961,codeqa,When,@oncedef install logging hook patch logger,When was it not installed ?,yet,2023,1,1,1,1
q963,codeqa,When,def check dependencies model model queue avaliable models allowed links [m model name for m in model queue] + [model name ' Content Type'] for field in model meta fields if field rel and field rel to name not in allowed links if field rel to not in avaliable models continuereturn Falsefor field in model meta many to many if field rel and field rel to name not in allowed links return Falsereturn True,When do all the depenedencies for this model be in the queue ?,already,TRUE,1,1,1,1
q967,codeqa,How,@requires csrf tokendef permission denied request template name '403 html' try template loader get template template name except Template Does Not Exist return http Http Response Forbidden '<h 1 > 403 Forbidden</h 1 >' return http Http Response Forbidden template render Request Context request,How did handler deny ?,permission,Forbidden,1,1,1,1
q968,codeqa,How,"def managed flag True using None if using is None using DEFAULT DB ALIA Sconnection connections[using]thread ident thread get ident top state get thread ident {} get using None if top top[ -1 ] flagif not flag and is dirty using using connection commit set clean using using else raise Transaction Management Error "" Thiscodeisn'tundertransactionmanagement""",How be by the user committed managed transactions ?,explicitly,None,1,1,1,1
q983,codeqa,When,def get capture stream return getattr local context u'output' None,When is output being redirected to a stream ?,currently,None,1,1,1,1
q990,codeqa,How,def fix IE for vary request response useragent request META get 'HTTP USER AGENT' '' upper if 'MSIE' not in useragent and 'CHROMEFRAME' not in useragent return responsesafe mime types 'text/html' 'text/plain' 'text/sgml' if response[' Content- Type'] split ' ' [0 ] not in safe mime types try del response[' Vary']except Key Error passreturn response,How will this function fix the bug reported at URL whenever the mime - type is not safe enough for internet explorer to handle ?,by clearing the vary header,text/html,1,1,1,1
q1001,codeqa,When,def mc 2 cum mc return mnc 2 cum mc 2 mnc mc,Till when did i have the test case ?,still,2022,1,1,1,1
q1004,codeqa,How,def pbkdf 2 data salt iterations 1000 keylen 32 hashfunc None assert type data bytes assert type salt bytes assert type iterations in six integer types assert type keylen in six integer types return pbkdf 2 data salt iterations keylen hashfunc or hashlib sha 256,How does a binary digest return for the pbkdf2 hash algorithm of data ?,with the given salt,hash,1,1,1,1
q1007,codeqa,How,def is valid ip ip if not ip or '\x 00 ' in ip return Falsetry res socket getaddrinfo ip 0 socket AF UNSPEC socket SOCK STREAM 0 socket AI NUMERICHOST return bool res except socket gaierror as e if e args[ 0 ] socket EAI NONAME return Falseraisereturn True,How did ip address form ?,well,None,1,1,1,1
q1018,codeqa,How,def regularize layer params weighted layers penalty tags {'regularizable' True} **kwargs return sum coeff * apply penalty layer get params **tags penalty **kwargs for layer coeff in layers items,How does the code compute a regularization cost ?,by applying a penalty to the parameters of a layer or group of layers,in descending order,1,1,1,1
q1020,codeqa,Where,def test can parse background and ignore tag steps Step many from lines BACKGROUND WITH TAGGED SCENARIO splitlines steps without tags filter lambda x not x sentence '@wip' steps assert equals len steps len steps without tags,Where should it parse tags correctly ?,between the background and first step,lines,1,1,1,1
q1026,codeqa,For what purpose,def Get Feed Items client feed feed item service client Get Service ' Feed Item Service' 'v 201605 ' feed items []more pages Trueselector {'fields' [' Feed Item Id' ' Attribute Values' ' Scheduling'] 'predicates' [{'field' ' Status' 'operator' 'EQUALS' 'values' ['ENABLED']} {'field' ' Feed Id' 'operator' 'EQUALS' 'values' [feed['id']]}] 'paging' {'start Index' 0 'number Results' PAGE SIZE}}while more pages page feed item service get selector if 'entries' in page feed items extend page['entries'] selector['paging']['start Index'] + PAGE SIZ Emore pages selector['paging']['start Index'] < int page['total Num Entries'] return feed items,For what purpose does the feed items return ?,for a given feed,items,1,1,1,1
q1027,codeqa,How,@contextfilterdef do selectattr *args **kwargs return select or reject args kwargs lambda x x True,How does a sequence of objects filter ?,by appying a test to either the object or the attribute and only selecting the ones with the test succeeding,in place,1,1,1,1
q1033,codeqa,How,def truncate text text limit killwords False end ' ' text text strip text length len text if text length < limit return text limit - text length text do truncate text limit killwords end '' return text + end 0,How do as many characters as possible return ?,without going over the limit,all,1,1,1,1
q1036,codeqa,How,def get Disk Space Usage disk Path None if disk Path and os path exists disk Path if platform system u' Windows' free bytes ctypes c ulonglong 0 ctypes windll kernel 32 Get Disk Free Space Ex W ctypes c wchar p disk Path None None ctypes pointer free bytes return pretty filesize free bytes value else st os statvfs disk Path return pretty filesize st f bavail * st f frsize else return False,How does the free space return for a given path or false for a given path or false ?,in human readable bytes,free bytes,1,1,1,1
q1054,codeqa,Where,def bounce local name drain False ret {'name' name 'changes' {} 'result' None 'comment' ''}if opts ['test'] ret['comment'] ' Bouncinglocalnode'return retif drain salt ['trafficserver bounce local'] drain True ret['result'] Trueret['comment'] ' Bouncedlocalnodewithdrainoption'return retelse salt ['trafficserver bounce local'] ret['result'] Trueret['comment'] ' Bouncedlocalnode'return ret,Where do traffic server bounce ?,on the local node,trafficserver,1,1,1,1
q1055,codeqa,Where,def get Deprecation Warning String callable Thing version format None replacement None return get Deprecation Warning String fully Qualified Name callable Thing version format replacement,Where was the callable deprecated ?,in the given version,None,1,1,1,1
q1063,codeqa,Where,def dup ff trivial gcd f g K if not f or g return [] [] [] elif not f return dup monic g K [] [dup LC g K ] elif not g return dup monic f K [dup LC f K ] [] else return None,Where do trivial cases in gcd algorithm handle ?,over a field,[],1,1,1,1
q1064,codeqa,How,def getservbyname servicename protocolname None return Resolve Service servicename protocolname [1 ],How do a port number return from a service name and protocol name ?,integer,None,1,1,1,1
q1065,codeqa,How,def unpack packed Data return json loads bz 2 decompress packed Data,How do a python object serialize ?,de,JSON,1,1,1,1
q1068,codeqa,When,def was modified since header None mtime 0 size 0 try if header is None raise Value Errormatches re match u'^ [^ ]+ length [0 - 9 ]+ ?$' header re IGNORECASE header date parsedate tz matches group 1 if header date is None raise Value Errorheader mtime mktime tz header date header len matches group 3 if header len and int header len size raise Value Errorif mtime > header mtime raise Value Errorexcept Attribute Error Value Error Overflow Error return Truereturn False,When did something modify ?,since the user last downloaded it,TRUE,1,1,1,1
q1075,codeqa,How,def test help command should exit status ok when command exists script result script pip 'help' 'freeze' assert result returncode SUCCESS,How do command for existing command help ?,test,exists,1,1,1,1
q1076,codeqa,Where,def is image visible context image status None if context is admin return Trueif image['owner'] is None return Trueif image['is public'] return Trueif context owner is not None if context owner image['owner'] return Trueif status 'all' status Nonemembers image member find context image id image['id'] member context owner status status if len members > 0 return Truereturn False,Where is the image visible ?,in this context,all,1,1,1,1
q1077,codeqa,How,def in 6 ptoc addr try d struct unpack ' IIII' inet pton socket AF INET 6 addr except return Noneres 0m [ 2 ** 96 2 ** 64 2 ** 32 1]for i in xrange 4 res + d[i] * m[i] rem resres []while rem res append rfc 1924 map[ rem % 85 ] rem rem / 85 res reverse return '' join res,How does none return ?,on error,None,1,1,1,1
q1083,codeqa,How,@memoizedef id to glance id context image id return objects S3 Image Mapping get by id context image id uuid,How do i would ?,internal,@memoizedef id to glance id context image id return objects S3 Image Mapping get by id context image id uuid,1,1,1,1
q1085,codeqa,How,def test high order autoencoder init corruptor Binomial Corruptor corruption level 0 5 model Higher Order Contractive Autoencoder corruptor corruptor num corruptions 2 nvis 5 nhid 7 act enc 'sigmoid' act dec 'sigmoid' X tensor matrix data np random randn 10 5 astype config float X ff theano function [X] model higher order penalty X assert type ff data np ndarray,How do the penalty return just ?,without error,None,1,1,1,1
q1088,codeqa,When,@pytest fixture scope 'module' params ['gpu'] def backend gpu request be get backend request def cleanup be request getfixturevalue 'backend gpu' del berequest addfinalizer cleanup return be,When do the backend setup ?,before running a test,"When
---",1,1,1,1
q1091,codeqa,When,def failure From JSON failure Dict new Failure getattr Failure ' new ' None if new Failure is None f types Instance Type Failure else f new Failure Failure if not PY 3 failure Dict as Bytes failure Dict type Info failure Dict['type']failure Dict['type'] type type Info[' name '] type Info f dict failure Dictreturn f,When do a l{failure load from a dictionary deserialized from json ?,},None,1,1,1,1
q1094,codeqa,For what purpose,def db list user None password None host None port None client client user user password password host host port port return client get list database,For what purpose do to port the port connect ?,to connect to cli example,return client,1,1,1,1
q1095,codeqa,For what purpose,def db list user None password None host None port None client client user user password password host host port port return client get list database,For what purpose do the port port ?,to connect to cli example,database,1,1,1,1
q1105,codeqa,Where,def bulk recover workers lbn profile 'default' ret {}if isinstance workers str workers workers split ' ' for worker in workers try ret[worker] worker recover worker lbn profile except Exception ret[worker] Falsereturn ret,Where does the code recover all the given workers ?,in the specific load balancer cli examples,None,1,1,1,1
q1109,codeqa,Where,def login user user remember False force False fresh True if not force and not user is active return Falseuser id getattr user current app login manager id attribute session['user id'] user idsession[' fresh'] freshsession[' id'] create identifier if remember session['remember'] 'set' request ctx stack top user useruser logged in send current app get current object user get user return True,In which direction does a user log ?,in,TRUE,1,1,1,1
q1111,codeqa,For what purpose,"def write docstringdict filename 'turtle docstringdict' docsdict {}for methodname in tg screen functions key ' Screen ' + methodname docsdict[key] eval key doc for methodname in tg turtle functions key ' Turtle ' + methodname docsdict[key] eval key doc f open '%s py' % filename 'w' keys sorted [x for x in docsdict keys if x split ' ' [1 ] not in alias list ] f write 'docsdict {\n\n' for key in keys[ -1 ] f write '%s \n' % repr key f write '""""""%s\n"""""" \n\n' % docsdict[key] key keys[ -1 ]f write '%s \n' % repr key f write '""""""%s\n""""""\n\n' % docsdict[key] f write '}\n' f close",For what purpose do docstring - dictionary write ?,to file,docs,1,1,1,1
q1112,codeqa,For what purpose,"def write docstringdict filename 'turtle docstringdict' docsdict {}for methodname in tg screen functions key ' Screen ' + methodname docsdict[key] eval key doc for methodname in tg turtle functions key ' Turtle ' + methodname docsdict[key] eval key doc f open '%s py' % filename 'w' keys sorted [x for x in docsdict keys if x split ' ' [1 ] not in alias list ] f write 'docsdict {\n\n' for key in keys[ -1 ] f write '%s \n' % repr key f write '""""""%s\n"""""" \n\n' % docsdict[key] key keys[ -1 ]f write '%s \n' % repr key f write '""""""%s\n""""""\n\n' % docsdict[key] f write '}\n' f close",For what purpose do docstring - dictionary create ?,to file,docs,1,1,1,1
q1116,codeqa,For what purpose,"def chhome name home persist False pre info info name if not pre info raise Command Execution Error "" User'{ 0 }'doesnotexist"" format name if home pre info['home'] return Truecmd ['usermod' '-d' home]if persist cmd append '-m' cmd append name salt ['cmd run'] cmd python shell False return info name get 'home' home",For what purpose did the code set a new home directory for an existing user name username ?,to modify home new home directory to set persist,run,1,1,1,1
q1117,codeqa,How,def encode morse msg sep ' ' mapping None mapping mapping or char morse assert sep not in mapping word sep 2 * sep mapping[''] word sepsuffix msg and msg[ -1 ] in whitespace msg '' if word sep else '' join msg split chars set '' join msg split ok set mapping keys msg translate msg None '' join chars - ok morsestring []words msg split for word in words morseword []for letter in word morseletter mapping[letter]morseword append morseletter word sep join morseword morsestring append word return word sep join morsestring + word sep if suffix else '',How did by a double sep separate letters ?,by sep and words,Does not,1,1,1,1
q1124,codeqa,How,def recall classify lambda document False documents [] average None return test classify documents average [2 ],How does the percentage of positive cases classify as positive ?,correctly,FALSE,1,1,1,1
q1128,codeqa,For what purpose,def hadoop cmd module command *args out Noneif module and command if module in authorized modules cmd 'hadoop{ 0 }-{ 1 }{ 2 }' format module command '' join args out salt ['cmd run'] cmd python shell False else return ' Error Unknownmodule'else return ' Error Moduleandcommandnotdefined'return out,For what purpose is the module name checked ?,in order to prevent random execution,module name,1,1,1,1
q1130,codeqa,Where,def network create request **kwargs LOG debug 'network create kwargs %s' % kwargs body {'network' kwargs}network quantumclient request create network body body get 'network' return Network network,Where does the code create a subnet ?,on a specified network,None,1,1,1,1
q1132,codeqa,When,def was deleted object state attributes instance state object return state was deleted,When was the given object deleted ?,within a session flush,None,1,1,1,1
q1133,codeqa,Where,def exception msg *args **kwargs kwargs['exc info'] 1error msg *args **kwargs,Where do a message with severity error log ?,on the root logger,logs,1,1,1,1
q1134,codeqa,Where,def unquote domain domain return urllib parse unquote domain replace '% 2 E' ' ',Where do a domain name receive ?,in a url,urllib,1,1,1,1
q1138,codeqa,When,@contextmanagerdef secret model try attrs {'name' Encrypted Char Field ' Name' max length Secret meta get field 'name' max length 'text' Encrypted Text Field ' Text' ' module ' 'tests testapp models' ' Meta' type ' Meta' object {'managed' False 'db table' Secret meta db table} } yield type ' Secret' models Model attrs except raise,When did a secret model define ?,at runtime,Secret,1,1,1,1
q1142,codeqa,Where,@utils arg '--tenant' metavar '<tenant-id>' required True help 'I Doftenanttodeletequotafor ' @utils arg '--user' metavar '<user-id>' help 'I Dofusertodeletequotafor ' def do quota delete cs args cs quotas delete args tenant user id args user,In which direction will their quota revert to default ?,back,None,1,1,1,1
q1152,codeqa,How,def security group get context security group id columns to join None return IMPL security group get context security group id columns to join,How d the code get security group ?,by its i d,None,1,1,1,1
q1154,codeqa,Where,def get List Table Elements list Dictionary list Dictionary Elements []for list Dictionary Value in list Dictionary values list Dictionary Elements + list Dictionary Valuereturn list Dictionary Elements,Where does the code get all the element ?,in a list table,list,1,1,1,1
q1159,codeqa,Where,def prefetch one level instances prefetcher attname rel qs rel obj attr instance attr single cache name prefetcher get prefetch query set instances additional prl getattr rel qs ' prefetch related lookups' [] if additional prl rel qs prefetch related lookups []all related objects list rel qs rel obj cache {}for rel obj in all related objects rel attr val rel obj attr rel obj rel obj cache setdefault rel attr val [] append rel obj for obj in instances instance attr val instance attr obj vals rel obj cache get instance attr val [] if single setattr obj cache name vals[ 0 ] if vals else None else qs getattr obj attname all qs result cache valsqs prefetch done Trueobj prefetched objects cache[cache name] qsreturn all related objects additional prl,Where does helper function for prefetch_related_objects run prefetches using the prefetcher object ?,on all instances,django,1,1,1,1
q1162,codeqa,How,def call url url view kwargs None func name func data app url map bind '' match url if view kwargs is not None func data update view kwargs view function view functions[func name]rv view function **func data rv unpack rv if isinstance rv werkzeug wrappers Base Response and rv status code in REDIRECT CODES redirect url rv headers[' Location']return call url redirect url return rv,How do function call ?,by url,It does not exist.,1,1,1,1
q1163,codeqa,For what purpose,"def write docstringdict filename 'turtle docstringdict' docsdict {}for methodname in tg screen functions key ' Screen ' + methodname docsdict[key] eval key doc for methodname in tg turtle functions key ' Turtle ' + methodname docsdict[key] eval key doc f open '%s py' % filename 'w' keys sorted [x for x in docsdict keys if x split ' ' [1 ] not in alias list ] f write 'docsdict {\n\n' for key in keys[ -1 ] f write '%s \n' % repr key f write '""""""%s\n"""""" \n\n' % docsdict[key] key keys[ -1 ]f write '%s \n' % repr key f write '""""""%s\n""""""\n\n' % docsdict[key] f write '}\n' f close",For what purpose do docstring - dictionary write ?,to file,docs,1,1,1,1
q1164,codeqa,For what purpose,"def write docstringdict filename 'turtle docstringdict' docsdict {}for methodname in tg screen functions key ' Screen ' + methodname docsdict[key] eval key doc for methodname in tg turtle functions key ' Turtle ' + methodname docsdict[key] eval key doc f open '%s py' % filename 'w' keys sorted [x for x in docsdict keys if x split ' ' [1 ] not in alias list ] f write 'docsdict {\n\n' for key in keys[ -1 ] f write '%s \n' % repr key f write '""""""%s\n"""""" \n\n' % docsdict[key] key keys[ -1 ]f write '%s \n' % repr key f write '""""""%s\n""""""\n\n' % docsdict[key] f write '}\n' f close",For what purpose do docstring - dictionary create ?,to file,docs,1,1,1,1
q1165,codeqa,How,def get Geometry Output By Arguments arguments xml Element evaluate set Attribute Dictionary By Arguments ['sides' 'radius'] arguments xml Element return get Geometry Output None xml Element,How does the code get vector3 vertexes from attribute dictionary ?,by arguments,None,1,1,1,1
q1176,codeqa,Where,def error msg *args **kwargs if len root handlers 0 basic Config root error msg *args **kwargs,Where do a message with severity error log ?,on the root logger,log,1,1,1,1
q1185,codeqa,How,def find flavor cs flavor try return utils find resource cs flavors flavor is public None except exceptions Not Found return cs flavors find ram flavor,How does the code get a flavor ?,by name,None,1,1,1,1
q1187,codeqa,When,def libvlc media player get nsobject p mi f Cfunctions get 'libvlc media player get nsobject' None or Cfunction 'libvlc media player get nsobject' 1 None ctypes c void p Media Player return f p mi,When do the nsview handler set ?,previously,None,1,1,1,1
q1188,codeqa,When,def Sec To Usec t return int t * 1000000 0,When does a time convert to usec ?,in seconds,When,1,1,1,1
q1198,codeqa,Where,"def find autosummary in docstring name module None filename None try real name obj parent import by name name lines pydoc getdoc obj splitlines return find autosummary in lines lines module name filename filename except Attribute Error passexcept Import Error as e print "" Failedtoimport'%s' %s"" % name e return []",Where are what items documented ?,in the given objects docstring,lines,1,1,1,1
q1201,codeqa,When,def get Open ID Store return util get Open ID Store '/tmp/djopenid s store' 's ',When did database backend choose ?,currently,None,1,1,1,1
q1208,codeqa,How,def get Geometry Output By Arguments arguments xml Element evaluate set Attribute Dictionary By Arguments ['start' 'end' 'step'] arguments xml Element return get Geometry Output None xml Element,How does the code get vector3 vertexes from attribute dictionary ?,by arguments,None,1,1,1,1
q1210,codeqa,Where,def get course and check access course key user depth 0 if not has studio read access user course key raise Permission Denied course module modulestore get course course key depth depth return course module,Where did the locator and course module calculate for the view functions ?,in this file,modulestore,1,1,1,1
q1211,codeqa,Where,def get course and check access course key user depth 0 if not has studio read access user course key raise Permission Denied course module modulestore get course course key depth depth return course module,Where do the locator and course module return for the view functions ?,in this file,modulestore,1,1,1,1
q1216,codeqa,For what purpose,"def activate language if isinstance language basestring and language 'no' warnings warn "" Theuseofthelanguagecode'no'isdeprecated Pleaseusethe'nb'translationinstead "" Deprecation Warning active value translation language",For what purpose does the translation object fetch ?,for a given tuple of application name and language,translation,1,1,1,1
q1217,codeqa,Where,def sdb set uri value opts if not isinstance uri string types return Falseif not uri startswith 'sdb //' return Falsesdlen len 'sdb //' indx uri find '/' sdlen if indx -1 or len uri[ indx + 1 ] 0 return Falseprofile opts get uri[sdlen indx] {} if not profile profile opts get 'pillar' {} get uri[sdlen indx] {} if 'driver' not in profile return Falsefun '{ 0 } set' format profile['driver'] query uri[ indx + 1 ]loaded db salt loader sdb opts fun return loaded db[fun] query value profile profile,Where did the code set a value ?,in a db,uri,1,1,1,1
q1223,codeqa,For what purpose,def catalog global default activet active get current Thread None if t is not None return tif default is None from django conf import settings default translation settings LANGUAGE CODE return default,For what purpose does the current active catalog return ?,for further processing,default,1,1,1,1
q1228,codeqa,How,def permutation Filter perm limit int os environ get 'NTA TEST maxval Filter' 300 if perm['model Params']['sensor Params']['encoders']['consumption']['maxval'] > limit return Falsereturn True,How did specific permutation combinations filter ?,selectively,FALSE,1,1,1,1
q1236,codeqa,Where,def error msg *args **kwargs if len root handlers 0 basic Config root error * msg + args **kwargs,Where do a message with severity error log ?,on the root logger,log,1,1,1,1
q1237,codeqa,How,def list empty strings for string in strings if len string > 0 return Falsereturn True,How is list made of empty strings ?,exclusively,None,1,1,1,1
q1243,codeqa,How,def utcnow return utcstr,How does the code get the code ?,in utc,None,1,1,1,1
q1245,codeqa,How,def skip msg u'' tracebackhide Trueif is called from pytest import pytestpytest skip msg else from nose import Skip Testraise Skip Test msg,How do an executing test skip ?,with the given message,Skip,1,1,1,1
q1246,codeqa,Where,def list runas None rubies []output rvm ['list'] runas runas if output regex re compile '^[ ] [*>] [^-]+ - [^]+ \\[ * \\]' for line in output splitlines match regex match line if match rubies append [match group 2 match group 3 match group 1 '*' ] return rubies,Where do rvm run ?,the user,None,1,1,1,1
q1250,codeqa,When,"def Get Batch Job Download Url When Ready client batch job id max poll attempts MAX POLL ATTEMPTS batch job Get Batch Job client batch job id if batch job['status'] 'CANCELED' raise Exception ' Batch Jobwith ID""%s""wascanceledbeforecompleting ' % batch job id poll attempt 0while poll attempt in range max poll attempts and batch job['status'] in PENDING STATUSES sleep interval 30 * 2 ** poll attempt + random randint 0 10000 / 1000 print ' Batch Jobnotready sleepingfor%sseconds ' % sleep interval time sleep sleep interval batch job Get Batch Job client batch job id poll attempt + 1if 'download Url' in batch job url batch job['download Url']['url']print ' Batch Jobwith Id""%s"" Status""%s"" and Download Url""%s""ready ' % batch job['id'] batch job['status'] url return urlprint ' Batch Jobwith ID""%s""isbeingcanceledbecauseitwasinapendingstateafterpolling%dtimes ' % batch job id max poll attempts Cancel Batch Job client batch job",When does the code retrieve the downloadurl ?,when the batchjob is complete,downloadurl,1,1,1,1
q1255,codeqa,For what purpose,def test basics backend with use log level 'error' print msg False gl use gl backend with Canvas test setting parameters test enabling disabling test setting stuff test object creation and deletion test fbo gl gl Finish,For what purpose have app and canvas create ?,so we have a context,test,1,1,1,1
q1258,codeqa,Where,def wordwrap value arg from django utils text import wrapreturn wrap value int arg,Where do the text wrap ?,at,django,1,1,1,1
q1259,codeqa,Where,def list upgrades refresh False root None **kwargs upgrades {}cmd ['pacman' '-S' '-p' '-u' '--print-format' '%n%v']if root is not None cmd extend '-r' root if refresh cmd append '-y' call salt ['cmd run all'] cmd python shell False output loglevel 'trace' if call['retcode'] 0 comment ''if 'stderr' in call comment + call['stderr']if 'stdout' in call comment + call['stdout']if comment comment ' ' + comment raise Command Execution Error ' Errorlistingupgrades' + comment else out call['stdout']for line in salt utils itertools split out '\n' try pkgname pkgver line split except Value Error continueif pkgname lower 'downloading' and ' db' in pkgver lower continueupgrades[pkgname] pkgverreturn upgrades,Where do all available package upgrades list ?,on this system,stdout,1,1,1,1
q1260,codeqa,Where,def write file path contents dirname name os path split path if not os path exists dirname try os makedirs dirname except OS Error as err if err errno errno EACCES sys exit ' Unabletocreate%s Runningasnon-root?' % dirname with open path 'w' as f f write '%s' % contents,Where do contents file ?,at path,file,1,1,1,1
q1263,codeqa,When,@pytest fixturedef test bucket cloud config bucket storage Client bucket cloud config storage bucket acl google cloud storage acl Bucket ACL bucket object default acl google cloud storage acl Default Object ACL bucket acl reload object default acl reload yield bucket acl save object default acl save,When does a bucket reset its acl ?,after the test completes,When a bucket resets its acl.,1,1,1,1
q1275,codeqa,Where,def compare optimizers optimizers random a -1 3 + np random random size 100 random b 0 3 + np random random size 100 param grid product FUNCTIONS random a random b print ' Benching 1 Droot-finderoptimizersfromscipy optimize 'for optimizer in OPTIMIZERS print '% 20 s %8 itotalfunctioncalls' % optimizer name bench optimizer optimizer param grid,Where do all admit a signle root ?,in zero and a upper and lower bounds,None,1,1,1,1
q1283,codeqa,How,def disable plugin name runas None if runas is None and not salt utils is windows runas salt utils get user cmd [ get rabbitmq plugin 'disable' name]ret salt ['cmd run all'] cmd runas runas python shell False return format response ret ' Disabled',How does the code disable a rabbitmq plugin ?,via the rabbitmq - plugins command,disable a rabbitmq plugin,1,1,1,1
q1297,codeqa,When,def managedcloud vm return config get cloud config value 'managedcloud' vm opts default ' False' search global False,When should we wait for the managed cloud automation ?,before running,FALSE,1,1,1,1
q1300,codeqa,For what purpose,def reverse cuthill mckee ordering G heuristic None return reversed list cuthill mckee ordering G heuristic heuristic,For what purpose does the code generate an ordering of the graph nodes ?,to make a sparse matrix,"For what purpose does the code generate an ordering of the graph nodes?
The graph nodes.",1,1,1,1
q1301,codeqa,How,def register func *targs **kargs exithandlers append func targs kargs return func,How be a function executed ?,upon normal program termination func - function to be called at exit targs - optional arguments to pass to func kargs - optional keyword arguments to pass to func func,in place,1,1,1,1
q1302,codeqa,For what purpose,def register func *targs **kargs exithandlers append func targs kargs return func,For what purpose is a function to be executed upon normal program termination func - function to be called at exit targs - optional arguments to pass to func kargs - optional keyword arguments to pass to func func returned ?,to facilitate usage as a decorator,func,1,1,1,1
q1303,codeqa,How,def register func *targs **kargs exithandlers append func targs kargs return func,How be normal program termination func - function called ?,at exit targs,Normal,1,1,1,1
q1305,codeqa,Where,def run banner output cmd banner output '%s\n%%s\n\n' % cmd center 60 '-' command output ''try cmd out utils run cmd ignore status True timeout 30 command output cmd out stdout + cmd out stderr except error Cmd Error command output ' Timedout'return banner output % command output,Where do cmd cmd_output ?,in a,cmd_output,1,1,1,1
q1308,codeqa,Where,def flatten dictionary input sep ' ' prefix None for name value in sorted input items fullname sep join filter None [prefix name] if isinstance value dict for result in flatten dictionary value sep fullname yield result else yield fullname value,Where is the first value the joined key names ?,where,name,1,1,1,1
q1310,codeqa,When,def datetime to microseconds dt return int time mktime dt timetuple * 1000000 + dt microsecond,When do microseconds return ?,since epoch,microseconds,1,1,1,1
q1314,codeqa,How,def clearcache global cachecache {},By how much do the cache clear ?,entirely,None,1,1,1,1
q1316,codeqa,How,def lock fileobj try import fcntlexcept Import Error return Falseelse try fcntl lockf fileobj fcntl LOCK EX except IO Error return Falseelse return True,How do a file object lock ?,safely,return True,1,1,1,1
q1317,codeqa,Where,def enforce context action target init return ENFORCER enforce action target context to policy values do raise True exc exception Policy Not Authorized action action,Where is the action valid on the target ?,in this context,target,1,1,1,1
q1319,codeqa,How,def cuda set device dev id err code cudamat cuda set device ct c int dev id if err code raise generate exception err code,How does the code select the cuda device ?,with the given i d,cuda,1,1,1,1
q1320,codeqa,How,def get Geometry Output By Arguments arguments xml Element return get Geometry Output None xml Element,How does the code get triangle mesh from attribute dictionary ?,by arguments,None,1,1,1,1
q1322,codeqa,How,def get Geometry Output By Loop side Loop xml Element side Loop rotate xml Element return get Geometry Output By Manipulation side Loop xml Element,How does the code get geometry output ?,by side loop,rotate,1,1,1,1
q1326,codeqa,For what purpose,def enter transaction management managed True using None forced False get connection using enter transaction management managed forced,For what purpose does transaction management enter ?,for a running thread,managed,1,1,1,1
q1327,codeqa,Where,def info installed *names ret dict for pkg name pkg nfo in salt ['lowpkg info'] *names items t nfo dict for key value in pkg nfo items if key 'package' t nfo['name'] valueelif key 'origin' t nfo['vendor'] valueelif key 'section' t nfo['group'] valueelif key 'maintainer' t nfo['packager'] valueelif key 'homepage' t nfo['url'] valueelse t nfo[key] valueret[pkg name] t nforeturn ret,Where did the information of the named package(s instal ?,on the system,dict,1,1,1,1
q1331,codeqa,Where,@conf commands registerdef sendp x inter 0 loop 0 iface None iface hint None count None verbose None realtime None return packets False *args **kargs if iface is None and iface hint is not None iface conf route route iface hint [0 ]return gen send conf L2 socket iface iface *args **kargs x inter inter loop loop count count verbose verbose realtime realtime return packets return packets,Where do packets send ?,at layer 2,iface,1,1,1,1
q1333,codeqa,How,def disallow proxying Scope Replacer should proxy False,How did modules import ?,lazily,Import,1,1,1,1
q1341,codeqa,For what purpose,def index document filename chapter Reference entries domhelpers find Elements With Attribute document 'class' 'index' if not entries returni 0for entry in entries i + 1anchor 'index% 02 d' % i if chapter Reference ref get Section Reference entry or chapter Reference else ref 'link'indexer add Entry filename anchor entry get Attribute 'value' ref entry node Name entry tag Name entry end Tag Name 'a'for attr Name in entry attributes keys entry remove Attribute attr Name entry set Attribute 'name' anchor,For what purpose do them store ?,for later use,entries,1,1,1,1
q1344,codeqa,How,@mine command 'remove' @click argument 'x' type float @click argument 'y' type float def mine remove x y click echo ' Removedmineat%s %s' % x y,How does the code remove a mine ?,at a specific coordinate,None,1,1,1,1
q1346,codeqa,How,def is num param names values to float False fun to float and float or int out params []for name val in zip names values if val is None out params append val elif isinstance val int long float basestring try out params append fun val except Value Error as e raise Vdt Param Error name val else raise Vdt Param Error name val return out params,How do numbers return ?,from inputs,None,1,1,1,1
q1347,codeqa,Where,@require GE Tdef json view request kwargs {'locale' request LANGUAGE CODE 'current revision isnull' False}if 'title' in request GET kwargs['title'] request GET['title']elif 'slug' in request GET kwargs['slug'] request GET['slug']else return Http Response Bad Request document get object or 404 Document **kwargs data json dumps {'id' document id 'locale' document locale 'slug' document slug 'title' document title 'summary' document current revision summary 'url' document get absolute url } return Http Response data content type 'application/json',Where does the code return some basic document info ?,in a json blob,application/json,1,1,1,1
q1351,codeqa,Where,def startup if TRAFFICLINE cmd traffic line '-U' else cmd traffic ctl 'server' 'start' log debug ' Running %s' cmd subprocess cmd return statuscmd,Where do traffic server start ?,on the local node,server,1,1,1,1
q1355,codeqa,How,"@register tag u'get language info' def do get language info parser token args token split contents if len args 5 or args[ 1 ] u'for' or args[ 3 ] u'as' raise Template Syntax Error u""'%s'requires'forstringasvariable' got%r "" % args[ 0 ] args[ 1 ] return Get Language Info Node parser compile filter args[ 2 ] args[ 4 ]",How will this store the language information dictionary for the given language code ?,in a context variable,None,1,1,1,1
q1357,codeqa,For what purpose,def Calculate Variables default variables params flavor gyp common Get Flavor params if flavor 'mac' default variables setdefault 'OS' 'mac' default variables setdefault 'SHARED LIB SUFFIX' ' dylib' default variables setdefault 'SHARED LIB DIR' generator default variables['PRODUCT DIR'] default variables setdefault 'LIB DIR' generator default variables['PRODUCT DIR'] import gyp generator xcode as xcode generatorglobal generator additional non configuration keysgenerator additional non configuration keys getattr xcode generator 'generator additional non configuration keys' [] global generator additional path sectionsgenerator additional path sections getattr xcode generator 'generator additional path sections' [] global generator extra sources for rulesgenerator extra sources for rules getattr xcode generator 'generator extra sources for rules' [] COMPILABLE EXTENSIONS update {' m' 'objc' ' mm' 'objcxx'} else operating system flavorif flavor 'android' operating system 'linux'default variables setdefault 'OS' operating system default variables setdefault 'SHARED LIB SUFFIX' ' so' default variables setdefault 'SHARED LIB DIR' '$ builddir /lib $ TOOLSET ' default variables setdefault 'LIB DIR' '$ obj $ TOOLSET ',For what purpose do additional variables calculate ?,for use in the build,variables,1,1,1,1
q1359,codeqa,When,def install Handler Using Set Wakeup fd if fd -1 signal signal signal SIGCHLD signal SIG DFL else signal signal signal SIGCHLD Handler None siginterrupt signal SIGCHLD False return set wakeup fd fd,When will a signal handler write a byte to c{fd ?,},None,1,1,1,1
q1368,codeqa,How,def im feeling lucky async image data output encoding PNG quality None correct orientation UNCHANGED ORIENTATION rpc None transparent substitution rgb None image Image image data image im feeling lucky image set correct orientation correct orientation return image execute transforms async output encoding output encoding quality quality rpc rpc transparent substitution rgb transparent substitution rgb,How do image levels - async version adjust ?,automatically,async,1,1,1,1
q1369,codeqa,Where,@ get clientdef image update client image id values purge props False from state None v1 mode False return client image update values values image id image id purge props purge props from state from state v1 mode v1 mode,Where did the code set the given properties ?,on an image,state,1,1,1,1
q1371,codeqa,Where,def generate cache key request method headerlist key prefix ctx hashlib md 5 for header in headerlist value request META get header None if value is not None ctx update force bytes value path hashlib md 5 force bytes iri to uri request get full path cache key u'views decorators cache cache page %s %s %s %s' % key prefix method path hexdigest ctx hexdigest return i18 n cache key suffix request cache key,Where did the headers give ?,in the header list,views,1,1,1,1
q1373,codeqa,For what purpose,def deserialize usage key usage key string course key return Usage Key from string usage key string replace course key course key,For what purpose does the deserialized usagekey object of the given usage_key_string return ?,for the given course,Usage Key,1,1,1,1
q1375,codeqa,When,def setcopyright builtin copyright Printer 'copyright' sys copyright if sys platform[ 4] 'java' builtin credits Printer 'credits' ' Jythonismaintainedbythe Jythondevelopers www jython org ' else builtin credits Printer 'credits' ' Thanksto CWI CNRI Be Open com Zope Corporationandacastofthousands\nforsupporting Pythondevelopment Seewww python orgformoreinformation ' here os path dirname os file builtin license Printer 'license' ' Seehttp //www python org/% 3s/license html' % sys version ['LICENSE txt' 'LICENSE'] [os path join here os pardir here os curdir],When did the code set copyright and credits ?,in _ _ builtin _ _,"When did the code set copyright and credits?
2011",1,1,1,1
q1390,codeqa,Where,def oauth 2 decorator from clientsecrets filename scope message None return O Auth 2 Decorator From Client Secrets filename scope message,Where did an oauth2decorator populate ?,from a clientsecrets file,None,1,1,1,1
q1391,codeqa,When,def unregister auth backend backend cls warn u'reviewboard accounts backends unregister auth backend isdeprecated Usereviewboard accounts backends auth backends unregister instead ' Deprecation Warning auth backends unregister backend cls,When did authentication backend register ?,previously,None,1,1,1,1
q1395,codeqa,When,"def init opts if 'host' not in opts['proxy'] log critical "" No'host'keyfoundinpillarforthisproxy "" return Falseif 'username' not in opts['proxy'] log critical "" No'username'keyfoundinpillarforthisproxy "" return Falseif 'passwords' not in opts['proxy'] log critical "" No'passwords'keyfoundinpillarforthisproxy "" return Falsehost opts['proxy']['host']try username password find credentials host except Salt System Exit as err log critical ' Error {0 }' format err return False DETAILS['host'] host DETAILS['username'] username DETAILS['password'] password DETAILS['protocol'] opts['proxy'] get 'protocol' 'https' DETAILS['port'] opts['proxy'] get 'port' '443 '",When did this function call ?,when the proxy starts up,2023,1,1,1,1
q1399,codeqa,For what purpose,def action finish context values return IMPL action finish context values,For what purpose does the code finish an action ?,for an instance,action,1,1,1,1
q1403,codeqa,Where,def odnoklassniki oauth sig data client secret suffix md 5 '{ 0 s}{ 1 s}' format data['access token'] client secret encode 'utf- 8 ' hexdigest check list sorted ['{ 0 s} {1 s}' format key value for key value in data items if key 'access token' ] return md 5 '' join check list + suffix encode 'utf- 8 ' hexdigest,Where is algorithm described ?,at URL,Hash,1,1,1,1
q1408,codeqa,How,def parallel beta diversity process run results f f for line in f fields line strip split ' DCTB ' dm components fields[ -1 ]output fp fields[ -1 ]dm assemble distance matrix map open dm components output f open output fp 'w' output f write dm output f close return True,How do of a distance matrix assemble from component vectors ?,re,assembles,1,1,1,1
q1409,codeqa,For what purpose,def pull raw url name verify False return pull image 'raw' url name verify verify,For what purpose does the code execute a machinectl pull - raw ?,to download a,pull,1,1,1,1
q1411,codeqa,How,"def run setup script name script args None stop after 'run' if stop after not in 'init' 'config' 'commandline' 'run' raise Value Error ""invalidvaluefor'stop after' %r"" % stop after global setup stop after setup distribution setup stop after stop aftersave argv sys argvg {' file ' script name}l {}try try sys argv[ 0 ] script nameif script args is not None sys argv[ 1 ] script argswith open script name 'rb' as f exec f read in g lfinally sys argv save argv setup stop after Noneexcept System Exit passexcept raiseif setup distribution is None raise Runtime Error ""'distutils core setup 'wasnevercalled--perhaps'%s'isnota Distutilssetupscript?"" % script name return setup distribution",By how much did environment control ?,somewhat,None,1,1,1,1
q1418,codeqa,How,def flavor get by name context name return IMPL flavor get by name context name,How does the code get instance type ?,by name,None,1,1,1,1
q1422,codeqa,Where,"def open in browser response openfunc webbrowser open if not isinstance response Html Response raise Type Error ' Unsupportedresponsetype %s' % response class name body response bodyif '<base' not in body body body replace '<head>' '<head><basehref ""%s"">' % response url fd fname tempfile mkstemp ' html' os write fd body os close fd return openfunc 'file //%s' % fname",Where does the code open the given response ?,in a local web browser,file,1,1,1,1
q1425,codeqa,When,@abortsdef test require key exists empty list require 'hosts',When is the value an empty list ?,when given a single existing key,None,1,1,1,1
q1426,codeqa,How,def stroke and fill colors color border if not isinstance color colors Color raise Value Error ' Invalidcolor%r' % color if color colors white and border is None strokecolor colors blackelif border is None strokecolor colorelif border if not isinstance border colors Color raise Value Error ' Invalidbordercolor%r' % border strokecolor borderelse strokecolor Nonereturn strokecolor color,How do border handle ?,helper function,None,1,1,1,1
q1427,codeqa,How,@require context@pick context manager writerdef ec 2 instance create context instance uuid id None ec 2 instance ref models Instance Id Mapping ec 2 instance ref update {'uuid' instance uuid} if id is not None ec 2 instance ref update {'id' id} ec 2 instance ref save context session return ec 2 instance ref,How do ec2 compatible instance create ?,by provided uuid,@ec2 compatible instance create :,1,1,1,1
q1428,codeqa,Where,"def replacestrings source match re search 'var* \\w+ \\ \\["" *? ""\\] ' source re DOTALL if match varname strings match groups startpoint len match group 0 lookup strings split '"" ""' variable '%s[%%d]' % varname for index value in enumerate lookup source source replace variable % index '""%s""' % value return source[startpoint ]return source",Where do values replace ?,in source,values,1,1,1,1
q1429,codeqa,How,def test parse ave conditions parse config ave fname assert true len conditions 4,How do of parse ?,test,assert,1,1,1,1
q1434,codeqa,Where,def service start name r salt utils http query DETAILS['url'] + 'service/start/' + name decode type 'json' decode True return r['dict'],"Where does the code start a "" service "" ?",on the rest server,service,1,1,1,1
q1436,codeqa,Where,def copy globals source globs only names None ignore missing names False names to ignore dunder names to keep ' implements ' ' all ' ' imports ' cleanup globs True if only names if ignore missing names items k getattr source k NONE for k in only names else items k getattr source k for k in only names else items iteritems source dict copied []for key value in items if value is NONE continueif key in names to ignore continueif key startswith ' ' and key not in dunder names to keep continueglobs[key] valuecopied append key if cleanup globs if 'copy globals' in globs del globs['copy globals']return copied,Where did attributes define ?,in source,attributes,1,1,1,1
q1440,codeqa,How,def get command args zone get zone args project id args name if not zone print ' Zonenotfound 'else print ' Zone {} {} {}' format zone name zone dns name zone description,How does the code get a zone ?,by name,prints,1,1,1,1
q1441,codeqa,How,def prepare input source source base '' if isinstance source str source xmlreader Input Source source elif hasattr source 'read' f sourcesource xmlreader Input Source source set Byte Stream f if hasattr f 'name' source set System Id f name if source get Byte Stream is None sysid source get System Id basehead os path dirname os path normpath base sysidfilename os path join basehead sysid if os path isfile sysidfilename source set System Id sysidfilename f open sysidfilename 'rb' else source set System Id urllib parse urljoin base sysid f urllib request urlopen source get System Id source set Byte Stream f return source,By how much did inputsource object resolve ?,fully,None,1,1,1,1
q1442,codeqa,Where,def generate cache key request method headerlist key prefix ctx hashlib md 5 for header in headerlist value request META get header if value is not None ctx update force bytes value url hashlib md 5 force bytes iri to uri request build absolute uri cache key 'views decorators cache cache page %s %s %s %s' % key prefix method url hexdigest ctx hexdigest return i18 n cache key suffix request cache key,Where did the headers give ?,in the header list,views,1,1,1,1
q1451,codeqa,When,def utctz to altz utctz return -1 * int float utctz / 100 * 3600,When do we convert utctz to the timezone ?,in seconds,altz,1,1,1,1
q1457,codeqa,When,def c moves client cmds client exitsreturn 'look' if not cmds else cmds,When did room create ?,previously,None,1,1,1,1
q1460,codeqa,Where,def make exchange func a b updates Ordered Dict updates[a] bupdates[b] af function [] updates updates return f,Where is f a theano function ?,where,f,1,1,1,1
q1469,codeqa,Where,def wrap instance event prefix @utils expects func args 'instance' def helper function @functools wraps function def decorated function self context *args **kwargs wrapped func safe utils get wrapped function function keyed args inspect getcallargs wrapped func self context *args **kwargs instance uuid keyed args['instance']['uuid']event name '{ 0 } {1 }' format prefix function name with Event Reporter context event name instance uuid return function self context *args **kwargs return decorated functionreturn helper,Where did the event take ?,on the instance,Event,1,1,1,1
q1478,codeqa,Where,def enabled name **kwargs fmri cmd '/usr/bin/svcs-H-o FMRI{ 0 }' format name fmri salt ['cmd run'] fmri cmd python shell False cmd '/usr/sbin/svccfg-s{ 0 }listpropgeneral/enabled' format fmri comps salt ['cmd run'] cmd python shell False split if comps[ 2 ] 'true' return Trueelse return False,Where did the named service start ?,on boot cli example,TRUE,1,1,1,1
q1479,codeqa,For what purpose,def enabled name **kwargs fmri cmd '/usr/bin/svcs-H-o FMRI{ 0 }' format name fmri salt ['cmd run'] fmri cmd python shell False cmd '/usr/sbin/svccfg-s{ 0 }listpropgeneral/enabled' format fmri comps salt ['cmd run'] cmd python shell False split if comps[ 2 ] 'true' return Trueelse return False,For what purpose is the named service enabled ?,to start on boot cli example,TRUE,1,1,1,1
q1482,codeqa,How,def mounted processing device key net metadata dev path utils make dev path device partition 1 with utils tempdir as tmpdir err mount filesystem dev path tmpdir if not err try if not agent find guest agent tmpdir vfs vfsimpl VFS Local FS imgmodel Local File Image None imgmodel FORMAT RAW imgdir tmpdir LOG info LI ' Manipulatinginterfacefilesdirectly' disk inject data into fs vfs key net metadata None None finally utils execute 'umount' dev path run as root True else LOG info LI ' Failedtomountfilesystem expectedfornon-linuxinstances %s' err,How does callback run ?,with the image vdi attached,None,1,1,1,1
q1483,codeqa,Where,"def percent args None if grains ['kernel'] ' Linux' cmd 'df-P'elif grains ['kernel'] ' Open BSD' cmd 'df-k P'else cmd 'df'ret {}out salt ['cmd run'] cmd python shell False splitlines for line in out if not line continueif line startswith ' Filesystem' continuecomps line split while not comps[ 1 ] isdigit comps[ 0 ] '{ 0 }{ 1 }' format comps[ 0 ] comps[ 1 ] comps pop 1 try if grains ['kernel'] ' Darwin' ret[comps[ 8 ]] comps[ 4 ]else ret[comps[ 5 ]] comps[ 4 ]except Index Error log error ' Problemparsingdiskusageinformation' ret {}if args and args not in ret log error "" Problemparsingdiskusageinformation Partition'{ 0 }'doesnotexist "" format args ret {}elif args return ret[args]return ret",Where did volumes mount ?,on this minion cli example,None,1,1,1,1
q1484,codeqa,How,@gen enginedef List Recursively store pattern callback results yield gen Task List All Keys store prefix Prefix From Pattern pattern callback results,How do all files matching pattern list ?,recursively,Yields,1,1,1,1
q1485,codeqa,When,def parse tadm weights paramfile weights []for line in paramfile weights append float line strip return numpy array weights u'd',When did by tadm generate the stdout output ?,when training a model,stdout,1,1,1,1
q1486,codeqa,When,def profile TP tp Class tp Dim n Runs tp tp Class number Of Cols tp Dim data numpy random randint 0 2 [tp Dim n Runs] astype 'float 32 ' for i in xrange n Runs d data[ i]tp compute d True,When does the code profiling performance of temporalpooler order ?,by cumulative time,When,1,1,1,1
q1491,codeqa,For what purpose,"def write docstringdict filename 'turtle docstringdict' docsdict {}for methodname in tg screen functions key ' Screen ' + methodname docsdict[key] eval key doc for methodname in tg turtle functions key ' Turtle ' + methodname docsdict[key] eval key doc with open '%s py' % filename 'w' as f keys sorted [x for x in docsdict keys if x split ' ' [1 ] not in alias list ] f write 'docsdict {\n\n' for key in keys[ -1 ] f write '%s \n' % repr key f write '""""""%s\n"""""" \n\n' % docsdict[key] key keys[ -1 ]f write '%s \n' % repr key f write '""""""%s\n""""""\n\n' % docsdict[key] f write '}\n' f close",For what purpose do docstring - dictionary write ?,to file,docsdict,1,1,1,1
q1492,codeqa,For what purpose,"def write docstringdict filename 'turtle docstringdict' docsdict {}for methodname in tg screen functions key ' Screen ' + methodname docsdict[key] eval key doc for methodname in tg turtle functions key ' Turtle ' + methodname docsdict[key] eval key doc with open '%s py' % filename 'w' as f keys sorted [x for x in docsdict keys if x split ' ' [1 ] not in alias list ] f write 'docsdict {\n\n' for key in keys[ -1 ] f write '%s \n' % repr key f write '""""""%s\n"""""" \n\n' % docsdict[key] key keys[ -1 ]f write '%s \n' % repr key f write '""""""%s\n""""""\n\n' % docsdict[key] f write '}\n' f close",For what purpose do docstring - dictionary create ?,to file,docs,1,1,1,1
q1495,codeqa,Where,@receiver Signal Handler course published def listen for course publish sender course key **kwargs course modulestore get course course key if course try deadline Verification Deadline objects get course key course key if not deadline deadline is explicit and deadline deadline course end Verification Deadline set deadline course key course end except Object Does Not Exist Verification Deadline set deadline course key course end,Where has a course been published ?,in studio,course,1,1,1,1
q1505,codeqa,Where,def create endpoint 'incidents' api url None page id None api key None api version None **kwargs params get api params api url api url page id page id api key api key api version api version if not validate api params params log error ' Invalid AP Iparams ' log error params return {'result' False 'comment' ' Invalid AP Iparams Seelogfordetails'}endpoint sg endpoint[ -1 ]headers get headers params create url '{base url}/v{version}/pages/{page id}/{endpoint} json' format base url params['api url'] version params['api version'] page id params['api page id'] endpoint endpoint change request {}for karg warg in six iteritems kwargs if warg is None or karg startswith ' ' or karg in INSERT FORBIDDEN FILEDS continuechange request key '{endpoint sg}[{karg}]' format endpoint sg endpoint sg karg karg change request[change request key] wargreturn http request create url method 'POST' headers headers data change request,Where does the code insert a new entry ?,under a specific endpoint,None,1,1,1,1
q1513,codeqa,When,def teardown container container dir container root device None try img Disk Image image None mount dir container dir img teardown if container root device if 'loop' in container root device LOG debug ' Releaseloopdevice%s' container root device utils execute 'losetup' '--detach' container root device run as root True attempts 3 elif 'nbd' in container root device LOG debug ' Releasenbddevice%s' container root device utils execute 'qemu-nbd' '-d' container root device run as root True else LOG debug ' Noreleasenecessaryforblockdevice%s' container root device except Exception LOG exception LE ' Failedtoteardowncontainerfilesystem',When do the container rootfs mount ?,once it is spawned,None,1,1,1,1
q1514,codeqa,For what purpose,def start hass instance hass hass start,For what purpose does the code start the home assistant instance ?,to test,instance,1,1,1,1
q1515,codeqa,How,def fixed ips by virtual interface context vif id return IMPL fixed ips by virtual interface context vif id,How does the code get fixed ips if none exist ?,by virtual interface,None,1,1,1,1
q1516,codeqa,When,def assert request user is admin request is admin request user is admin request request if not is admin user db get user db from request request request raise Access Denied Error message ' Administratoraccessrequired' user db user db,When did user log ?,currently,None,1,1,1,1
q1518,codeqa,Where,def get unused port port s get unused port and socket s close return port,Where does an unused port return ?,on localhost,None,1,1,1,1
q1519,codeqa,How,def pwd from name name global uid to pwd cache name to pwd cache entry cached cache key value pwd getpwnam name name to pwd cache if entry and not cached uid to pwd cache[entry pw uid] entryreturn entry,How do password database entry return ?,for name,entry,1,1,1,1
q1520,codeqa,How,def check output *popenargs **kwargs if mono raise Not Implemented Error 'check outputnotcurrentlysupportedon NE Tplatforms' if 'stdout' in kwargs raise Value Error 'stdoutargumentnotallowed itwillbeoverridden ' process Popen stdout PIPE *popenargs **kwargs output unused err process communicate retcode process poll if retcode cmd kwargs get 'args' if cmd is None cmd popenargs[ 0 ]raise Called Process Error retcode cmd output output return output,How does the code return its output ?,as a byte string,None,1,1,1,1
q1527,codeqa,How,def test undefined step represent string feature file ojoin 'runner features' 'first feature' feature Feature from file feature file step feature scenarios[ 0 ] steps[ 0 ]assert equals step represent string step sentence ' Given Idonothing#tests/functional/output features/runner features/first feature 7\n' assert equals step represent string 'foobar' 'foobar#tests/functional/output features/runner features/first feature 7\n',How did undefined step represent ?,without colors,assert,1,1,1,1
q1530,codeqa,For what purpose,def configure paramiko logging l logging get Logger 'paramiko' l set Level logging DEBUG static create sc config dirs lh logging handlers Rotating File Handler static SSH DEBUG FILE max Bytes 1048576 backup Count 2 lh set Level logging DEBUG format 'PID %s' % str static PID + '% levelname - 3s[% asctime s % msecs 03 d]thr % threadid -3 d% name s % message s' date format '%Y%m%d-%H %M %S'lh set Formatter logging Formatter format date format l add Handler lh,For what purpose do ssh log to a file ?,for debug,Rotating,1,1,1,1
q1532,codeqa,For what purpose,def Permission Mod field permissions class Modded field @classmethoddef many init cls *args **kwargs kwargs['child'] field return Permission Mod serializers List Serializer permissions *args **kwargs def get attribute self instance if self check permissions instance return super Modded self get attribute instance else raise fields Skip Field def check permissions self obj request self context get 'request' for Perm in permissions perm Perm if not perm has permission request self return Falseif not perm has object permission request self obj return Falsereturn Truereturn Modded,For what purpose does the code take a class ?,to conditionally hide based on permissions,Class,1,1,1,1
q1533,codeqa,For what purpose,def Permission Mod field permissions class Modded field @classmethoddef many init cls *args **kwargs kwargs['child'] field return Permission Mod serializers List Serializer permissions *args **kwargs def get attribute self instance if self check permissions instance return super Modded self get attribute instance else raise fields Skip Field def check permissions self obj request self context get 'request' for Perm in permissions perm Perm if not perm has permission request self return Falseif not perm has object permission request self obj return Falsereturn Truereturn Modded,For what purpose does the code modify it ?,to conditionally hide based on permissions,Permission Mod field,1,1,1,1
q1535,codeqa,How,def resolve all x default None while isinstance x PDF Obj Ref x x resolve default default if isinstance x list x [resolve all v default default for v in x]elif isinstance x dict for k v in x iteritems x[k] resolve all v default default return x,How does the given object and all the internals resolve ?,recursively,None,1,1,1,1
q1539,codeqa,How,def force decode string encoding if isinstance string binary type try if encoding string string decode encoding else string string decode 'utf- 8 ' except Unicode Error string string decode 'latin 1 ' return string,How do a unicode string get out of a bytestring ?,forcibly,string,1,1,1,1
q1543,codeqa,Where,def generate cache key request method headerlist key prefix ctx hashlib md 5 for header in headerlist value request META get header None if value is not None ctx update value path hashlib md 5 force bytes iri to uri request get full path cache key u'views decorators cache cache page %s %s %s %s' % key prefix method path hexdigest ctx hexdigest return i18 n cache key suffix request cache key,Where did the headers give ?,in the header list,views,1,1,1,1
q1547,codeqa,How,def test help command should exit status error when cmd does not exist script result script pip 'help' 'mycommand' expect error True assert result returncode ERROR,How do for non - existing command help ?,test,ERROR,1,1,1,1
q1549,codeqa,How,@register tag 'static' def do static parser token return Static Node handle token parser token,How does the code join the given path ?,with the static_url setting,None,1,1,1,1
q1556,codeqa,When,@contextlib contextmanagerdef chdir dirname curdir os getcwd try os chdir dirname yield finally os chdir curdir,When does context manager change the current directory ?,temporarily,When,1,1,1,1
q1560,codeqa,Where,def filter sff reads sff data ids to keep None ids to remove None header reads sff dataif ids to keep is not None reads [r for r in reads if r[' Name'] in ids to keep ]if ids to remove is not None reads [r for r in reads if r[' Name'] not in ids to remove ]header['number of reads'] len reads return header reads,Where does the i d be in ids_to_keep ?,where,None,1,1,1,1
q1564,codeqa,When,def list pkgs versions as list False **kwargs versions as list salt utils is true versions as list if any [salt utils is true kwargs get x for x in 'removed' 'purge desired' ] return {}if 'pkg list pkgs' in context if versions as list return context ['pkg list pkgs']else ret copy deepcopy context ['pkg list pkgs'] salt ['pkg resource stringify'] ret return retret {}cmd 'pkg info-q-a'out salt ['cmd run stdout'] cmd output loglevel 'trace' for line in out splitlines try pkgname pkgver flavor PKG RE match line groups except Attribute Error continuepkgname + '--{ 0 }' format flavor if flavor else '' salt ['pkg resource add pkg'] ret pkgname pkgver salt ['pkg resource sort pkglist'] ret context ['pkg list pkgs'] copy deepcopy ret if not versions as list salt ['pkg resource stringify'] ret return ret,When did the packages instal as a dict ?,currently,None,1,1,1,1
q1574,codeqa,How,@deprecated u' 2 1' def finddir o match case False if case names [ name name for name in dir o if is string like name ]else names [ name lower name for name in dir o if is string like name ]match match lower return [orig for name orig in names if name find match > 0 ],How do all attributes match string ?,in match,all attributes,1,1,1,1
q1577,codeqa,How,def Format Message event Log Record log Type ' Application' key Name 'SYSTEM\\ Current Control Set\\ Services\\ Event Log\\%s\\%s' % log Type event Log Record Source Name handle win 32 api Reg Open Key win 32 con HKEY LOCAL MACHINE key Name try dll Names win 32 api Reg Query Value Ex handle ' Event Message File' [0 ] split ' ' data Nonefor dll Name in dll Names try dll Name win 32 api Expand Environment Strings dll Name dll Handle win 32 api Load Library Ex dll Name 0 win 32 con DONT RESOLVE DLL REFERENCES try data win 32 api Format Message W win 32 con FORMAT MESSAGE FROM HMODULE dll Handle event Log Record Event ID langid event Log Record String Inserts finally win 32 api Free Library dll Handle except win 32 api error passif data is not None breakfinally win 32 api Reg Close Key handle return data or u'',How did a tuple give the code ?,from readeventlog,None,1,1,1,1
q1578,codeqa,How,@cacheitdef nT n k if k 0 return 1 if k n else 0 return sum nT n - k j for j in range min k n - k + 1,How do the partitions of n items return into k parts ?,code,in ascending order,1,1,1,1
q1583,codeqa,For what purpose,def filter factory global conf **local conf conf global conf copy conf update local conf register swift info 'formpost' return lambda app Form Post app conf,For what purpose does the wsgi filter return ?,for use with paste,formpost,1,1,1,1
q1588,codeqa,Where,def current line number import inspectreturn inspect currentframe f back f lineno,Where does the current line number return ?,in our program,inspect,1,1,1,1
q1591,codeqa,When,def zero grad x return zero grad x,When does the code consider an expression constant ?,when computing gradients,Constant,1,1,1,1
q1599,codeqa,How,def list may enroll course key features may enroll and unenrolled Course Enrollment Allowed may enroll and unenrolled course key def extract student student features '\n Builddictcontaininginformationaboutasinglestudent \n'return dict feature getattr student feature for feature in features return [extract student student features for student in may enroll and unenrolled],How may students enroll in a course ?,as a dict,None,1,1,1,1
q1600,codeqa,When,def register nonexistent models with modm class Dropbox File MODM Stored File Node primary key u' id'passclass OSF Storage Guid File MODM Stored File Node primary key u' id'passclass OSF Guid File MODM Stored File Node primary key u' id'passclass Github Guid File MODM Stored File Node primary key u' id'passclass Node File MODM Stored File Node primary key u' id'passclass Box File MODM Stored File Node primary key u' id'passclass Fig Share Guid File MODM Stored File Node primary key u' id'passclass S3 Guid File MODM Stored File Node primary key u' id'passclass Dataverse File MODM Stored File Node primary key u' id'pass Dataverse File register collection Node File register collection S3 Guid File register collection Fig Share Guid File register collection Box File register collection Github Guid File register collection OSF Storage Guid File register collection OSF Guid File register collection Dropbox File register collection,When do models exist ?,no longer,None,1,1,1,1
q1603,codeqa,When,def contains at depth haystack needle n if not hasattr haystack ' iter ' return Falseif n 0 return needle in haystack else for item in haystack if contains at depth item needle n - 1 return Truereturn False,When is the needle present in one of the sub - iterables in haystack ?,at depth n,return True,1,1,1,1
q1607,codeqa,How,def lookup path parent None user None exists None url build url RESOURCE route 'lookup' params make params path path parent parent user user exists exists return request 'get' url params params,How does the code retrieve a general file from ?,plotly,None,1,1,1,1
q1612,codeqa,Where,def prep user host resource if user try user nodeprep prepare unicode user except Unicode Error raise Invalid Format ' Invalidcharacterinusername' else user Noneif not host raise Invalid Format ' Serveraddressrequired ' else try host nameprep prepare unicode host except Unicode Error raise Invalid Format ' Invalidcharacterinhostname' if resource try resource resourceprep prepare unicode resource except Unicode Error raise Invalid Format ' Invalidcharacterinresource' else resource Nonereturn user host resource,Where do stringprep perform ?,on all jid fragments,user,1,1,1,1
q1619,codeqa,When,def lxml trace data html True **kwargs from lxml import etreefor event element in etree iterparse String IO data html html **kwargs print '%s %4 s %s' % event element tag element text,When do the lxml events occur ?,during parsing,When,1,1,1,1
q1627,codeqa,Where,def user exists name user None host None port None maintenance db None password None runas None return bool role get name user user host host port port maintenance db maintenance db password password runas runas return password False,Where does a user exist ?,on the postgres server,None,1,1,1,1
q1628,codeqa,How,def status name sig None proxy fn 'rest sample service status'resp proxy [proxy fn] name if resp['comment'] 'stopped' return Falseif resp['comment'] 'running' return True,How does the code return the status for a service ?,via rest_sample,running,1,1,1,1
q1630,codeqa,How,def status name sig None proxy fn 'ssh sample service status'resp proxy [proxy fn] name if resp['comment'] 'stopped' return Falseif resp['comment'] 'running' return True,How does the code return the status for a service ?,via rest_sample,running,1,1,1,1
q1633,codeqa,How,def Push Connection new connection Init Connection thread local connection stack append new connection,How do a new one set ?,internal method,append,1,1,1,1
q1639,codeqa,When,def get recently published exp summary dicts limit recently published exploration summaries [exp summary for exp summary in exp services get recently published exp summaries limit values ]summaries sorted recently published exploration summaries key lambda exp summary exp summary first published msec reverse True return get displayable exp summary dicts summaries,When did explorations publish ?,recently,None,1,1,1,1
q1640,codeqa,When,def was modified since header None mtime 0 size 0 try if header is None raise Value Errormatches re match '^ [^ ]+ length [0 - 9 ]+ ?$' header re IGNORECASE header mtime rfc 822 mktime tz rfc 822 parsedate tz matches group 1 header len matches group 3 if header len and int header len size raise Value Errorif mtime > header mtime raise Value Errorexcept Attribute Error Value Error return Truereturn False,When did something modify ?,since the user last downloaded it,None,1,1,1,1
q1649,codeqa,When,"def default formats return {'html' {'nbconvert template' 'basic' 'label' ' Notebook' 'icon' 'book'} 'slides' {'nbconvert template' 'slides reveal' 'label' ' Slides' 'icon' 'gift' 'test' lambda nb json '""slideshow""' in json } 'script' {'label' ' Code' 'icon' 'code' 'content type' 'text/plain charset UTF- 8 '}}",When did formats implement ?,currently,html,1,1,1,1
q1653,codeqa,When,def lsmod ret []for line in salt ['cmd run'] 'lsmod' splitlines comps line split if not len comps > 2 continueif comps[ 0 ] ' Module' continuemdat {'size' comps[ 1 ] 'module' comps[ 0 ] 'depcount' comps[ 2 ]}if len comps > 3 mdat['deps'] comps[ 3 ] split ' ' else mdat['deps'] []ret append mdat return ret,When did modules load ?,currently,When,1,1,1,1
q1655,codeqa,For what purpose,@set databasedef get or create item **kwargs if item return Item create or get **parse model data item,For what purpose do us parse the model data ?,to compress extra fields,item,1,1,1,1
q1664,codeqa,How,def volume types get by name or id context volume type list return IMPL volume types get by name or id context volume type list,How d volume types get ?,by name,return IMPL,1,1,1,1
q1668,codeqa,How,def raise error iface iface option expected msg error msg iface iface option expected log error msg raise Attribute Error msg,How do an error log ?,with a logical formatted message,None,1,1,1,1
q1669,codeqa,How,def raise error iface iface option expected msg error msg iface iface option expected log error msg raise Attribute Error msg,How do an error raise ?,with a logical formatted message,Raises.,1,1,1,1
q1673,codeqa,When,def unregister account page class page cls warn u'unregister account page classisdeprecatedin Review Board 3 0andwillberemoved use Account Page registry unregisterinstead ' Deprecation Warning Account Page registry unregister page cls,When did account page class register ?,previously,None,1,1,1,1
q1674,codeqa,When,def task status update many context data dict results []model context['model']deferred context get 'defer commit' context['defer commit'] Truefor data in data dict['data'] results append get action 'task status update' context data if not deferred context pop 'defer commit' if not context get 'defer commit' model Session commit return {'results' results},When do many task statuses update ?,at once,When,1,1,1,1
q1676,codeqa,How,def get Safe Ex String ex encoding None ret Val exif getattr ex 'message' None ret Val ex messageelif getattr ex 'msg' None ret Val ex msgreturn get Unicode ret Val encoding encoding,"How do the proper exception represtation as a string "" % s "" % exception and 2 ) "" % s "" % str(exception ) get ?",how,str,1,1,1,1
q1677,codeqa,How,def add Pixel To Pixel Table With Steepness is Steep pixel Dictionary value x y if is Steep add Pixel To Pixel Table pixel Dictionary value y x else add Pixel To Pixel Table pixel Dictionary value x y,How do pixels add to the pixel table ?,with steepness,add to,1,1,1,1
q1690,codeqa,Where,"@pytest mark sphinx 'pseudoxml' def test docinfo app status warning app builder build ['metadata'] env app envexampledocinfo env metadata['metadata']expecteddocinfo {'author' u' David Goodger' 'authors' [u' Me' u' Myself' u'I'] 'address' u' 123 Example Street\n Example EX Canada\n A 1 B 2 C 3 ' 'fieldname' u' Thisisagenericbibliographicfield ' 'fieldname 2 ' u' Genericbibliographicfieldsmaycontainmultiplebodyelements \n\n Likethis ' 'status' u' Thisisa""workinprogress""' 'version' u' 1 ' 'copyright' u"" Thisdocumenthasbeenplacedinthepublicdomain You\nmaydowithitasyouwish Youmaycopy modify \nredistribute reattribute sell buy rent lease \ndestroy orimproveit quoteitatlength excerpt \nincorporate collate fold staple ormutilateit ordo\nanythingelsetoitthatyouroranyoneelse'sheart\ndesires "" 'contact' u'goodger@python org' 'date' u' 2006 - 05 - 21 ' 'organization' u'humankind' 'revision' u' 4564 ' 'tocdepth' 1 'orphan' u'' 'nocomments' u''}assert exampledocinfo expecteddocinfo",Where did the docinfo metadata store ?,in the first node of the document,metadata,1,1,1,1
q1691,codeqa,For what purpose,def create tree base dir files mode 511 verbose 1 dry run 0 need dir {}for file in files need dir[os path join base dir os path dirname file ] 1need dirs need dir keys need dirs sort for dir in need dirs mkpath dir mode verbose verbose dry run dry run,For what purpose did all the empty directories under base_dir need ?,to put files there,create,1,1,1,1
q1693,codeqa,When,def sleep seconds 0 ref True hub get hub loop hub loopif seconds < 0 waiter Waiter loop run callback waiter switch waiter get else hub wait loop timer seconds ref ref,When did the code put the current greenlet to sleep ?,for at least * seconds *,None,1,1,1,1
q1696,codeqa,How,def num cpus ncpufuncs {' Linux' num cpus unix ' Darwin' num cpus darwin ' Windows' num cpus windows}ncpufunc ncpufuncs get platform system num cpus unix try ncpus max 1 int ncpufunc except ncpus 1return ncpus,By how much do the effective number of cpus in the system return as an integer ?,code,1,1,1,1,1
q1699,codeqa,Where,def is Multiline s return s find '\n' -1,Where does this string have a newline ?,in it,the string,1,1,1,1
q1700,codeqa,For what purpose,def load config cfg None cfg cfg or {} if u'site name' not in cfg cfg[u'site name'] u' Example'if u'config file path' not in cfg cfg[u'config file path'] os path join os path abspath u' ' u'mkdocs yml' if u'extra css' not in cfg cfg[u'extra css'] [u'css/extra css']conf config Config schema config DEFAULT SCHEMA conf load dict cfg errors warnings conf validate assert errors warnings [] [] errors warningsreturn conf,For what purpose do a simple config build ?,for testing,config,1,1,1,1
q1701,codeqa,How,@inspect command def active queues state if state consumer task consumer return [dict queue as dict recurse True for queue in state consumer task consumer queues]return [],How are a worker consuming the task queues currently ?,from,[],1,1,1,1
q1706,codeqa,Where,def function return 0,Where does this function live ?,at the module level,None,1,1,1,1
q1710,codeqa,Where,"def test docinfo exampledocinfo env metadata['metadata']expecteddocinfo {'author' u' David Goodger' 'authors' [u' Me' u' Myself' u'I'] 'address' u' 123 Example Street\n Example EX Canada\n A 1 B 2 C 3 ' 'fieldname' u' Thisisagenericbibliographicfield ' 'fieldname 2 ' u' Genericbibliographicfieldsmaycontainmultiplebodyelements \n\n Likethis ' 'status' u' Thisisa""workinprogress""' 'version' u' 1 ' 'copyright' u"" Thisdocumenthasbeenplacedinthepublicdomain You\nmaydowithitasyouwish Youmaycopy modify \nredistribute reattribute sell buy rent lease \ndestroy orimproveit quoteitatlength excerpt \nincorporate collate fold staple ormutilateit ordo\nanythingelsetoitthatyouroranyoneelse'sheart\ndesires "" 'contact' u'goodger@python org' 'date' u' 2006 - 05 - 21 ' 'organization' u'humankind' 'revision' u' 4564 '}for key in exampledocinfo yield assert equals exampledocinfo get key expecteddocinfo get key yield assert equals set expecteddocinfo keys set exampledocinfo keys",Where did the docinfo metadata store ?,in the first node of the document,Canada,1,1,1,1
q1711,codeqa,How,def raw post data request return Http Response request raw post data,How is a view requested ?,with get and accesses request,view,1,1,1,1
q1712,codeqa,How,def get Chain Matrix SVG matrix SVG xml Element matrix SVG matrix SVG get Other Times Self get Matrix SVG xml Element tricomplex if xml Element parent None matrix SVG get Chain Matrix SVG matrix SVG xml Element parent return matrix SVG,How do chain matrixsvg get ?,by svgelement,None,1,1,1,1
q1714,codeqa,Where,def dup lshift f n K if not f return felse return f + [K zero] * n,Where do by x**n multiply f efficiently ?,in k[x ],None,1,1,1,1
q1717,codeqa,Where,"def list bank cachedir base os path join cachedir os path normpath bank if not os path isdir base return []try return os listdir base except OS Error as exc raise Salt Cache Error ' Therewasanerroraccessingdirectory""{ 0 }"" {1 }' format base exc",Where did all entries store ?,in the specified bank,[],1,1,1,1
q1724,codeqa,Where,def savepoint using None return get connection using savepoint,Where does the code create a savepoint ?,inside the current transaction,None,1,1,1,1
q1728,codeqa,Where,def dmp ff trivial gcd f g u K zero f dmp zero p f u zero g dmp zero p g u if zero f and zero g return tuple dmp zeros 3 u K elif zero f return dmp ground monic g u K dmp zero u dmp ground dmp ground LC g u K u elif zero g return dmp ground monic f u K dmp ground dmp ground LC f u K u dmp zero u elif query 'USE SIMPLIFY GCD' return dmp simplify gcd f g u K else return None,Where do trivial cases in gcd algorithm handle ?,over a field,dmp,1,1,1,1
q1731,codeqa,How,def wrap urlopen url timeout None try raw urlopen url timeout timeout except IO Error as e msg u' Errorgetting%s %s' % url e log error msg raise Request Exception msg resp requests Response resp raw raworig read raw readresp raw read lambda size **kwargs orig read size resp status code raw code or 200 resp headers requests structures Case Insensitive Dict raw headers return resp,How does alternate schemes handle ?,using urllib,Case Insensitive,1,1,1,1
q1735,codeqa,When,def token sort ratio s1 s2 force ascii True full process True return token sort s1 s2 partial False force ascii force ascii full process full process,When do the token sort ?,before comparing,partial,1,1,1,1
q1737,codeqa,For what purpose,def MX domain resolve False nameserver None if has dig return salt ['dig MX'] domain resolve nameserver return ' Thisfunctionrequiresdig whichisnotcurrentlyavailable',For what purpose do a list of lists return ?,for the mx of domain,None,1,1,1,1
q1738,codeqa,Where,"def get resource content venv package None resource None verify safe py code package resource bin path verify virtualenv venv ret salt ['cmd exec code all'] bin path ""importpkg resources print pkg resources resource string '{ 0 }' '{ 1 }' "" format package resource if ret['retcode'] 0 raise Command Execution Error '{stdout}\n{stderr}' format **ret return ret['stdout']",Where did a package resource instal ?,inside a virtualenv,bin,1,1,1,1
q1739,codeqa,How,def find path all False matches []for finder in get finders result finder find path all all if not all and result return resultif not isinstance result list tuple result [result]matches extend result if matches return matchesreturn [] if all else None,How does the code find a static file with the given path ?,using all enabled finders,None,1,1,1,1
q1745,codeqa,For what purpose,def volume field return field type Block Device Volume mandatory True factory lambda x x,For what purpose do a pclass field return ?,to hold a blockdevicevolume,Block,1,1,1,1
q1748,codeqa,How,def check program prog tmp init app 'which{ 0 }' format prog if len tmp > 0 and '/' in tmp return Trueelse return False,How is program installed ?,properly,TRUE,1,1,1,1
q1755,codeqa,How,def Virtual Host next dispatcher Dispatcher use x forwarded host True **domains from cherrypy lib import httputildef vhost dispatch path info request cherrypy serving requestheader request headers getdomain header ' Host' '' if use x forwarded host domain header 'X- Forwarded- Host' domain prefix domains get domain '' if prefix path info httputil urljoin prefix path info result next dispatcher path info section request config get 'tools staticdir section' if section section section[len prefix ]request config['tools staticdir section'] sectionreturn resultreturn vhost dispatch,By how much does the code select a different handler ?,based on the host header,None,1,1,1,1
q1756,codeqa,Where,def add Points At Z edge Pair points radius vertexes z carve Intersection First get Carve Intersection From Edge edge Pair edges[ 0 ] vertexes z carve Intersection Second get Carve Intersection From Edge edge Pair edges[ 1 ] vertexes z intercircle add Points From Segment carve Intersection First carve Intersection Second points radius 0 3,Where does the code add point complexes ?,on the segment between the edge intersections with z,points,1,1,1,1
q1763,codeqa,Where,def check if vlan interface exists session vlan interface cluster None host mor vm util get host ref session cluster physical nics ret session call method vutil 'get object property' host mor 'config network pnic' if not physical nics ret return Falsephysical nics physical nics ret Physical Nicfor pnic in physical nics if vlan interface pnic device return Truereturn False,Where does the vlan_interface exist ?,on the esx host,None,1,1,1,1
q1766,codeqa,Where,@needs hostdef run command shell True pty True combine stderr None quiet False warn only False stdout None stderr None timeout None shell escape None capture buffer size None return run command command shell pty combine stderr quiet quiet warn only warn only stdout stdout stderr stderr timeout timeout shell escape shell escape capture buffer size capture buffer size,Where does the code run a shell command ?,on a remote host,TRUE,1,1,1,1
q1774,codeqa,How,def group type get context id inactive False expected fields None return IMPL group type get context id inactive expected fields,How d the code get group type ?,by i d,group type,1,1,1,1
q1776,codeqa,Where,@datastore rpc positional 1 def Non Transactional func None allow existing True if func is not None return Non Transactional func def outer wrapper func def inner wrapper *args **kwds if not Is In Transaction return func *args **kwds if not allow existing raise datastore errors Bad Request Error ' Functioncannotbecalledfromwithinatransaction ' txn connection Get Connection Set Connection thread local old connection try return func *args **kwds finally Set Connection txn connection return inner wrapperreturn outer wrapper,Where is a decorator that insures a function run ?,outside a transaction,Database,1,1,1,1
q1780,codeqa,Where,@ssl required@require POS Tdef logout request auth logout request statsd incr 'user logout' res Http Response Redirect get next url request or reverse 'home' res delete cookie settings SESSION EXISTS COOKIE return res,In which direction do the user log ?,out,Logout,1,1,1,1
q1781,codeqa,Where,def wrap instance event function @functools wraps function def decorated function self context *args **kwargs wrapped func utils get wrapped function function keyed args safe utils getcallargs wrapped func context *args **kwargs instance uuid keyed args['instance']['uuid']event name 'compute {0 }' format function func name with compute utils Event Reporter context self conductor api event name instance uuid function self context *args **kwargs return decorated function,Where did the event take ?,on the instance,self,1,1,1,1
q1788,codeqa,How,def test daophot indef table ascii read 't/daophot 2 dat' Reader ascii Daophot for colname in table colnames mask value colname in 'OTIME' 'MAG' 'MERR' 'XAIRMASS' assert np all table[colname] mask mask value,How is that indef interpreted as a missing value ?,correctly,None,1,1,1,1
q1794,codeqa,How,def list pkgs *packages pkgs {}cmd ['rpm' '-q' if packages else '-qa' '--queryformat' '%{NAME}%{VERSION}\\n']if packages cmd extend packages out salt ['cmd run'] cmd output loglevel 'trace' python shell False for line in salt utils itertools split out '\n' if 'isnotinstalled' in line continuecomps line split pkgs[comps[ 0 ]] comps[ 1 ]return pkgs,How did the packages instal currently ?,in a dict,Installed,1,1,1,1
q1795,codeqa,When,def list pkgs *packages pkgs {}cmd ['rpm' '-q' if packages else '-qa' '--queryformat' '%{NAME}%{VERSION}\\n']if packages cmd extend packages out salt ['cmd run'] cmd output loglevel 'trace' python shell False for line in salt utils itertools split out '\n' if 'isnotinstalled' in line continuecomps line split pkgs[comps[ 0 ]] comps[ 1 ]return pkgs,When did the packages instal in a dict ?,currently,None,1,1,1,1
q1808,codeqa,When,def set warndays name warndays pre info info name if warndays pre info['warn'] return Truecmd 'chage-W{ 0 }{ 1 }' format warndays name salt ['cmd run'] cmd python shell False post info info name if post info['warn'] pre info['warn'] return post info['warn'] warndays return False,When did the code set the number of days of warning ?,before a password change is required,TRUE,1,1,1,1
q1811,codeqa,When,def cloudformation registry xml parent data region dict helpers cloudformation region dict stacks helpers cloudformation init xml parent data ' Cloud Formation Post Build Notifier' for stack in data get 'create-stacks' [] helpers cloudformation stack xml parent stack ' Post Build Stack Bean' stacks region dict delete stacks helpers cloudformation init xml parent data ' Cloud Formation Notifier' for delete stack in data get 'delete-stacks' [] helpers cloudformation stack xml parent delete stack ' Simple Stack Bean' delete stacks region dict,When do cloudformation create cloudformation stacks ?,before running a build,create,1,1,1,1
q1814,codeqa,Where,def sensitive variables *variables def decorator func @functools wraps func def sensitive variables wrapper *args **kwargs if variables sensitive variables wrapper sensitive variables variableselse sensitive variables wrapper sensitive variables ' ALL 'return func *args **kwargs return sensitive variables wrapperreturn decorator,Where did which variables use ?,in the decorated function,ALL,1,1,1,1
q1815,codeqa,When,def has table privileges cursor user table privs cur privs get table privileges cursor user table have currently cur privs intersection privs other current cur privs difference privs desired privs difference cur privs return have currently other current desired,When does a user have the privileges ?,already,has table,1,1,1,1
q1816,codeqa,How,def mplot 3 d f var 1 var 2 show True import warningswarnings filterwarnings 'ignore' ' Couldnotmatch\\S' p import module 'pylab' p3 import module 'mpl toolkits mplot 3 d' import kwargs {'fromlist' ['something']} or import module 'matplotlib axes 3 d' if not p or not p3 sys exit ' Matplotlibisrequiredtousemplot 3 d ' x y z sample f var 1 var 2 fig p figure ax p3 Axes 3 D fig ax plot wireframe x y z ax set xlabel 'X' ax set ylabel 'Y' ax set zlabel 'Z' if show p show,How do a 3d function plot ?,using matplotlib / tk,plot,1,1,1,1
q1818,codeqa,How,def vertical flip image data output encoding PNG quality None correct orientation UNCHANGED ORIENTATION rpc None transparent substitution rgb None rpc vertical flip async image data output encoding output encoding quality quality correct orientation correct orientation rpc rpc transparent substitution rgb transparent substitution rgb return rpc get result,How do the image flip ?,vertically,async,1,1,1,1
q1819,codeqa,Where,"def run command cmd redirect output True check exit code True cwd ROOT die message None if redirect output stdout subprocess PIP Eelse stdout Noneproc subprocess Popen cmd cwd cwd stdout stdout output proc communicate [0 ]if check exit code and proc returncode 0 if die message is None die ' Command""%s""failed \n%s' '' join cmd output else die die message return output",Where does the code run a command ?,in an out - of - process shell,cmd,1,1,1,1
q1822,codeqa,Where,def enabled name sig None return name 'redbull',Where is only the redbull service enabled ?,in the test,None,1,1,1,1
q1827,codeqa,Where,def get top state rule answers multi exploration state list rule str list answer log list stats domain State Rule Answer Log get multi by multi explorations exploration state list rule str list return [[{'value' top answer[ 0 ] 'count' top answer[ 1 ]} for top answer in answer log get all top answers ] for answer log in answer log list],Where did the rules list ?,in rule_str_list,list,1,1,1,1
q1841,codeqa,How,def booted context None contextkey 'salt utils systemd booted'if isinstance context dict if contextkey in context return context[contextkey]elif context is not None raise Salt Invocation Error 'contextmustbeadictionaryifpassed' try ret bool os stat '/run/systemd/system' except OS Error ret Falsetry context[contextkey] retexcept Type Error passreturn ret,How was the system booted ?,with systemd,Failed,1,1,1,1
q1847,codeqa,How,def find backup cs backup return utils find resource cs backups backup,How d the code get a backup ?,by i d,None,1,1,1,1
q1856,codeqa,For what purpose,def deactivate global activeif current Thread in active del active[current Thread ],For what purpose does the currently active translation object deinstall ?,so that further _ calls will resolve against the default translation object,deactivation,1,1,1,1
q1862,codeqa,How,def default remote config None if config is None config gitcfg current return config get u'branch %s remote' % current branch,How did by the current branch track the ?,remote,None,1,1,1,1
q1865,codeqa,Where,@decorators api view ['POST'] @decorators permission classes [ Twitter Account Ignore Permission] def unignore request usernames json loads request body get 'usernames' if not usernames raise Generic API Exception status HTTP 400 BAD REQUEST ' Usernamesnotprovided ' accounts Twitter Account objects filter username in usernames for account in accounts if account and account ignored account ignored Falseaccount save message {'success' '{ 0 }usersunignoredsuccessfully ' format len accounts }return Response message,Where do a twitter account show ?,in the aoa tool,Twitter,1,1,1,1
q1874,codeqa,How,@ docstring 'release' def search releases query '' limit None offset None strict False **fields return do mb search 'release' query fields limit offset strict,How do a dict return ?,with a recording - list key,dict,1,1,1,1
q1883,codeqa,How,def get node name nodes list nodes if name in nodes return nodes[name]return None,How does the code get the node from the full node list ?,by name,None,1,1,1,1
q1886,codeqa,For what purpose,def get override for user user block name default None if not hasattr block ' student overrides' block student overrides {}overrides block student overrides get user id if overrides is None overrides get overrides for user user block block student overrides[user id] overridesreturn overrides get name default,For what purpose does the code get the value of the overridden field ?,for the user,overrides,1,1,1,1
q1894,codeqa,Where,@world absorbdef wait for mathjax world wait for js variable truthy ' Math Jax is Ready',Where did mathjax set ?,on the page,None,1,1,1,1
q1895,codeqa,Where,@world absorbdef wait for mathjax world wait for js variable truthy ' Math Jax is Ready',Where is mathjax loaded ?,on the page,None,1,1,1,1
q1896,codeqa,How,def unixdll getnode buffer ctypes create string buffer 16 uuid generate time buffer return UUID bytes buffer raw node,How does the code get the hardware address on unix ?,using ctypes,None,1,1,1,1
q1912,codeqa,When,def recommend for brands brands return [],When do top five recommended brands return ?,when given brands to recommend for,None,1,1,1,1
q1915,codeqa,For what purpose,def load name merge inherited True cache lock acquire try data cache get name if not data if name 'root' or not merge inherited data {}else parts name split ' ' if len parts 1 parent 'root'else parent ' ' join parts[ -1 ] data load parent copy filename os path join dirname '%s dat' % name fileobj open filename 'rb' try if name 'root' and merge inherited merge data pickle load fileobj else data pickle load fileobj cache[name] datafinally fileobj close return datafinally cache lock release,For what purpose do the locale data load ?,for the given locale,data,1,1,1,1
q1925,codeqa,Where,@taskdef sudo command show True *args **kwargs if show print command command with hide u'running' return sudo command *args **kwargs,Where does the code run a command ?,on the remote server,running,1,1,1,1
q1932,codeqa,How,def null applicable aside types block return [],How do into applicable_aside_types patch ?,monkey,[],1,1,1,1
q1933,codeqa,For what purpose,def get remaining quota context db api image id None users quota CONF user storage quotapattern re compile '^ \\d+ K M G T ?B ?$' match pattern match users quota if not match LOG error LE ' Invalidvalueforoptionuser storage quota % users quota s' % {'users quota' users quota} raise exception Invalid Option Value option 'user storage quota' value users quota quota value quota unit match groups [0 2]quota unit quota unit or 'B' factor getattr units quota unit replace 'B' 'i' 1 users quota int quota value * factor if users quota < 0 returnusage db api user get storage usage context context owner image id image id return users quota - usage,For what purpose did method call ?,to see if the user is allowed to store an image,users quota,1,1,1,1
q1935,codeqa,How,def cast x dtype if dtype 'float X' dtype config float X x as scalar x if x type dtype dtype return xif x type dtype startswith 'complex' and not dtype startswith 'complex' raise Type Error ' Castingfromcomplextorealisambiguous considerreal imag angle orabs ' return cast mapping[dtype] x,How do x cast to a scalar of given dtype ?,symbolically,return x,1,1,1,1
q1939,codeqa,How,def atof string func float return func delocalize string,How does a string parse as a float ?,according to the locale settings,float,1,1,1,1
q1948,codeqa,When,def host pointer obj if isinstance obj int long return objforcewritable isinstance obj np void return mviewbuf memoryview get buffer obj forcewritable,Till when should it be not changed ?,until the operation which can be asynchronous completes,void,1,1,1,1
q1951,codeqa,How,def shutdown host None port None db None password None server connect host port db password try server ping except redis Connection Error return Falseserver shutdown try server ping except redis Connection Error return Truereturn False,How do the dataset save to disk ?,synchronously,None,1,1,1,1
q1952,codeqa,How,def shutdown host None port None db None password None server connect host port db password try server ping except redis Connection Error return Falseserver shutdown try server ping except redis Connection Error return Truereturn False,How do the server shut then ?,synchronously,TRUE,1,1,1,1
q1955,codeqa,For what purpose,@require context@require volume existsdef volume glance metadata get context volume id return volume glance metadata get context volume id,For what purpose do the glance metadata return ?,for the specified volume,volume,1,1,1,1
q1961,codeqa,When,def Cache Stats formatted results kinds and sizes dict kind['kind name'] kind['total bytes'] for kind in formatted results memcache set KINDS AND SIZES VAR kinds and sizes namespace MEMCACHE NAMESPACE,When did kind size values retrieve ?,last,When,1,1,1,1
q1962,codeqa,Where,def get Window Analyze File Given Text file Name gcode Text repository None if gcode Text '' return Noneif repository None repository settings get Read Repository Skeinlayer Repository skein Window get Window Given Text Repository file Name gcode Text repository skein Window update Deiconify return skein Window,Where do a gcode file display ?,in a skeinlayer window,Window,1,1,1,1
q1963,codeqa,How,"def sync cmd 'eix-sync-q-C""--ask""-C""n""'if 'makeconf features contains' in salt and salt ['makeconf features contains'] 'webrsync-gpg' if salt utils which 'emerge-delta-webrsync' cmd + '-W'else cmd + '-w'return salt ['cmd retcode'] cmd 0 else if salt ['cmd retcode'] cmd 0 return Trueif salt utils which 'emerge-delta-webrsync' cmd + '-W'else cmd + '-w'return salt ['cmd retcode'] cmd 0",How do the eix database update ?,cli example,return 0,1,1,1,1
q1969,codeqa,For what purpose,@pytest mark django dbdef test campaign edit save rf admin user with override settings LANGUAGES [ 'en' 'en' ] shop get default shop object Basket Campaign objects create name 'testcampaign' active True shop shop object save view Basket Campaign Edit View as view new name ' Test Campaign'assert object name new name data {'base-name' new name 'base-public name en' ' Test Campaign' 'base-shop' get default shop id 'base-active' True 'base-basket line text' ' Testcampaignactivated '}methods before Basket Campaign objects count with override provides 'campaign basket condition' [] with override provides 'campaign basket discount effect form' [] with override provides 'campaign basket line effect form' [] request apply request middleware rf post '/' data data user admin user response view request pk object pk assert response status code in [200 302 ] assert Basket Campaign objects count methods before assert Basket Campaign objects get pk object pk name new name,For what purpose do lets use only english as a language ?,to make things little bit more simple,language,1,1,1,1
q1970,codeqa,How,def get review request fieldset fieldset id return fieldset registry get u'fieldset id' fieldset id,How do the fieldset return ?,with the specified i d,fieldset,1,1,1,1
q1974,codeqa,When,def term translation update many context data dict model context['model']if not data dict get 'data' and isinstance data dict get 'data' list raise Validation Error {'error' 'term translation update manyneedstohavealistofdictsinfielddata'} context['defer commit'] Trueaction get action 'term translation update' for num row in enumerate data dict['data'] action context row model Session commit return {'success' '%srowsupdated' % num + 1 },When do many term translations update ?,at once,When,1,1,1,1
q1982,codeqa,Where,def is affiliated if not auth is logged in return Falseelif s3 has role ADMIN return Trueelse table auth settings table userauth user db table id auth user id select table organisation id limitby 0 1 first if auth user and auth user organisation id return Trueelse return False,Where do this move ?,elsewhere,table,1,1,1,1
q1986,codeqa,When,def jobs response salt utils http query '{ 0 }/scheduler/jobs' format base url decode type 'json' decode True jobs {}for job in response['dict'] jobs[job pop 'name' ] jobreturn jobs,When did jobs configure ?,currently,json,1,1,1,1
q1990,codeqa,How,@when u'wedeleteanamedquery' def step delete named query context context cli sendline u'\\ndfoo',How do command d ?,send,delete,1,1,1,1
q1992,codeqa,Where,def fixed ip associate pool context network id instance uuid None host None return IMPL fixed ip associate pool context network id instance uuid host,Where does the code find free ip ?,in network,None,1,1,1,1
q1996,codeqa,When,def test continuous error y np linspace 0 1 10 ros Random Over Sampler random state RND SEED assert warns User Warning ros fit X y,When is an error raised ?,when the target are continuous type,assert,1,1,1,1
q2001,codeqa,How,@pytest fixturedef bookmarks bookmark manager stub bookmark manager stub marks collections Ordered Dict [ 'https //github com' ' Git Hub' 'https //python org' ' Welcometo Python org' 'http //qutebrowser org' 'qutebrowser qutebrowser' ] return bookmark manager stub,How do the bookmark - manager stub populate with some quickmarks ?,pre,None,1,1,1,1
q2003,codeqa,Where,"def get engine by slug slug None if not slug or type slug is not str raise Type Error "" Invalidslug'%s'"" slug selected engines filter lambda engine hasattr engine 'SLUG' and engine SLUG slug get engines if len selected engines 0 raise Value Error "" No ST Tenginefoundforslug'%s'"" % slug else if len selected engines > 1 print ""WARNING Multiple ST Tenginesfoundforslug'%s' "" + ' Thisismostcertainlyabug ' % slug engine selected engines[ 0 ]if not engine is available raise Value Error ""ST Tengine'%s'isnotavailable dueto"" + 'missingdependencies missing' + 'dependencies etc ' % slug return engine",Where is no speaker implementation supported ?,on this platform,None,1,1,1,1
q2005,codeqa,How,def consume iterator deque iterator maxlen 0,By how much does the code consume the iterator ?,entirely,None,1,1,1,1
q2008,codeqa,How,def mergedicts d1 d2 remove True setmerged d1 d2 for k in d2 if k in d1 and isinstance d1 [k] dict and isinstance d2 [k] dict mergedicts d1 [k] d2 [k] remove elif remove and d2 [k] is REMOVE THIS KEY d1 pop k None else if remove and isinstance d2 [k] dict clear special values d2 [k] d1 [k] d2 [k],How did two dictionaries first dictionary merge ?,recursively,merge,1,1,1,1
q2010,codeqa,When,def replace s old new maxsplit -1 return s replace old new maxsplit,When does the code replace ?,str,When,1,1,1,1
q2017,codeqa,How,def in 6 ptoc addr try d struct unpack ' IIII' inet pton socket AF INET 6 addr except return Noneres 0m [ 2 ** 96 2 ** 64 2 ** 32 1]for i in range 4 res + d[i] * m[i] rem resres []while rem res append rfc 1924 map[ rem % 85 ] rem rem / 85 res reverse return '' join res,How does none return ?,on error,None,1,1,1,1
q2018,codeqa,Where,def is image visible context image status None if context is admin return Trueif image['owner'] is None return Trueif image['is public'] return Trueif context owner is not None if context owner image['owner'] return Truemembers image member find context image id image['id'] member context owner status status if members return Truereturn False,Where is the image visible ?,in this context,TRUE,1,1,1,1
q2022,codeqa,Where,def exchange shared a b raise Not Implemented Error 'TODO implementthefunction',Where did the values store ?,in a and b,None,1,1,1,1
q2023,codeqa,Where,def is overlapping t memlen itemsize ndim shape strides offset tvisited 1 << memlen for ind in indices shape i memory index ind t bit 1 << i if visited & bit return Truevisited bitreturn False,In which direction did all possible tuples of indices iterate ?,through,For,1,1,1,1
q2026,codeqa,When,@app before requestdef setup g uid session get 'uid' None if uid g user Journalist query get uid if request method 'POST' sid request form get 'sid' if sid g sid sidg source get source sid,When did values use ?,commonly,When.,1,1,1,1
q2029,codeqa,Where,def service stop name r salt utils http query DETAILS['url'] + 'service/stop/' + name decode type 'json' decode True return r['dict'],"Where does the code stop a "" service "" ?",on the rest server,service,1,1,1,1
q2031,codeqa,When,def get uuid return str time time,When did uuid base ?,time,None,1,1,1,1
q2041,codeqa,Where,def get user scope module position user stmt module get statement for position position if user stmt is None def scan scope for s in scope children if s start pos < position < s end pos if isinstance s tree Scope tree Flow return scan s or s elif s type in 'suite' 'decorated' return scan s return Nonereturn scan module or module else return user stmt get parent scope include flows True,Where does the user reside ?,the scope,user,1,1,1,1
q2043,codeqa,How,@requires csrf tokendef permission denied request template name '403 html' try template loader get template template name except Template Does Not Exist return http Http Response Forbidden '<h 1 > 403 Forbidden</h 1 >' return http Http Response Forbidden template render Request Context request,How did handler deny ?,permission,Forbidden,1,1,1,1
q2050,codeqa,When,def restore warnings state state warnings warn warn txt Deprecation Warning stacklevel 2 warnings filters state[ ],When does the code restore the state of the warnings module ?,when passed an object that was returned by get_warnings_state ( ),When,1,1,1,1
q2054,codeqa,Where,def get server certificate addr ssl version PROTOCOL SS Lv 23 ca certs None addrif ca certs is not None cert reqs CERT REQUIRE Delse cert reqs CERT NON Econtext create stdlib context ssl version cert reqs cert reqs cafile ca certs with closing create connection addr as sock with closing context wrap socket sock as sslsock dercert sslsock getpeercert True return DER cert to PEM cert dercert,Where does the code retrieve the certificate from the server ?,at the specified address,None,1,1,1,1
q2056,codeqa,When,def is currently visible to students xblock try published modulestore get item xblock location revision Module Store Enum Revision Option published only except Item Not Found Error return Falseif published visible to staff only return Falseif 'detached' not in published class tags and published start is not None return datetime now UTC > published start return True,When is the xblock visible to students ?,currently,return True,1,1,1,1
q2057,codeqa,How,def partners get vars['organisation type name'] ' Academic Bilateral Government Intergovernmental NGO U Nagency'table s3 db org organisations 3 crud strings org organisation Storage label create T ' Create Partner Organization' title display T ' Partner Organization Details' title list T ' Partner Organizations' title update T ' Edit Partner Organization' title upload T ' Import Partner Organizations' label list button T ' List Partner Organizations' label delete button T ' Delete Partner Organization' msg record created T ' Partner Organizationadded' msg record modified T ' Partner Organizationupdated' msg record deleted T ' Partner Organizationdeleted' msg list empty T ' No Partner Organizationscurrentlyregistered' return s3 db org organisation controller,How did organisations filter ?,by type,None,1,1,1,1
q2061,codeqa,Where,def generate cache key request headerlist key prefix ctx md 5 new for header in headerlist value request META get header None if value is not None ctx update value return 'views decorators cache cache page %s %s %s' % key prefix request path ctx hexdigest,Where did the headers give ?,in the header list,views,1,1,1,1
q2068,codeqa,For what purpose,def set plugin icon resources name resources global plugin icon resources plugin nameplugin name nameplugin icon resources resources,For what purpose did the code set our global store of plugin name and icon resources ?,for sharing between the interfaceaction class which reads them and the configwidget if needed for use on the customization dialog for this plugin,plugin name,1,1,1,1
q2073,codeqa,When,def clear old remotes bp os path join opts ['cachedir'] 'svnfs' try cachedir ls os listdir bp except OS Error cachedir ls []repos init for repo in repos try cachedir ls remove repo['hash'] except Value Error passto remove []for item in cachedir ls if item in 'hash' 'refs' continuepath os path join bp item if os path isdir path to remove append path failed []if to remove for rdir in to remove try shutil rmtree rdir except OS Error as exc log error ' Unabletoremoveoldsvnfsremotecachedir{ 0 } {1 }' format rdir exc failed append rdir else log debug 'svnfsremovedoldcachedir{ 0 }' format rdir for fdir in failed to remove remove fdir return bool to remove repos,When did remotes configure ?,no longer,None,1,1,1,1
q2083,codeqa,For what purpose,def get images table meta images Table 'images' meta Column 'id' Integer primary key True nullable False Column 'name' String 255 Column 'disk format' String 20 Column 'container format' String 20 Column 'size' Integer Column 'status' String 30 nullable False Column 'is public' Boolean nullable False default False index True Column 'location' Text Column 'created at' Date Time nullable False Column 'updated at' Date Time Column 'deleted at' Date Time Column 'deleted' Boolean nullable False default False index True mysql engine ' Inno DB' extend existing True return images,For what purpose does the table object return ?,for the images table that corresponds to the images table definition of this version,Inno DB,1,1,1,1
q2084,codeqa,How,def get context name session namespace rec get by name context name session return namespace rec to dict,How does the code get a namespace ?,by name,dict,1,1,1,1
q2085,codeqa,When,def rollback config plugins client rollback config installer config checkpoints config plugins,When did server configuration make ?,during install,config,1,1,1,1
q2090,codeqa,For what purpose,def interface ip iface return salt utils network interface ip iface,For what purpose do the inet address return ?,for a given interface,The inet address,1,1,1,1
q2108,codeqa,Where,def update name source None pre versions False choc path find chocolatey context salt if Loose Version chocolatey version > Loose Version '0 9 8 24 ' log warning 'updateisdeprecated usingupgrade' return upgrade name source source pre versions pre versions cmd [choc path 'update' name]if source cmd extend ['--source' source] if salt utils is true pre versions cmd append '--prerelease' cmd extend yes context result salt ['cmd run all'] cmd python shell False if result['retcode'] not in [0 1641 3010 ] err ' Runningchocolateyfailed {0 }' format result['stdout'] raise Command Execution Error err return result['stdout'],Where do chocolatey update packages ?,on the system,chocolatey,1,1,1,1
q2109,codeqa,Where,def cluster update context id values return IMPL cluster update context id values,Where did the code set the given properties ?,on an cluster,None,1,1,1,1
q2110,codeqa,When,def succeed result d Deferred d callback result return d,When has a l{deferred had c { ?,already,When,1,1,1,1
q2112,codeqa,For what purpose,def check valid sports naming pattern None if pattern is None pattern sickbeard NAMING PATTER Nlogger log u' Checkingwhetherthepattern' + pattern + u'isvalidforansportsepisode' logger DEBUG valid validate name pattern sports True return valid,For what purpose can the name be parsed to its original form back ?,for an sports format,None,1,1,1,1
q2113,codeqa,When,"def unregister security check name populate security checks try del security checks[name]except Key Error logging error u' Failedtounregisterunknownsecuritycheck""%s""' % name raise Key Error u'""%s""isnotaregisteredsecuritycheck' % name",When did security check register ?,previously,None,1,1,1,1
q2114,codeqa,Where,def where condition given condition None **kwargs if given condition is not None return where given condition given condition **kwargs **kwargs return pspace condition where condition **kwargs,Where is a condition true ?,the domain,None,1,1,1,1
q2119,codeqa,When,def boot time return cext boot time,When did the system boot time express in seconds ?,since the epoch,0,1,1,1,1
q2121,codeqa,When,"def unregister review request fieldset fieldset try fieldset registry unregister fieldset except Item Lookup Error as e logging error u' Failedtounregisterunknownreviewrequestfieldset""%s""' fieldset fieldset id raise e",When did review request register ?,previously,None,1,1,1,1
q2126,codeqa,Where,def get phylogenetic metric name for metric in phylogenetic metrics if metric name lower name lower return metricraise Attribute Error,Where does the code get metric from list by name ?,in this module,list,1,1,1,1
q2130,codeqa,How,@require contextdef ec 2 instance create context instance uuid id None ec 2 instance ref models Instance Id Mapping ec 2 instance ref update {'uuid' instance uuid} if id is not None ec 2 instance ref update {'id' id} ec 2 instance ref save return ec 2 instance ref,How do ec2 compatible instance create ?,by provided uuid,@require context def ec 2 instance create context instance uuid id None ec 2 instance ref models Instance Id Mapping ec 2 instance ref update {'uuid' instance uuid} if id is not None ec 2 instance ref update {'id' id} ec 2 instance ref save return ec 2 instance ref,1,1,1,1
q2132,codeqa,Where,def get next prior import or install required dict entry prior required dict processed tsr ids for key value in prior required dict items if key in processed tsr ids continueif not value return keyfor key value in prior required dict items if key in processed tsr ids continueall contained Truefor required repository id in value if required repository id not in processed tsr ids all contained Falsebreakif all contained return keyfor key value in prior required dict items if key in processed tsr ids continuereturn key,Where is this method used when exporting a repository and its dependencies ?,in the tool shed,repository.,1,1,1,1
q2140,codeqa,For what purpose,"def MX domain resolve False nameserver None dig ['dig' '+short' str domain 'MX']if nameserver is not None dig append '@{ 0 }' format nameserver cmd salt ['cmd run all'] dig python shell False if cmd['retcode'] 0 log warning ""digreturnedexitcode'{ 0 }' Returningemptylistasfallback "" format cmd['retcode'] return []stdout [x split for x in cmd['stdout'] split '\n' ]if resolve return [ lambda x [x[ 0 ] A x[ 1 ] nameserver [0 ]] x for x in stdout]return stdout",For what purpose do a list of lists return ?,for the mx of domain,lists,1,1,1,1
q2141,codeqa,Where,@cli command @click argument 'url' def open url click launch url,Where does the code open a file or url ?,in the default application,None,1,1,1,1
q2144,codeqa,How,def generation hash value factory x if x is None return xtransform lambda y y if isinstance x bytes transform ordreturn tuple transform i for i in x,How do a generation hash create ?,factory method,transform,1,1,1,1
q2146,codeqa,When,@contextmanagerdef secret model orig model Nonetry orig model loading cache app models['tests']['secret']del loading cache app models['tests']['secret']except Key Error passtry attrs {'name' Encrypted Char Field ' Name' max length Secret meta get field 'name' max length 'text' Encrypted Text Field ' Text' ' module ' 'django extensions tests models' ' Meta' type ' Meta' object {'managed' False 'db table' Secret meta db table} } yield type ' Secret' models Model attrs except raisefinally try loading cache app models['tests']['secret'] orig modelexcept Key Error pass,When did a secret model define ?,at runtime,When,1,1,1,1
q2151,codeqa,For what purpose,@ffi callback 'int void*handle intrevents ' def python callback handle revents try watcher ffi from handle handle args watcher argsif args is None args NOARG Sif len args > 0 and args[ 0 ] GEVENT CORE EVENTS args revents + args[ 1 ] watcher callback *args except watcher exc info sys exc info watcher loop keepaliveset add watcher return -1 else if watcher in watcher loop keepaliveset return 0return 1,For what purpose must you call func:_python_handle_error ?,to deal with it,1,1,1,1,1
q2152,codeqa,How,def pprint to be printed try import pprint as pppp pprint to be printed except Import Error print 'couldnotusepprintmodule willapplyregularprint' print to be printed,How did print format ?,nicely,print,1,1,1,1
q2153,codeqa,Where,def format national number with preferred carrier code numobj fallback carrier code if numobj preferred domestic carrier code is not None carrier code numobj preferred domestic carrier codeelse carrier code fallback carrier codereturn format national number with carrier code numobj carrier code,In which direction did the phonenumber object pass ?,in,None,1,1,1,1
q2154,codeqa,Where,def nanargmin values axis None skipna True values mask dtype get values values skipna fill value typ '+inf' isfinite True result values argmin axis result maybe arg null out result axis mask skipna return result,Where does -1 return ?,in the na case,axis,1,1,1,1
q2157,codeqa,How,def installed name default False user None ret {'name' name 'result' None 'comment' '' 'changes' {}}if name startswith 'python-' name re sub '^python-' '' name if opts ['test'] ret['comment'] 'python{ 0 }issettobeinstalled' format name return retret check pyenv ret user if ret['result'] is False if not salt ['pyenv install'] user ret['comment'] 'pyenvfailedtoinstall'return retelse return check and install python ret name default user user else return check and install python ret name default user user,How is the specified python installed ?,with pyenv,installed,1,1,1,1
q2158,codeqa,When,def get request ids extract request product dict Product browsable in bulk ids ids reverse return [product dict[id] for id in ids if id in product dict ],When did products view ?,recently,2023,1,1,1,1
q2171,codeqa,How,def test rsolve bulk funcs [n n + 1 n ** 2 n ** 3 n ** 4 n + n ** 2 27 * n + 52 * n ** 2 - 3 * n ** 3 + 12 * n ** 4 - 52 * n ** 5 ]coeffs [[ -2 1] [ -2 -1 1] [ -1 1 1 -1 1] [ - n 1] [ n ** 2 - n + 12 1]]for p in funcs for c in coeffs q recurrence term c p if p is polynomial n assert rsolve poly c q n p,How did tests generate ?,bulk,for,1,1,1,1
q2173,codeqa,For what purpose,def inspect response response spider Shell spider crawler start response response,For what purpose does the code open a shell ?,to inspect the given response,None,1,1,1,1
q2175,codeqa,When,def inject data into fs fs key net metadata admin password files mandatory status Truefor inject in 'key' 'net' 'metadata' 'admin password' 'files' inject val locals [inject]inject func globals [ ' inject %s into fs' % inject ]if inject val try inject func inject val fs except Exception as e if inject in mandatory raise LOG warn ' Ignoringerrorinjecting% inject sintoimage % e s ' % locals status Falsereturn status,When did by the caller mount a filesystem ?,already,None,1,1,1,1
q2179,codeqa,Where,def threaded reactor global twisted threadif not twisted thread from threading import Thread twisted thread Thread target lambda reactor run install Signal Handlers False name ' Twisted' twisted thread set Daemon True twisted thread start def hook observer observer log Python Logging Observer observer start import logginglog msg ' Python Logging Observerhookedup' log Level logging DEBUG reactor call From Thread hook observer return reactor twisted thread,Where does the code start the twisted reactor ?,in a separate thread,reactor,1,1,1,1
q2182,codeqa,Where,def is member mutable context member if context is admin return Trueif context owner is None return Falsereturn member member id context owner,Where is the image mutable ?,in this context,None,1,1,1,1
q2183,codeqa,How,def killall greenlets exception Greenlet Exit block True timeout None greenlets list greenlets if not greenlets returnloop greenlets[ 0 ] loopif block waiter Waiter loop run callback killall 3 greenlets exception waiter t Timeout start new or dummy timeout try alive waiter get if alive joinall alive raise error False finally t cancel else loop run callback killall greenlets exception,How do all the greenlets terminate ?,forceably,None,1,1,1,1
q2192,codeqa,Where,def find eggs in zip importer path item only False if importer archive endswith ' whl' returnmetadata Egg Metadata importer if metadata has metadata 'PKG-INFO' yield Distribution from filename path item metadata metadata if only returnfor subitem in metadata resource listdir '/' if is unpacked egg subitem subpath os path join path item subitem for dist in find eggs in zip zipimport zipimporter subpath subpath yield dist,Where does the code find eggs ?,in zip files,/,1,1,1,1
q2199,codeqa,Where,def generic find constraint name table columns referenced db t sa Table table db metadata autoload True autoload with db engine for fk in t foreign key constraints if fk referred table name referenced and set fk column keys columns return fk name,Where do utility find a constraint name ?,in alembic migrations,table,1,1,1,1
q2202,codeqa,When,def get modified time storage name try modified time storage modified time name except OS Error return 0except Not Implemented Error return Noneif modified time and timezone is naive modified time if getattr settings 'USE TZ' False default timezone timezone get default timezone return timezone make aware modified time default timezone return modified time,When did the code modify from storage ?,time,None,1,1,1,1
q2217,codeqa,How,def purge vm dirs False disks get disks vm try if not stop vm return Falseexcept libvirt libvirt Error passdirectories set for disk in disks os remove disks[disk]['file'] directories add os path dirname disks[disk]['file'] if dirs for dir in directories shutil rmtree dir undefine vm return True,How do a virtual machine delete ?,recursively,it deletes,1,1,1,1
q2219,codeqa,How,def test cache deactivated remove data config stub tmpdir config stub data {'storage' {'cache-size' 1024 } 'general' {'private-browsing' True}}disk cache cache Disk Cache str tmpdir url Q Url 'http //www example com/' assert not disk cache remove url,How do some data remove from a deactivated cache ?,test,None,1,1,1,1
q2222,codeqa,Where,@mine command 'set' @click argument 'x' type float @click argument 'y' type float @click option 'ty' '--moored' flag value 'moored' default True help ' Moored anchored mine Default ' @click option 'ty' '--drifting' flag value 'drifting' help ' Driftingmine ' def mine set x y ty click echo ' Set%smineat%s %s' % ty x y,Where does a mine set ?,at a specific coordinate,Home,1,1,1,1
q2227,codeqa,For what purpose,@taskdef test travis osf ctx flake ctx jshint ctx test osf ctx test addons ctx test osf models ctx,For what purpose does the code run the code ?,to help travis go faster,test,1,1,1,1
q2228,codeqa,How,@taskdef test travis osf ctx flake ctx jshint ctx test osf ctx test addons ctx test osf models ctx,How do travis go ?,faster,travis,1,1,1,1
q2230,codeqa,How,def get disk type path if path startswith '/dev' return 'lvm'return images qemu img info path file format,By how much does the code retrieve disk type ?,for given file,None,1,1,1,1
q2231,codeqa,When,def time host None port None db None password None server connect host port db password return server time [0 ],When do the current server unix time return code ?,in seconds,server time,1,1,1,1
q2232,codeqa,How,@check job permissiondef job single logs request job offset LOG OFFSET BYTES def cmp exec time task 1 task 2 return cmp task 1 exec Start Time Ms task 2 exec Start Time Ms task Nonefailed tasks job filter tasks task states 'failed' failed tasks sort cmp exec time if failed tasks task failed tasks[ 0 ]if not task task Attempt Ids and len failed tasks > 1 task failed tasks[ 1 ]else task states ['running' 'succeeded']if job is mr 2 task states append 'scheduled' recent tasks job filter tasks task states task states task types 'map' 'reduce' recent tasks sort cmp exec time reverse True if recent tasks task recent tasks[ 0 ]if task is None or not task task Attempt Ids raise Popup Exception ' Notasksfoundforjob% id s ' % {'id' job job Id} params {'job' job job Id 'taskid' task task Id 'attemptid' task task Attempt Ids[ -1 ] 'offset' offset}return single task attempt logs request **params,How do the most useful task attempt detect ?,smartly,None,1,1,1,1
q2233,codeqa,How,def lock holders path zk hosts identifier None max concurrency 1 timeout None ephemeral lease False zk get zk conn zk hosts if path not in SEMAPHORE MAP SEMAPHORE MAP[path] Semaphore zk path identifier max leases max concurrency ephemeral lease ephemeral lease return SEMAPHORE MAP[path] lease holders,How did list order ?,un,None,1,1,1,1
q2235,codeqa,How,def lock holders path zk hosts identifier None max concurrency 1 timeout None ephemeral lease False zk get zk conn zk hosts if path not in SEMAPHORE MAP SEMAPHORE MAP[path] Semaphore zk path identifier max leases max concurrency ephemeral lease ephemeral lease return SEMAPHORE MAP[path] lease holders,How do an un - ordered list of lock holders path return ?,code,unordered,1,1,1,1
q2240,codeqa,When,def replace s old new maxsplit 0 return s replace old new maxsplit,When does the code replace ?,str,When,1,1,1,1
q2251,codeqa,Where,@require POST@login requireddef watch approved request product None if request LANGUAGE CODE not in settings SUMO LANGUAGES raise Http 404 kwargs {'locale' request LANGUAGE CODE}if product is not None kwargs['product'] product Approve Revision In Locale Event notify request user **kwargs statsd incr 'wiki watches approved' return Http Response,Where do approved revisions watch approved revisions ?,in a,Revisions,1,1,1,1
q2260,codeqa,When,@utils no 4byte paramsdef metadef namespace create context values session None session session or get session return metadef namespace api create context values session,When do it exist ?,already,None,1,1,1,1
q2261,codeqa,How,def test split pootle path assert split pootle path '' None None '' '' assert split pootle path '/projects/' None None '' '' assert split pootle path '/projects/tutorial/' None 'tutorial' '' '' assert split pootle path '/pt/tutorial/tutorial po' 'pt' 'tutorial' '' 'tutorial po' assert split pootle path '/pt/tutorial/foo/tutorial po' 'pt' 'tutorial' 'foo/' 'tutorial po',How are tests pootle path split ?,properly,split,1,1,1,1
q2271,codeqa,How,def set *args **kwargs raise salt exceptions Not Implemented,How did the yaml files edit ?,directly,None,1,1,1,1
q2275,codeqa,How,def deprecated func if callable func def new func *args **kwargs warnings simplefilter 'always' Deprecation Warning warnings warn ' Calltodeprecated{ 0 } ' format func name category Deprecation Warning stacklevel 2 warnings simplefilter 'default' Deprecation Warning return func *args **kwargs new func name func name new func doc func doc new func dict update func dict else raise Not Implemented Error return new func,How did functions mark ?,as deprecated,Returns,1,1,1,1
q2281,codeqa,How,def validate choice value choices if choices is not None and value not in choices names u' ' join repr c for c in choices raise Value Error u'mustbeoneof%s not%s ' % names value,How did the choices call in ?,normally,in,1,1,1,1
q2283,codeqa,When,def find undeclared variables ast codegen Tracking Code Generator ast environment codegen visit ast return codegen undeclared identifiers,When will all variables in the ast be looked from the context ?,at runtime,ast,1,1,1,1
q2285,codeqa,How,def recursive pickle top obj objs depth getter top obj objs sorted six itervalues objs key lambda val - val[ 0 ] val[ 2 ] for obj location in objs try pickle dump obj Bytes IO pickle HIGHEST PROTOCOL except Exception as err print obj print u' Failedtopickle%s \n Type %s Tracebackfollows ' % location type obj raise,How do all of the given objects subordinates pickle ?,recursively,None,1,1,1,1
q2293,codeqa,When,def cloudformation registry xml parent data region dict cloudformation region dict stacks cloudformation init xml parent data ' Cloud Formation Build Step' for stack in data cloudformation stack xml parent stack ' Post Build Stack Bean' stacks region dict,When do cloudformation create cloudformation stacks ?,before running a build,When,1,1,1,1
q2294,codeqa,For what purpose,@block user agents@require GE Tdef needs review request tag None tag obj tag and get object or 404 Review Tag name tag or None docs Document objects filter for review locale request LANGUAGE CODE tag tag obj paginated docs paginate request docs per page DOCUMENTS PER PAGE context {'documents' paginated docs 'count' docs count 'tag' tag obj 'tag name' tag}return render request 'wiki/list/needs review html' context,For what purpose did revisions flag ?,for review,None,1,1,1,1
q2297,codeqa,How,def b1 mapping char return u'' if stringprep in table b1 char else None,How are characters mapped to nothing ?,commonly,None,1,1,1,1
q2299,codeqa,When,def get Idle Delay **kwargs gsession G Settings user kwargs get 'user' schema 'org gnome desktop session' key 'idle-delay' return gsession get,When do the current idle delay setting return code ?,in seconds,idle delay,1,1,1,1
q2307,codeqa,For what purpose,def register func *targs **kargs if hasattr atexit 'unregister' atexit register func *targs **kargs else exithandlers append func targs kargs return func,For what purpose is targs - optional arguments to pass to func kargs - optional keyword arguments to pass to func func returned ?,to facilitate usage as a decorator,func,1,1,1,1
q2315,codeqa,For what purpose,@ define eventdef post execute pass,For what purpose is code executed ?,in response to user / frontend action,execute,1,1,1,1
q2321,codeqa,Where,def total seconds td if hasattr td 'total seconds' return td total seconds else return td days * 86400 + td seconds * 10 ** 6 + td microseconds / 10 0 ** 6,Where does implementation total_second ?,local,td,1,1,1,1
q2323,codeqa,Where,def traverse imports names pending [names]while pending node pending pop if node type token NAME yield node value elif node type syms dotted name yield '' join [ch value for ch in node children] elif node type syms dotted as name pending append node children[ 0 ] elif node type syms dotted as names pending extend node children[ -2 ] else raise Assertion Error 'unknownnodetype',Where did all the names import ?,in a dotted_as_names node,names,1,1,1,1
q2324,codeqa,When,def get cli body ssh command response module if 'xml' in response[ 0 ] body []else try body [json loads response[ 0 ] ]except Value Error module fail json msg ' Commanddoesnotsupport JSO Noutput' command command return body,When does the code get response ?,for when transport = cli,xml,1,1,1,1
q2325,codeqa,Where,def undeploy jboss config deployment log debug ' MODULEFUNCTION jboss 7 undeploy deployment %s' deployment command 'undeploy{deployment}' format deployment deployment return salt ['jboss 7 cli run command'] jboss config command,Where did properties specify ?,above,properties,1,1,1,1
q2326,codeqa,How,def deep annotate element annotations exclude None def clone elem if exclude and hasattr elem 'proxy set' and elem proxy set intersection exclude newelem elem clone elif annotations elem annotations newelem elem annotate annotations else newelem elemnewelem copy internals clone clone return newelemif element is not None element clone element return element,How did the give ?,clauseelement,clone,1,1,1,1
q2333,codeqa,Where,def reload module exclude 'sys' 'os path' 'builtins' ' main ' 'numpy' 'numpy globals' global found nowfor i in exclude found now[i] 1try with replace import hook deep import hook return deep reload hook module finally found now {},Where did all modules use ?,in the given module,module,1,1,1,1
q2336,codeqa,How,def update access token user graph profile try get profile user model or profile get instance for attribute user profile 'access token' if model or profile new token graph access token model or profile access token token message 'anew' if new token else 'thesame' logger info 'found%stoken%s' token message graph access token[ 10 ] if new token logger info 'accesstokenchanged updatingnow' model or profile update access token graph access token model or profile save model or profile extend access token,How does the access token update in the database ?,conditionally,None,1,1,1,1
q2337,codeqa,Where,def update access token user graph profile try get profile user model or profile get instance for attribute user profile 'access token' if model or profile new token graph access token model or profile access token token message 'anew' if new token else 'thesame' logger info 'found%stoken%s' token message graph access token[ 10 ] if new token logger info 'accesstokenchanged updatingnow' model or profile update access token graph access token model or profile save model or profile extend access token,Where does the access token update conditionally ?,in the database,graph,1,1,1,1
q2339,codeqa,When,def optimal Write Order while Metric Cache metric datapoints Metric Cache drain metric db File Exists state database exists metric if not db File Exists and CREATE BUCKET if CREATE BUCKET drain 1 yield metric datapoints db File Exists continue yield metric datapoints db File Exists,When does metrics with the most cached values generate ?,first,db File Exists,1,1,1,1
q2341,codeqa,For what purpose,def import Secedit Config infdata try d uuid uuid 4 hex t Sdbfile '{ 0 }\\{ 1 }' format salt ['config get'] 'cachedir' 'salt-secedit-import-{ 0 } sdb' format d t Inf File '{ 0 }\\{ 1 }' format salt ['config get'] 'cachedir' 'salt-secedit-config-{ 0 } inf' format d ret salt ['file remove'] t Sdbfile ret salt ['file remove'] t Inf File ret salt ['file touch'] t Inf File ret salt ['file append'] t Inf File infdata ret salt ['cmd run'] 'secedit/configure/db{ 0 }/cfg{ 1 }' format t Sdbfile t Inf File ret salt ['file remove'] t Sdbfile ret salt ['file remove'] t Inf File return Trueexcept Exception as e log debug 'erroroccurredwhiletryingtoimportseceditdata' return False,For what purpose do data write to a temp file ?,to,file,1,1,1,1
q2351,codeqa,How,@pick context manager readerdef flavor access get by flavor id context flavor id instance type id subq flavor get id from flavor query context flavor id access refs flavor access query context filter by instance type id instance type id subq all return access refs,How does the code get flavor access list ?,by flavor,None,1,1,1,1
q2354,codeqa,Where,@receiver Signal Handler course published def listen for course publish sender course key **kwargs Course Overview objects filter id course key delete Course Overview load from module store course key,Where has a course been published ?,in studio,Course Overview objects,1,1,1,1
q2355,codeqa,Where,def has perm user perm obj check get check user perm return user has perm perm or check and check obj,Where do a user have a permission ?,globally,user,1,1,1,1
q2356,codeqa,For what purpose,def translate syntax error error source None error source sourceerror translated Trueexc info error class error None filename error filenameif filename is None filename '<unknown>'return fake exc info exc info filename error lineno,For what purpose does the code rewrite a syntax error ?,to please traceback systems,"For what purpose does the code rewrite a syntax error?
rewrite",1,1,1,1
q2358,codeqa,When,def libvlc audio equalizer release p equalizer f Cfunctions get 'libvlc audio equalizer release' None or Cfunction 'libvlc audio equalizer release' 1 None None ctypes c void p return f p equalizer,When did equalizer instance create ?,previously,None,1,1,1,1
q2359,codeqa,For what purpose,def get result suite tag uuid tag suite runner constructor get runner constructor suite tag suite runner suite runner constructor uuid tag results suite runner run suite runner cleanup json result json dumps {constants Api Tags DATA {uuid tag {suite tag results}} constants Api Tags USER ID settings USER ID constants Api Tags APP ID settings APP ID constants Api Tags API KEY settings API KEY} logging debug json result return json result,For what purpose does the code get the results ?,for a test,result,1,1,1,1
q2370,codeqa,How,def join value arg try return arg join map smart string value except Attribute Error return value,How does the code join a list ?,with a string,None,1,1,1,1
q2372,codeqa,How,def load user config path get user config path config {}with open config path as f code compile f read config path 'exec' exec code in configkeys list six iterkeys config for k in keys if k startswith ' ' del config[k]return config,How did the code return it ?,as a dict,None,1,1,1,1
q2375,codeqa,How,def get loader cls loader return symbol by name loader LOADER ALIASES imp import from cwd,How does the code get loader class ?,by name / alias,None,1,1,1,1
q2377,codeqa,Where,def center value arg return value center int arg,Where does the value center ?,in a field of a given width,center,1,1,1,1
q2378,codeqa,When,def get attributes name region None key None keyid None profile None conn get conn region region key key keyid keyid profile profile if not conn return {}queue obj conn get queue name if not queue obj log error ' Queue{ 0 }doesnotexist ' format name return {}return conn get queue attributes queue obj,When did attributes set on an sqs queue ?,currently,None,1,1,1,1
q2380,codeqa,When,def test senn multiclass error y np linspace 0 1 20 sm SMOTEENN random state RND SEED assert warns User Warning sm fit X y y np array [0 ] * 3 + [1 ] * 2 + [2 ] * 15 sm SMOTEENN random state RND SEED assert warns User Warning sm fit X y,When is an error raised ?,when the target are not binary type,Error,1,1,1,1
q2383,codeqa,Where,def firebase get path response content get http request path method 'GET' return json loads content,Where did the code read the data ?,at the given path,JSON,1,1,1,1
q2386,codeqa,When,@task base Base Instructor Task def calculate may enroll csv entry id xmodule instance args action name ugettext noop 'generated' task fn partial upload may enroll csv xmodule instance args return run main task entry id task fn action name,When do information about invited students who have not enrolled in a given course compute ?,yet,run,1,1,1,1
q2388,codeqa,Where,def exec python rc *args **kwargs cmdargs kwargs wrap python args kwargs return exec command rc *cmdargs **kwargs,Where do python script run ?,in a subprocess,inside,1,1,1,1
q2390,codeqa,How,def move task by id task id dest **kwargs return move by idmap {task id dest} **kwargs,How d the code find a task ?,by i d,None,1,1,1,1
q2391,codeqa,How,def save to well known file credentials well known file None if well known file is None well known file get well known file config dir os path dirname well known file if not os path isdir config dir raise OS Error ' Configdirectorydoesnotexist %s' % config dir credentials data credentials serialization data save private file well known file credentials data,By how much did file know ?,well,None,1,1,1,1
q2394,codeqa,Where,def install memory dumper dump signal signal SIGPROF signal signal dump signal dump memory,Where does the code install a signal handler ?,on signal,None,1,1,1,1
q2395,codeqa,Where,def do striptags value if hasattr value ' html ' value value html return Markup text type value striptags,Where do adjacent whitespace replace ?,by one space,whitespace,1,1,1,1
q2397,codeqa,How,def flatten request root write result Deferred state flatten Tree request root write write Flattened Data state write result return result,How do a string representation of c{root } write using c{write } ?,incrementally,string,1,1,1,1
q2398,codeqa,When,def was modified since header None mtime 0 size 0 try if header is None raise Value Errormatches re match '^ [^ ]+ length [0 - 9 ]+ ?$' header re IGNORECASE header date parsedate tz matches group 1 if header date is None raise Value Errorheader mtime mktime tz header date header len matches group 3 if header len and int header len size raise Value Errorif mtime > header mtime raise Value Errorexcept Attribute Error Value Error Overflow Error return Truereturn False,When did something modify ?,since the user last downloaded it,TRUE,1,1,1,1
q2400,codeqa,For what purpose,@celery taskdef receive async message id fields from rapidsms router db models import Messagefrom rapidsms router import get routerdbm Message objects get pk message id router get router message router create message from dbm dbm fields try router process incoming message except Exception logger exception ' Exceptioninrouter process incoming' dbm transmissions update status 'E' updated now dbm set status if dbm status 'E' dbm transmissions update status 'R' updated now dbm set status,For what purpose do to blockingrouter pass ?,for processing,update,1,1,1,1
q2402,codeqa,When,def multicall conf context topic msg timeout connection pool LOG debug ' Makingsynchronouscallon%s ' topic msg id uuid uuid 4 hexmsg update {' msg id' msg id} LOG debug 'MSG I Dis%s' % msg id add unique id msg pack context msg context if not conf amqp rpc single reply queue conn Connection Context conf connection pool wait msg Multicall Waiter conf conn timeout conn declare direct consumer msg id wait msg conn topic send topic rpc common serialize msg msg timeout else with reply proxy create sem if not connection pool reply proxy connection pool reply proxy Reply Proxy conf connection pool msg update {' reply q' connection pool reply proxy get reply q } wait msg Multicall Proxy Waiter conf msg id timeout connection pool with Connection Context conf connection pool as conn conn topic send topic rpc common serialize msg msg timeout return wait msg,When does a call return ?,multiple times,return,1,1,1,1
q2403,codeqa,How,def Decode Control Tuples ldap Control Tuples return [known LDAP Controls get control Type LDAP Control control Type criticality encoded Control Value encoded Control Value for control Type criticality encoded Control Value in ldap Control Tuples or [] ],How did 3-tuples encode ?,readily,None,1,1,1,1
q2410,codeqa,When,def download daily bars instrument year csv File bars download csv instrument datetime date year 1 1 datetime date year 12 31 'd' f open csv File 'w' f write bars f close,When do daily bars download from yahoo ?,for a given year,daily,1,1,1,1
q2414,codeqa,How,def spherical in n z derivative False if derivative return spherical in d n z else return spherical in n z,How did the code modify the code ?,spherical bessel function,None,1,1,1,1
q2416,codeqa,When,def is Being Written filepath ctime max ek os path getctime filepath ek os path getmtime filepath if ctime > time time - 60 return Truereturn False,When has file been written ?,in last 60 seconds,TRUE,1,1,1,1
q2418,codeqa,How,def get Geometry Output By Arguments arguments element Node evaluate set Attributes By Arguments ['sides' 'radius'] arguments element Node return get Geometry Output None element Node,How does the code get vector3 vertexes from attribute dictionary ?,by arguments,None,1,1,1,1
q2419,codeqa,Where,"def health state consul url None state None **kwargs ret {}query params {}if not consul url consul url get config if not consul url log error ' No Consul UR Lfound ' ret['message'] ' No Consul UR Lfound 'ret['res'] Falsereturn retif not state raise Salt Invocation Error ' Requiredargument""state""ismissing ' if 'dc' in kwargs query params['dc'] kwargs['dc']if state not in 'any' 'unknown' 'passing' 'warning' 'critical' ret['message'] ' Statemustbeany unknown passing warning orcritical 'ret['res'] Falsereturn retfunction 'health/state/{ 0 }' format state ret query consul url consul url function function query params query params return ret",Where does the checks provide ?,on the path,State,1,1,1,1
q2423,codeqa,How,def sub pattern repl string count 0 flags 0 return compile pattern flags sub repl string count,How did the string obtain ?,by replacing the leftmost non - overlapping occurrences of the pattern in string by the replacement repl,string,1,1,1,1
q2424,codeqa,How,def permutation Filter perm return True,How did specific permutation combinations filter ?,selectively,None,1,1,1,1
q2434,codeqa,Where,@core helper@maintain deprecated 'h get facet titleisdeprecatedin 2 0andwillberemoved ' def get facet title name config title config get 'search facets %s title' % name if config title return config titlefacet titles {'organization' ' Organizations' 'groups' ' Groups' 'tags' ' Tags' 'res format' ' Formats' 'license' ' Licenses' }return facet titles get name name capitalize,Where did the code deprecate ?,in ckan 2,deprecated,1,1,1,1
q2435,codeqa,Where,def set enabled units units context Unit Context equivalencies get current unit registry equivalencies get current unit registry set enabled units units return context,Where did the units enable ?,in the unit registry,units,1,1,1,1
q2440,codeqa,Where,def all filters return Cell Filter Handler get all classes,Where did filter classes find ?,in this directory,Cell,1,1,1,1
q2443,codeqa,How,def ip src dst payload ip Header 'E\x 00 ' + H 20 + len payload + '\x 00 \x 01 \x 00 \x 00 @\x 11 ' + H 0 + socket inet pton socket AF INET native String src + socket inet pton socket AF INET native String dst checksum Step 1 sum struct unpack ' 10 H' ip Header carry checksum Step 1 >> 16 checksum Step 2 checksum Step 1 & 65535 + carry checksum Step 3 checksum Step 2 ^ 65535 ip Header ip Header[ 10 ] + struct pack ' H' checksum Step 3 + ip Header[ 12 ] return ip Header + payload,How do an ip datagram construct ?,with the given source,ip datagram,1,1,1,1
q2445,codeqa,How,def raise error routes iface option expected msg error msg routes iface option expected log error msg raise Attribute Error msg,How do an error raise ?,with a logical formatted message,Raises,1,1,1,1
q2447,codeqa,Where,def server enabled s name **connection args server server get s name **connection args return server is not None and server get state 'ENABLED',Where is a server enabled ?,globally,enabled,1,1,1,1
q2448,codeqa,How,@bdd then bdd parsers parse 'thejsononthepageshouldbe \n{text}' def check contents json quteproc text content quteproc get content strip expected json loads text actual json loads content assert actual expected,How does the code check the current pages content ?,as json,assert,1,1,1,1
q2450,codeqa,Where,"def file list load if 'env' in load salt utils warn until ' Oxygen' "" Parameter'env'hasbeendetectedintheargumentlist Thisparameterisnolongerusedandhasbeenreplacedby'saltenv'asof Salt 2016 11 0 Thiswarningwillberemovedin Salt Oxygen "" load pop 'env' ret []if 'saltenv' not in load return retsaltenv load['saltenv']metadata init if not metadata or saltenv not in metadata return retfor buckets in six itervalues find files metadata[saltenv] files [f for f in buckets if not fs is file ignored opts f ]ret + trim env off path files saltenv return ret",Where does the code return a list of all files on the file server ?,in a specified environment,files,1,1,1,1
q2452,codeqa,How,def bgsave host None port None db None password None server connect host port db password return server bgsave,How do the dataset save to disk cli example ?,asynchronously,None,1,1,1,1
q2457,codeqa,When,def raw key None if key ret pillar get key {} else ret pillar return ret,When is the minion loaded the raw pillar data into ?,currently,None,1,1,1,1
q2458,codeqa,Where,def raw key None if key ret pillar get key {} else ret pillar return ret,In which direction is the minion loaded the raw pillar data currently ?,into,None,1,1,1,1
q2463,codeqa,When,def time 2 netscape t None if t is None t time time year mon mday hour min sec wday time gmtime t [ 7]return '%s% 02 d-%s-% 04 d% 02 d %02 d %02 d GMT' % DAYS[wday] mday MONTHS[ mon - 1 ] year hour min sec,When do a string representing time in seconds return code ?,since epoch,Mon,1,1,1,1
q2465,codeqa,For what purpose,def hdmi boost custom default ' Yettobeimplemented'return '0 ',For what purpose does the users system test ?,to see which hdmi_boost figure should be used,Yettobeimplemented,1,1,1,1
q2472,codeqa,When,def get Integer From Character Length Line Offset character offset split Line step Length line From Character gcodec get String From Character Split Line character split Line if line From Character None return 0float Value float line From Character + offset / step Length return int round float Value,When does the code get the integer ?,after the first occurence of the character in the split line,integer,1,1,1,1
q2473,codeqa,How,def volume attached context volume id instance id mountpoint return IMPL volume attached context volume id instance id mountpoint,How is a volume set ?,as attached,return,1,1,1,1
q2477,codeqa,Where,def authenticate user if possible request user if request line uri startswith '/assets/' passelif ' Authorization' in request headers header request headers['authorization']if header startswith ' Basic' user get user via basic auth header if not user ANON turn off csrf request elif SESSION in request headers cookie token request headers cookie[SESSION] valueuser User from session token token return {'user' user},In which direction does this sign the user ?,in,None,1,1,1,1
q2478,codeqa,When,def uptime proxy if proxy return {'uptime' get grain proxy 'uptime' },When does the uptime return ?,in seconds,uptime,1,1,1,1
q2486,codeqa,For what purpose,def disable name **kwargs levels []if 'runlevels' in kwargs requested levels set kwargs['runlevels'] if isinstance kwargs['runlevels'] list else [kwargs['runlevels']] levels disable delta name requested levels if not levels return Truecmd enable disable cmd name 'delete' levels return not ret code cmd,For what purpose do the named service disable ?,to start at boot cli example,disable,1,1,1,1
q2488,codeqa,How,"def get network domain driver locator location if is uuid locator net id locatorelse name locatornetworks driver ex list network domains location location found networks [network for network in networks if network name name ]if not found networks raise Unknown Network Error "" Network'%s'couldnotbefound"" % name net id found networks[ 0 ] idreturn driver ex get network domain net id",How d the code get a network domain object ?,by its name or i d,it returns a network domain object,1,1,1,1
q2490,codeqa,For what purpose,def config dir return salt ['config option'] 'poudriere config dir',For what purpose do the configuration directory return ?,to use,config directory,1,1,1,1
q2491,codeqa,Where,def all filters return Host Filter Handler get all classes,Where did filter classes find ?,in this directory,Host,1,1,1,1
q2493,codeqa,How,def stop Listening global listenerlogging acquire Lock try if listener listener abort 1 listener Nonefinally logging release Lock,How was the listening server created ?,with a call to listen,None,1,1,1,1
q2494,codeqa,How,def disable if status csf return csf cmd '-x',How do csf disable ?,permanently,disable,1,1,1,1
q2496,codeqa,How,def sensitivity classify lambda document False documents [] return recall classify document average None,How does the percentage of positive cases classify as positive ?,correctly,FALSE,1,1,1,1
q2497,codeqa,Where,"def enqueue fn args None kwargs None title None queue DEFAULT QUEUE NAME if args is None args []if kwargs is None kwargs {}job get queue queue enqueue call func fn args args kwargs kwargs job meta[u'title'] titlejob save msg u' Addedbackgroundjob{}' format job id if title msg u'{} ""{}"" ' format msg title msg u'{}toqueue""{}""' format msg queue log info msg return job",Where be a job run ?,in the background,queue,1,1,1,1
q2500,codeqa,How,def random markov chain n k None sparse False random state None P random stochastic matrix n k sparse format 'csr' random state random state mc Markov Chain P return mc,How did markovchain instance sample ?,randomly,None,1,1,1,1
q2502,codeqa,When,def get sleep return {' Computer' get computer sleep ' Display' get display sleep ' Hard Disk' get harddisk sleep },Till when does the amount of idle time display ?,until the machine sleeps,None,1,1,1,1
q2503,codeqa,How,def random Str length 4 lowercase False alphabet None seed None choice random Wichmann Hill seed choice if seed is not None else random choice if alphabet ret Val '' join choice alphabet for in xrange 0 length elif lowercase ret Val '' join choice string ascii lowercase for in xrange 0 length else ret Val '' join choice string ascii letters for in xrange 0 length return ret Val,How does random string value return ?,with provided number of characters,alphabet,1,1,1,1
q2516,codeqa,How,"def is provider configured opts provider required keys if ' ' in provider alias driver provider split ' ' if alias not in opts['providers'] return Falseif driver not in opts['providers'][alias] return Falsefor key in required keys if opts['providers'][alias][driver] get key None is None log warning "" Therequired'{ 0 }'configurationsettingismissingfromthe'{ 1 }'driver whichisconfiguredunderthe'{ 2 }'alias "" format key provider alias return Falsereturn opts['providers'][alias][driver]for alias drivers in six iteritems opts['providers'] for driver provider details in six iteritems drivers if driver provider continueskip provider Falsefor key in required keys if provider details get key None is None log warning "" Therequired'{ 0 }'configurationsettingismissingfromthe'{ 1 }'driver whichisconfiguredunderthe'{ 2 }'alias "" format key provider alias skip provider Truebreakif skip provider continuereturn provider detailsreturn False",By how much do cloud provider configuration configure ?,fully,None,1,1,1,1
q2527,codeqa,Where,def center value arg return value center int arg,Where does the value center ?,in a field of a given width,center,1,1,1,1
q2532,codeqa,When,def console get all by instance context instance uuid columns to join None return IMPL console get all by instance context instance uuid columns to join,When do consoles get ?,for a given instance,When,1,1,1,1
q2533,codeqa,How,def emails with users and watches subject text template html template context vars users and watches from email settings TIDINGS FROM ADDRESS default locale settings WIKI DEFAULT LANGUAGE **extra kwargs @safe translationdef make mail locale user watch context vars['user'] usercontext vars['watch'] watch[ 0 ]context vars['watches'] watchmsg Email Multi Alternatives subject % context vars render email text template context vars from email [user email] **extra kwargs if html template msg attach alternative render email html template context vars 'text/html' return msgfor user watch in users and watches if hasattr user 'locale' locale user localeelse locale default locale yield make mail locale user watch,How do of emailmessages return ?,with user,Emails,1,1,1,1
q2536,codeqa,How,def close epochs event events params info params['info']exclude [info['ch names'] index x for x in info['bads'] if x startswith 'IC' ]params['ica'] exclude exclude,How does the code exclude the selected components ?,on close,It does not explain.,1,1,1,1
q2543,codeqa,How,def check output stdout subprocess PIPE *popenargs **kwargs try process subprocess Popen stdout stdout *popenargs **kwargs output unused err process communicate retcode process poll if retcode cmd kwargs get 'args' if cmd is None cmd popenargs[ 0 ]error subprocess Called Process Error retcode cmd error output outputraise errorreturn outputexcept Keyboard Interrupt process terminate raise,How does the code return its output ?,as a byte string,output,1,1,1,1
q2544,codeqa,How,def get metric name try return globals [name]except raise Value Error ' Invalidmetricfunction ',How do metric function return ?,by name,None,1,1,1,1
q2565,codeqa,For what purpose,def Get Feed Items client feed feed item service client Get Service ' Feed Item Service' 'v 201607 ' feed items []more pages Trueselector {'fields' [' Feed Item Id' ' Attribute Values' ' Scheduling'] 'predicates' [{'field' ' Status' 'operator' 'EQUALS' 'values' ['ENABLED']} {'field' ' Feed Id' 'operator' 'EQUALS' 'values' [feed['id']]}] 'paging' {'start Index' 0 'number Results' PAGE SIZE}}while more pages page feed item service get selector if 'entries' in page feed items extend page['entries'] selector['paging']['start Index'] + PAGE SIZ Emore pages selector['paging']['start Index'] < int page['total Num Entries'] return feed items,For what purpose does the feed items return ?,for a given feed,items,1,1,1,1
q2569,codeqa,How,@pytest mark networkdef test install editable from git with https script tmpdir result script pip 'install' '-e' '%s#egg pip-test-package' % local checkout 'git+https //github com/pypa/pip-test-package git' tmpdir join 'cache' expect error True result assert installed 'pip-test-package' with files [' git'],How do from git with https clone ?,test,from,1,1,1,1
q2571,codeqa,Where,def get course and check access course key user depth 0 if not has studio write access user course key raise Permission Denied course module modulestore get course course key depth depth return course module,Where did the locator and course module calculate for the view functions ?,in this file,modulestore,1,1,1,1
q2572,codeqa,Where,def get course and check access course key user depth 0 if not has studio write access user course key raise Permission Denied course module modulestore get course course key depth depth return course module,Where do the locator and course module return for the view functions ?,in this file,modulestore,1,1,1,1
q2573,codeqa,For what purpose,def get course and check access course key user depth 0 if not has studio write access user course key raise Permission Denied course module modulestore get course course key depth depth return course module,For what purpose did the locator and course module calculate in this file ?,for the view functions,get course module,1,1,1,1
q2576,codeqa,How,def fixed ips by virtual interface context vif id return IMPL fixed ips by virtual interface context vif id,How does the code get fixed ips if none exist ?,by virtual interface,None,1,1,1,1
q2579,codeqa,When,def get inst ip port return servers get ip port None,When did instance create ?,previously,None,1,1,1,1
q2581,codeqa,How,def parse form data environ stream factory None charset 'utf- 8 ' errors 'replace' max form memory size None max content length None cls None silent True return Form Data Parser stream factory charset errors max form memory size max content length cls silent parse from environ environ,How does the code return it in the form ?,as tuple,Form,1,1,1,1
q2582,codeqa,When,def cb Sent Message result print ' Messagesent' reactor stop,When did the code call ?,when the message has been sent,stop,1,1,1,1
q2584,codeqa,Where,def check run and monitor command echo True input None result run and monitor command echo echo input input if result returncode 0 error 'FAILED{command}withexitcode{code}\n{err}' format command command code result returncode err result stderr strip sys stderr write error + '\n' raise Runtime Error error return result,Where does the code run the command ?,in a subshell,command,1,1,1,1
q2586,codeqa,When,def get Double From Character Split Line Value character split Line value split Line Float get Double From Character Split Line character split Line if split Line Float None return valuereturn split Line Float,When does the code get the double value of the string ?,after the first occurence of the character in the split line,None,1,1,1,1
q2587,codeqa,Where,def check no alert try assert is none world browser get alert except No Alert Present Exception pass,In which direction has the alert gone ?,away,None,1,1,1,1
q2592,codeqa,Where,def service status name r salt utils http query DETAILS['url'] + 'service/status/' + name decode type 'json' decode True return r['dict'],Where is a service running ?,on the rest server,service details,1,1,1,1
q2594,codeqa,Where,"def check executable executable logger logging get Logger name logger debug "" Checkingexecutable'%s' "" executable executable path find executable executable found executable path is not None if found logger debug "" Executable'%s'found '%s'"" executable executable path else logger debug "" Executable'%s'notfound"" executable return found",Where does an executable exist ?,in $ path,found,1,1,1,1
q2612,codeqa,Where,def create secret namespace name data apiserver url url '{ 0 }/api/v 1 /namespaces/{ 1 }/secrets' format apiserver url namespace request {'api Version' 'v 1 ' 'kind' ' Secret' 'metadata' {'name' name 'namespace' namespace} 'data' data}ret kpost url request return ret,Where do namespace create ?,on the defined k8s cluster,namespaces,1,1,1,1
q2625,codeqa,How,def dict Of key value return Dict Zero Or More Group key + value,How do helper define a dictionary ?,easily and clearly,None,1,1,1,1
q2627,codeqa,When,def false *args **kwargs return False,When does false return ?,always,FALSE,1,1,1,1
q2633,codeqa,How,def which program def is exe fpath return os path isfile fpath and os access fpath os X OK fpath fname os path split program if fpath if is exe program return programelse for path in os environ['PATH'] split os pathsep exe file os path join path program if is exe exe file return exe file,How does URL test - if - executable exist ?,in,None,1,1,1,1
q2638,codeqa,When,def truncatewords value arg from django utils text import truncate wordstry length int arg except Value Error return valuereturn truncate words value length,When does the code truncate a string ?,after a certain number of words,When,1,1,1,1
q2639,codeqa,When,def cache page *args **kwargs key prefix kwargs pop 'key prefix' None assert not kwargs ' Theonlykeywordargumentacceptediskey prefix'if len args > 1 assert len args 2 'cache pageacceptsatmost 2 arguments'if callable args[ 0 ] return decorator from middleware with args Cache Middleware cache timeout args[ 1 ] key prefix key prefix args[ 0 ] elif callable args[ 1 ] return decorator from middleware with args Cache Middleware cache timeout args[ 0 ] key prefix key prefix args[ 1 ] else assert False 'cache pagemustbepassedaviewfunctionifcalledwithtwoarguments'elif len args 1 if callable args[ 0 ] return decorator from middleware with args Cache Middleware key prefix key prefix args[ 0 ] else return decorator from middleware with args Cache Middleware cache timeout args[ 0 ] key prefix key prefix else return decorator from middleware with args Cache Middleware key prefix key prefix,When does the page nt be in the cache ?,yet,None,1,1,1,1
q2641,codeqa,How,def test system numerics biginteger print 'TODO',How should this be tested here ?,minimally,None,1,1,1,1
q2644,codeqa,When,def create q App global q Appif q App is None if DEBUG print u' Startingup Q Application' app Qt Widgets Q Application instance if app is None if hasattr Qt Gui u'QX 11 Info' display os environ get u'DISPLAY' if display is None or not re search u' \\d' display raise Runtime Error u' Invalid DISPLA Yvariable' q App Qt Widgets Q Application [str u'' ] q App last Window Closed connect q App quit else q App appif is pyqt 5 q App set Attribute Qt Core Qt AA Use High Dpi Pixmaps,When can only one qapp exist ?,at a time,q App,1,1,1,1
q2648,codeqa,Where,def url equal url 1 url 2 parse result 1 urlparse url 1 parse result 2 urlparse url 2 return parse result 1[ 4] parse result 2[ 4] and parse qs parse result 1[ 5 ] parse qs parse result 2[ 5 ],Where does ordering not matter ?,where,None,1,1,1,1
q2652,codeqa,Where,@conf commands registerdef srflood x filter None iface None nofilter None *args **kargs s conf L3 socket filter filter iface iface nofilter nofilter r sndrcvflood s x *args **kargs s close return r,Where do packets receive ?,at layer 3 prn : function applied to packets received,socket,1,1,1,1
q2657,codeqa,How,def list pkgs versions as list False **kwargs versions as list salt utils is true versions as list if any [salt utils is true kwargs get x for x in 'removed' 'purge desired' ] return {}if 'pkg list pkgs' in context if versions as list return context ['pkg list pkgs']else ret copy deepcopy context ['pkg list pkgs'] salt ['pkg resource stringify'] ret return retcmd ['opkg' 'list-installed']ret {}out salt ['cmd run'] cmd output loglevel 'trace' python shell False for line in salt utils itertools split out '\n' pkg name pkg version line split '-' salt ['pkg resource add pkg'] ret pkg name pkg version salt ['pkg resource sort pkglist'] ret context ['pkg list pkgs'] copy deepcopy ret if not versions as list salt ['pkg resource stringify'] ret return ret,How did the packages instal currently ?,in a dict,None,1,1,1,1
q2658,codeqa,When,def list pkgs versions as list False **kwargs versions as list salt utils is true versions as list if any [salt utils is true kwargs get x for x in 'removed' 'purge desired' ] return {}if 'pkg list pkgs' in context if versions as list return context ['pkg list pkgs']else ret copy deepcopy context ['pkg list pkgs'] salt ['pkg resource stringify'] ret return retcmd ['opkg' 'list-installed']ret {}out salt ['cmd run'] cmd output loglevel 'trace' python shell False for line in salt utils itertools split out '\n' pkg name pkg version line split '-' salt ['pkg resource add pkg'] ret pkg name pkg version salt ['pkg resource sort pkglist'] ret context ['pkg list pkgs'] copy deepcopy ret if not versions as list salt ['pkg resource stringify'] ret return ret,When did the packages instal in a dict ?,currently,None,1,1,1,1
q2661,codeqa,How,def joined Group group avatar s group send {'text' ' Hello monkeys'} s add Callback sent Message group avatar return s,How did the code join the group ?,successfully,None,1,1,1,1
q2665,codeqa,Where,@require contextdef virtual interface create context values try vif ref models Virtual Interface vif ref update values vif ref save except db exc DB Error raise exception Virtual Interface Create Exception return vif ref,Where does the code create a new virtual interface record ?,in the database,create,1,1,1,1
q2667,codeqa,For what purpose,@ffi callback 'int void*handle intrevents ' def python callback handle revents try the watcher ffi from handle handle args the watcher argsif args is None args NOARG Sif len args > 0 and args[ 0 ] GEVENT CORE EVENTS args revents + args[ 1 ] the watcher callback *args except the watcher exc info sys exc info the watcher loop keepaliveset add the watcher return -1 else if the watcher in the watcher loop keepaliveset return 0return 1,For what purpose must you call func:_python_handle_error ?,to deal with it,1,1,1,1,1
q2668,codeqa,How,def on configure config settings config['settings']skip migration if applied settings 'social auth' 'social auth association',By how much did settings configure ?,full,None,1,1,1,1
q2669,codeqa,How,def on configure config settings config['settings']skip migration if applied settings 'social auth' 'social auth association',By how much did settings instal ?,full,None,1,1,1,1
q2670,codeqa,How,@bdd then bdd parsers parse 'theheader{header}shouldbesetto{value}' def check header quteproc header value content quteproc get content data json loads content print dataassert utils pattern match pattern value value data['headers'][header],How is a given header set ?,correctly,assert,1,1,1,1
q81,codeqa,How,def test dcae ae Autoencoder 5 7 act enc 'tanh' act dec 'cos' tied weights True model Deep Composed Autoencoder [ae] model ensure extensions data np random randn 10 5 astype config float X model perform data,How does deepcomposedautoencoder work ?,correctly,It is not clear what the code does.,1,1,2,1
q557,codeqa,How,def summary judgment rec if config['import']['quiet'] if rec Recommendation strong return importer action APPL Yelse action config['import']['quiet fallback'] as choice {'skip' importer action SKIP 'asis' importer action ASIS} elif rec Recommendation none action config['import']['none rec action'] as choice {'skip' importer action SKIP 'asis' importer action ASIS 'ask' None} else return Noneif action importer action SKIP print u' Skipping ' elif action importer action ASIS print u' Importingas-is ' return action,How should a decision be made ?,without even asking the user,Skip,2,1,1,1
q2588,codeqa,When,def download daily bars source Code table Code year csv File auth Token None bars download csv source Code table Code datetime date year 1 1 datetime date year 12 31 'daily' auth Token f open csv File 'w' f write bars f close,When do daily bars download from quandl ?,for a given year,daily,2,1,1,2
q2653,codeqa,How,def testdoc cli arguments Test Doc execute cli arguments,How does testdoc execute ?,similarly as from the command line,execute,2,1,1,2
q213,codeqa,How,def get database engine options kwargs conversions {'convert unicode' string as bool 'pool timeout' int 'echo' string as bool 'echo pool' string as bool 'pool recycle' int 'pool size' int 'max overflow' int 'pool threadlocal' string as bool}prefix 'database engine option 'prefix len len prefix rval {}for key value in kwargs items if key startswith prefix key key[prefix len ]if key in conversions value conversions[key] value rval[key] valuereturn rval,How be the sqlalchemy database engine passed ?,"by using the prefix "" database_engine_option """,Answer: as keyword arguments.,2,1,2,1
q229,codeqa,How,@require context@pick context manager writerdef ec 2 snapshot create context snapshot uuid id None ec 2 snapshot ref models Snapshot Id Mapping ec 2 snapshot ref update {'uuid' snapshot uuid} if id is not None ec 2 snapshot ref update {'id' id} ec 2 snapshot ref save context session return ec 2 snapshot ref,How do ec2 compatible snapshot create ?,by provided uuid,It creates an EC2 compatible snapshot.,2,1,2,1
q512,codeqa,How,@not implemented for 'undirected' def kosaraju strongly connected components G source None with nx utils reversed G post list nx dfs postorder nodes G source source seen set while post r post pop if r in seen continuec nx dfs preorder nodes G r new {v for v in c if v not in seen } yield new seen update new,How did components connect ?,strongly,They are connected.,2,1,2,1
q1733,codeqa,How,@memoizedef construct uri profile return 'http //{host} {port}' format **profile,How do configuration examine ?,in the following format,Does it examine the configuration of the profile.,2,1,2,1
q616,codeqa,How,def encrypt message pub key keylength common byte size pub key n padded pad for encryption message keylength payload transform bytes 2 int padded encrypted core encrypt int payload pub key e pub key n block transform int 2 bytes encrypted keylength return block,How does the given message encrypt ?,using pkcs#1 v1,It encrypts the message.,2,1,2,2
q723,codeqa,How,def send mail sender email recipient email subject plaintext body html body bcc admin False if not feconf MAILGUN API KEY raise Exception ' Mailgun AP Ikeyisnotavailable ' if not feconf MAILGUN DOMAIN NAME raise Exception ' Mailgundomainnameisnotset ' mailgun domain name 'https //api mailgun net/v 3 /%s/messages' % feconf MAILGUN DOMAIN NAME if not feconf CAN SEND EMAILS raise Exception ' Thisappcannotsendemailstousers ' data {'from' sender email 'to' recipient email 'subject' subject 'text' plaintext body 'html' html body}if bcc admin data['bcc'] feconf ADMIN EMAIL ADDRES Srequests post mailgun domain name auth 'api' feconf MAILGUN API KEY data data,How does an email send ?,using mailgun api,It sends an email.,2,1,2,2
q1125,codeqa,How,def natsort seq case sensitive True if case sensitive natsort key natsort keyelse natsort key natsort key case insensitivealist list seq alist sort key natsort key return alist,How do a sequence of text strings sort ?,in a reasonable order,case insensitive,2,1,2,2
q1209,codeqa,How,def output From Python Script script *args with open devnull 'rb' as null Input with open devnull 'wb' as null Error process Popen [executable script path] + list args stdout PIPE stderr null Error stdin null Input stdout process communicate [0 ]return stdout,How do a python script run ?,synchronously,runs,2,1,2,2
q1356,codeqa,When,def test ada fit invalid ratio ratio 1 0 / 10000 0 ada ADASYN ratio ratio random state RND SEED assert raises Runtime Error ada fit X Y,When is an error raised ?,when the balancing ratio to fit is smaller than the one of the data,Runtime Error,2,1,2,2
q1392,codeqa,When,def unregister auth backend backend cls warn u'reviewboard accounts backends unregister auth backend isdeprecated Usereviewboard accounts backends auth backends unregister instead ' Deprecation Warning auth backends unregister backend cls,When do authentication backend ?,previously,Deprecation,2,1,2,2
q1685,codeqa,How,def dup rr prs gcd f g K result dup rr trivial gcd f g K if result is not None return result fc F dup primitive f K gc G dup primitive g K c K gcd fc gc h dup subresultants F G K [ -1 ] h dup primitive h K if K is negative dup LC h K c - c h dup mul ground h c K cff dup quo f h K cfg dup quo g h K return h cff cfg,How does polynomial gcd compute ?,using subresultants over a ring,Computes the greatest common divisor of two polynomials.,2,1,2,2
q1790,codeqa,For what purpose,@hgcommanddef mail ui repo *pats **opts if codereview disabled raise hg util Abort codereview disabled cl err Command Line CL ui repo pats opts op 'mail' defaultcc defaultcc if err '' raise hg util Abort err cl Upload ui repo gofmt just warn True if not cl reviewer if not defaultcc or cl private raise hg util Abort 'noreviewerslistedin CL' cl cc Sub cl cc defaultcc cl reviewer defaultcccl Flush ui repo if cl files [] raise hg util Abort 'nochangedfiles notsendingmail' cl Mail ui repo,For what purpose do a change mail ?,for review,Upload.,2,1,2,2
q1991,codeqa,How,def is writable file like obj return callable getattr obj u'write' None,How do like a file object look ?,with a * write * method,It is a file object.,2,1,2,2
q34,codeqa,Where,def installed features image None return get components ' Feature Name' ' Features' ' Enabled',Where does image window ?,offline,It is not present in the code.,1,1,3,1
q36,codeqa,How,def spherical kn n z derivative False if derivative return spherical kn d n z else return spherical kn n z,How did the code modify the code ?,spherical bessel function,It does not modify the code.,1,1,3,1
q49,codeqa,When,def unparse Endpoint args kwargs description ' ' join [quote String Argument str arg for arg in args] + sorted [ '%s %s' % quote String Argument str key quote String Argument str value for key value in iteritems kwargs ] return description,When did args parse ?,already,"When did args parse?
At the start of the function.",1,1,3,1
q51,codeqa,How,"def run setup script name script args None stop after 'run' if stop after not in 'init' 'config' 'commandline' 'run' raise Value Error ""invalidvaluefor'stop after' %r"" % stop after global setup stop after setup distribution setup stop after stop aftersave argv sys argvg {' file ' script name}l {}try try sys argv[ 0 ] script nameif script args is not None sys argv[ 1 ] script argsf open script name try exec f read in g lfinally f close finally sys argv save argv setup stop after Noneexcept System Exit passexcept raiseif setup distribution is None raise Runtime Error ""'distutils core setup 'wasnevercalled--perhaps'%s'isnota Distutilssetupscript?"" % script name return setup distribution",By how much did environment control ?,somewhat,The code does not mention environment control.,1,1,3,1
q52,codeqa,Where,"def run setup script name script args None stop after 'run' if stop after not in 'init' 'config' 'commandline' 'run' raise Value Error ""invalidvaluefor'stop after' %r"" % stop after global setup stop after setup distribution setup stop after stop aftersave argv sys argvg {' file ' script name}l {}try try sys argv[ 0 ] script nameif script args is not None sys argv[ 1 ] script argsf open script name try exec f read in g lfinally f close finally sys argv save argv setup stop after Noneexcept System Exit passexcept raiseif setup distribution is None raise Runtime Error ""'distutils core setup 'wasnevercalled--perhaps'%s'isnota Distutilssetupscript?"" % script name return setup distribution",Where does the code run a setup script ?,in a somewhat controlled environment,in the current script,1,1,3,1
q55,codeqa,How,def validate feature module mode 'show' feature module params['feature']feature to be mapped {'show' {'nvoverlay' 'nve' 'vn-segment-vlan-based' 'vnseg vlan' 'hsrp' 'hsrp engine' 'fabricmulticast' 'fabric mcast' 'scp-server' 'scp Server' 'sftp-server' 'sftp Server' 'slaresponder' 'sla responder' 'slasender' 'sla sender' 'ssh' 'ssh Server' 'tacacs+' 'tacacs' 'telnet' 'telnet Server' 'ethernet-link-oam' 'elo' 'port-security' 'eth port sec'} 'config' {'nve' 'nvoverlay' 'vnseg vlan' 'vn-segment-vlan-based' 'hsrp engine' 'hsrp' 'fabric mcast' 'fabricmulticast' 'scp Server' 'scp-server' 'sftp Server' 'sftp-server' 'sla sender' 'slasender' 'sla responder' 'slaresponder' 'ssh Server' 'ssh' 'tacacs' 'tacacs+' 'telnet Server' 'telnet' 'elo' 'ethernet-link-oam' 'eth port sec' 'port-security'}}if feature in feature to be mapped[mode] feature feature to be mapped[mode][feature]return feature,How are they configured ?,how,They are configured as a nested dictionary.,1,1,3,1
q63,codeqa,How,def parse signed request signed request app secret try l signed request split ' ' 2 encoded sig str l[ 0 ] payload str l[ 1 ] sig base 64 urlsafe b64 decode encoded sig + ' ' * 4 - len encoded sig % 4 % 4 data base 64 urlsafe b64 decode payload + ' ' * 4 - len payload % 4 % 4 except Index Error return Falseexcept Type Error return Falsedata parse json data if data get 'algorithm' '' upper 'HMAC-SHA 256 ' return Falseapp secret app secret encode 'ascii' payload payload encode 'ascii' expected sig hmac new app secret msg payload digestmod hashlib sha 256 digest if sig expected sig return Falsereturn data,How do dictionary return ?,with signed request data,It returns False,1,1,3,1
q65,codeqa,Where,@utils positional 1 def transaction callback **ctx options fut transaction async callback **ctx options return fut get result,Where does the code run a callback ?,in a transaction,Async,1,1,3,1
q80,codeqa,When,def safe quote s return urllib quote s if s urllib unquote s else s,When did url encode ?,already,When url encode.,1,1,3,1
q86,codeqa,How,def test aligned mem a arange 804 dtype np uint 8 z np frombuffer a data offset 4 count 100 dtype float z shape 10 10 eig z overwrite a True eig z T overwrite a True,How did memory align ?,non,The memory was aligned to a size of 4 bytes.,1,1,3,1
q88,codeqa,Where,def dmp gcdex f g u K if not u return dup gcdex f g K else raise Multivariate Polynomial Error f g,Where did the code extend euclidean algorithm ?,in f[x ],"Code:
def extended_euclidean(f, g):
    if not g:
        return f, 1, 0
    else:
        x, y, p, q, u, v = extended_euclidean(g, f % g)
        return y, x - (f // g) * y, p",1,1,3,1
q116,codeqa,How,def test solve polynomial cv 1a assert solve sqrt x - 1 x [1 ] assert solve sqrt x - 2 x [4 ] assert solve x ** Rational 1 4 - 2 x [16 ] assert solve x ** Rational 1 3 - 3 x [27 ] assert solve sqrt x + x ** Rational 1 3 + x ** Rational 1 4 x [0 ],How can equations be converted to a polynomial equation ?,using the change of variable y - > x**rational,"Code:
def solve ( polynomial ) : 
    # implementation details omitted 
    pass

Question:
How are polynomial equations represented internally?",1,1,3,1
q131,codeqa,How,def s3 image create context image uuid return IMPL s3 image create context image uuid,How did local s3 image represent ?,by provided uuid,It does not represent a local file.,1,1,3,1
q163,codeqa,How,def volume glance metadata copy to volume context volume id snapshot id return IMPL volume glance metadata copy to volume context volume id snapshot id,How does the code update the glance metadata from a volume ?,by copying all of the key : value pairs from the originating snapshot,Answer: it does not update the glance metadata from a volume.,1,1,3,1
q178,codeqa,When,def cache from env env allow none False return item from env env 'swift cache' allow none,When had by the memcache middleware been set memcache connection pool from the environment ?,previously,"When had by the memcache middleware been set, it was set to'memcache connection pool from the environment'.",1,1,3,1
q191,codeqa,When,def was modified since header None mtime 0 size 0 try if header is None raise Value Errormatches re match '^ [^ ]+ length [0 - 9 ]+ ?$' header re IGNORECASE header mtime parse http date matches group 1 header len matches group 3 if header len and int header len size raise Value Errorif mtime > header mtime raise Value Errorexcept Attribute Error Value Error Overflow Error return Truereturn False,When did the user download it ?,last,The code does not provide information about when the user downloaded the file.,1,1,3,1
q232,codeqa,How,def pre save handler sender instance **kwargs taglist parse tag input instance tags instance tags taglist to string taglist,How do the tag field save ?,alphabetically,It is not specified in the provided code snippet.,1,1,3,1
q234,codeqa,For what purpose,def rename ep file cur path new path old path length 0 new dest dir new dest name os path split new path if old path length 0 or old path length > len cur path cur file name cur file ext os path splitext cur path else cur file ext cur path[old path length ]new path + cur file extmake dirs os path dirname new path try logger log u' Renamingfilefrom' + cur path + 'to' + new path ek ek os rename cur path new path except OS Error IO Error as e logger log u' Failedrenaming' + cur path + 'to' + new path + ' ' + ex e logger ERROR return Falsedelete empty folders ek ek os path dirname cur path return True,For what purpose did all folders need ?,to move a file to its new location,to delete after renaming,1,1,3,1
q249,codeqa,How,def get Geometry Output By Arguments arguments element Node evaluate set Attributes By Arguments ['radius' 'end Z' 'start'] arguments element Node return get Geometry Output None element Node,How does the code get vector3 vertexes from attribute dictionary ?,by arguments,It does not get vector3 vertexes from attribute dictionary.,1,1,3,1
q263,codeqa,Where,def main import threadingif sys argv[ 1 ] 'AUTO' print port List for port in port List threading Thread target run Programmer args port sys argv[ 2 ] start time sleep 5 else programmer Stk 500 v 2 programmer connect port sys argv[ 1 ] programmer program Chip intel Hex read Hex sys argv[ 2 ] sys exit 1,In which direction do the stk500v2 programmer call ?,from the commandline,The stk500v2 programmer call in the downward direction.,1,1,3,1
q269,codeqa,How,@register tagdef render comment form parser token return Render Comment Form Node handle token parser token,How does the code render the comment form ?,through the comments / form,It does not render the comment form.,1,1,3,1
q273,codeqa,How,def get msvcr msc pos sys version find 'MS Cv ' if msc pos -1 msc ver sys version[ msc pos + 6 msc pos + 10 ]if msc ver '1300 ' return ['msvcr 70 ']elif msc ver '1310 ' return ['msvcr 71 ']elif msc ver '1400 ' return ['msvcr 80 ']elif msc ver '1500 ' return ['msvcr 90 ']else raise Value Error ' Unknown MS Compilerversion%s' % msc ver,How was python built ?,with msvc 7,It was not built.,1,1,3,1
q309,codeqa,When,def add lazy relation cls field relation operation if relation RECURSIVE RELATIONSHIP CONSTANT app label cls meta app labelmodel name cls name elif isinstance relation six string types try app label model name relation split ' ' except Value Error app label cls meta app labelmodel name relationelse app label relation meta app labelmodel name relation meta object namemodel get model app label model name seed cache False only installed False if model operation field model cls else key app label model name value cls field operation pending lookups setdefault key [] append value,When does the code add a lookup on cls ?,when a related field is defined using a string,When the code adds a lookup on `cls`.,1,1,3,1
q310,codeqa,How,def add lazy relation cls field relation operation if relation RECURSIVE RELATIONSHIP CONSTANT app label cls meta app labelmodel name cls name elif isinstance relation six string types try app label model name relation split ' ' except Value Error app label cls meta app labelmodel name relationelse app label relation meta app labelmodel name relation meta object namemodel get model app label model name seed cache False only installed False if model operation field model cls else key app label model name value cls field operation pending lookups setdefault key [] append value,How is a related field defined when ?,using a string,When the related field is not a string.,1,1,3,1
q338,codeqa,For what purpose,def process docstring app what name obj options lines result lines linesdocstring Noneif app config napoleon numpy docstring docstring Numpy Docstring result lines app config app what name obj options result lines docstring lines if app config napoleon google docstring docstring Google Docstring result lines app config app what name obj options result lines docstring lines lines[ ] result lines[ ],For what purpose do the docstring process ?,for a given python object,"For what purpose do the docstrings process?
to generate documentation for the function",1,1,3,1
q347,codeqa,When,def test nm 1 sample wt fit ratio 'auto'nm 1 Near Miss ratio ratio random state RND SEED version VERSION NEARMISS assert raises Runtime Error nm 1 sample X Y,When is an error raised ?,when sample is called before fitting,assert raises Runtime Error,1,1,3,1
q349,codeqa,How,def test completion option for command script res env setup completion script 'pipsearch--' '2 ' assert '--help' in res stdout 'autocompletefunctioncouldnotcomplete``--``',How do completion for -- in command get ?,test,Answer: it is not implemented,1,1,3,1
q351,codeqa,When,def module name module state ' Enabled' version 'any' ret {'name' name 'result' True 'comment' '' 'changes' {}}modules salt ['selinux list semod'] if name not in modules ret['comment'] ' Module{ 0 }isnotavailable' format name ret['result'] Falsereturn retrmodule state refine module state module state if rmodule state 'unknown' ret['comment'] '{ 0 }isnotavalidstateforthe{ 1 }module ' format module state module ret['result'] Falsereturn retif version 'any' installed version modules[name][' Version']if not installed version version ret['comment'] ' Moduleversionis{ 0 }anddoesnotmatchthedesiredversionof{ 1 }oryouareusingsemodule> 2 4' format installed version version ret['result'] Falsereturn retcurrent module state refine module state modules[name][' Enabled'] if rmodule state current module state ret['comment'] ' Module{ 0 }isinthedesiredstate' format name return retif opts ['test'] ret['result'] Noneret['comment'] ' Module{ 0 }issettobetoggledto{ 1 }' format name module state return retif salt ['selinux setsemod'] name rmodule state ret['comment'] ' Module{ 0 }hasbeensetto{ 1 }' format name module state return retret['result'] Falseret['comment'] ' Failedtosetthe Module{ 0 }to{ 1 }' format name module state return ret,When do a specific version force for an selinux module name the name of the module to control ?,optionally,Module{ 0 }isnotavalidstateforthe{ 1 }module,1,1,3,1
q356,codeqa,Where,def file upload content type extra request params {}for file name uploadedfile in request FILES items params[file name] {k force text v for k v in uploadedfile content type extra items }return Http Response json dumps params,In which direction do extra content - type parameters echo ?,back,"Yes, in the same direction as the file name.",1,1,3,1
q359,codeqa,How,def test transform data n sensors n vertices n times 10 20 4 kernel rng randn n vertices n sensors sens data rng randn n sensors n times vertices np arange n vertices data np dot kernel sens data for idx tmin idx tmax idx in zip [ None np arange n vertices // 2 n vertices ] [ None 1] [ None 3] if idx is None idx use slice None None else idx use idx data f my trans data[idx use tmin idx tmax idx] for stc data in data kernel sens data stc Vol Source Estimate stc data vertices vertices tmin 0 0 tstep 1 0 stc data t stc transform data my trans idx idx tmin idx tmin idx tmax idx tmax idx assert allclose data f stc data t,How do linear transform apply to data ?,test,in place,1,1,3,1
q360,codeqa,How,def degrees B nodes weight None bottom set nodes top set B - bottom return B degree top weight B degree bottom weight,How do the degrees of the two node sets in the bipartite graph b return ?,code,in the same order as they appear in the bipartite graph,1,1,3,1
q363,codeqa,How,def find css class with wait context css class **kwargs return find elem with wait context By CLASS NAME css class **kwargs,How does an element with given css class find ?,with an explicit timeout,in the DOM,1,1,3,1
q364,codeqa,For what purpose,def get image mbid coverid size None entitytype 'release' if isinstance coverid int coverid '%d' % coverid if isinstance size int size '%d' % size return caa request mbid coverid size size entitytype entitytype,For what purpose do cover art download ?,for a release,download,1,1,3,1
q371,codeqa,When,def to binary string py 2 text return str text,When is it not is one ?,already,When it is one.,1,1,3,1
q373,codeqa,When,def delete virtual disk spec client factory device virtual device config client factory create 'ns 0 Virtual Device Config Spec' virtual device config operation 'remove'virtual device config file Operation 'destroy'virtual device config device devicereturn virtual device config,When do virtual disk exist ?,already,They do not exist.,1,1,3,1
q376,codeqa,When,"@skip 'silverlight' 'multiple execute' def test pack module relative collision try mod backup dict sys modules f dir path combine testpath public testdir 'test dir' f init path combine f dir ' init py' f foo dir path combine f dir 'foo' f foo py path combine f foo dir 'foo py' f foo init path combine f foo dir ' init py' ensure directory present f dir ensure directory present f foo dir write to file f init 'fromfooimportbar' write to file f foo py 'bar ""BAR""' write to file f foo init 'fromfooimportbar' import test dir Are Equal test dir bar 'BAR' finally sys modules mod backupos unlink f foo py os unlink f foo init os unlink f init os rmdir f foo dir os rmdir f dir",When should the package be updated with the child ?,when importing a package item,When the package is installed.,1,1,3,1
q378,codeqa,How,def referrer allowed referrer referrer acl allow Falseif referrer acl rhost urlparse referrer or '' hostname or 'unknown' for mhost in referrer acl if mhost[ 0 ] '-' mhost mhost[ 1 ]if mhost rhost or mhost[ 0 ] ' ' and rhost endswith mhost allow Falseelif mhost '*' or mhost rhost or mhost[ 0 ] ' ' and rhost endswith mhost allow Truereturn allow,How should the referrer be allowed ?,based on the referrer_acl list,allow,1,1,3,1
q383,codeqa,How,def create Append By Textb parent Node xml Text monad Open Monad parent Node for character in xml Text monad monad get Next Monad character,How does the child nodes create ?,from the xmltext,in a linked list,1,1,3,1
q386,codeqa,How,def New Fields From Pb field list return [ New Field From Pb f for f in field list],How did from a document_pb copy ?,field,descending,1,1,3,1
q390,codeqa,When,def method mock request cls method name **kwargs patch patch object cls method name **kwargs request addfinalizer patch stop return patch start,When is the patch reversed where ?,after pytest uses it,When the patch is added.,1,1,3,1
q391,codeqa,How,def state class str state if state is None return ' None'else return '<%s>' % state class name,How do a string describe an instances class ?,via its instancestate,in a class name,1,1,3,1
q401,codeqa,How,def get Chain Matrix SVG If Necessary xml Element y Axis Pointing Upward matrix SVG Matrix SVG if y Axis Pointing Upward return matrix SV Greturn get Chain Matrix SVG matrix SVG xml Element,How do chain matrixsvg get ?,by svgelement and yaxispointingupward,return matrix,1,1,3,1
q402,codeqa,How,"@ File System in directory current directory 'django' 'chive' def test django admin media serving on django 13 os environ['PYTHONPATH'] '%s %s' % File System join lib directory ' Django- 1 3' OLD PYTHONPATH status out commands getstatusoutput 'pythonmanage pyharvest--verbosity 2 /features/' assert not equals status 0 lines out splitlines assert u"" Preparingtoservedjango'sadminsitestaticfiles "" in lines assert u"" Django'sbuiltinserverisrunningat 0 0 0 0 7000 "" in lines",How should lettuce serve admin static files on django 1 ?,properly,in the same directory as the Django app.,1,1,3,1
q404,codeqa,Where,def where filename dirs None env 'PATH' if dirs is None dirs []if not isinstance dirs list dirs [dirs]if glob filename return filenamepaths [os curdir] + os environ[env] split os path pathsep + dirs for path in paths for match in glob os path join path filename if match return os path normpath match raise IO Error ' Filenotfound %s' % filename,Where does the code find file ?,in current dir or system path,home directory,1,1,3,1
q407,codeqa,How,"def cyclic pattern charset charset type None charset []charset + ['ABCDEFGHIJKLMNOPQRSTUVWXYZ']charset + ['abcdefghijklmnopqrstuvwxyz']charset + [' 0123456789 ']if not charset type charset type config Option get 'pattern' if charset type 1 charset[ 1 ] '%$- ' + re sub '[sn]' '' charset[ 1 ] charset[ 2 ] 'sn ' + charset[ 2 ] if charset type 2 charset + [' ""#$%&\\ *+ - / < >?@[]^ { }~']mixed charset mixed ''k 0while True for i in range 0 len charset mixed + charset[i][k k + 1 ]if not mixed breakmixed charset + mixedmixed ''k + 1return mixed charset",How does pattern arg ?,cyclic,in-place,1,1,3,1
q417,codeqa,How,def managed flag True using None if using is None using DEFAULT DB ALIA Sconnection connections[using]connection managed flag,How be by the user committed managed transactions ?,explicitly,using,1,1,3,1
q419,codeqa,How,def inputs eval data if not FLAGS data dir raise Value Error ' Pleasesupplyadata dir' data dir os path join FLAGS data dir 'cifar- 10 -batches-bin' images labels cifar 10 input inputs eval data eval data data dir data dir batch size FLAGS batch size if FLAGS use fp 16 images tf cast images tf float 16 labels tf cast labels tf float 16 return images labels,How do input for cifar evaluation construct ?,using the reader ops,"return images, labels",1,1,3,1
q423,codeqa,When,def earliest possible date return pd Timestamp '1980 ' tz 'UTC',When can we load from this module data ?,the earliest date,01/01/2020,1,1,3,1
q426,codeqa,How,def cuda set device dev id pass,How does the code select the cuda device ?,with the given i d,It does not select the cuda device.,1,1,3,1
q440,codeqa,When,"def heuristic Check Dbms injection ret Val Falsepush Value kb injection kb injection injectionfor dbms in get Public Type Members DBMS True rand Str 1 rand Str 2 random Str random Str Backend force Dbms dbms if conf no Escape and dbms not in FROM DUMMY TABLE continueif check Boolean Expression "" SELECT'%s'%s '%s'"" % rand Str 1 FROM DUMMY TABLE get dbms '' rand Str 1 if not check Boolean Expression "" SELECT'%s'%s '%s'"" % rand Str 1 FROM DUMMY TABLE get dbms '' rand Str 2 ret Val dbmsbreak Backend flush Forced Dbms kb injection pop Value if ret Val info Msg 'heuristic extended testshowsthattheback-end DBMS'info Msg + ""couldbe'%s'"" % ret Val logger info info Msg return ret Val",When is this called ?,when boolean - based blind is identified with a generic payload and the dbms,When the `heuristic Check` function is called.,1,1,3,1
q442,codeqa,When,def render json data jsonp callback None js safe False status 200 if settings DEBUG indent 2else indent 0if js safe json encode json for js data indent else json encode json data indent if jsonp callback is not None if not VALID JSON IDENTIFIER match jsonp callback raise Illegal Jsonp Callback Name Exception ' Invalidjsonpcallbackname %s' % jsonp callback json '%s %s ' % jsonp callback json return Http Response json content type 'text/javascript' status status,When does data render ?,as json,When data is not None.,1,1,3,1
q443,codeqa,How,def append json callback option opt str value parser default to parser option dest [] try j json loads value except Value Error as e parser error ' Malformed JSO Npassedto%s %s' % opt str str e getattr parser values option dest append j,How do it append to a list ?,callback,in place,1,1,3,1
q444,codeqa,How,def list stringify inlist outlist []for item in inlist if not isinstance item tuple list if not isinstance item basestring item str item else item list stringify item outlist append item return outlist,How does a list rebuild making sure all the members are strings ?,recursively,in-place,1,1,3,1
q447,codeqa,How,def process dataset name directory num shards synset to human image to bboxes filenames synsets labels find image files directory FLAGS labels file humans find human readable labels synsets synset to human bboxes find image bounding boxes filenames image to bboxes process image files name filenames synsets labels humans bboxes num shards,How do it save ?,as a tfrecord,It saves.,1,1,3,1
q450,codeqa,How,def idd sfrm l n w x return id idd sfrm l n w x,How do real vector transform ?,via a composition of rokhlins random transform,No,1,1,3,1
q454,codeqa,How,def test call accepts func multi pos passes @accepts int int int def foo int 1 int 2 int 3 passt time time for i in range 0 10000 foo 5 6 7 return time time - t,How did function check ?,accepts,It does not check.,1,1,3,1
q455,codeqa,How,def document custom method section method name method document custom signature section method name method method intro section section add new section 'method-intro' method intro section writeln '' doc string inspect getdoc method if doc string is not None method intro section style write py doc string doc string,How did method drive ?,data,No,1,1,3,1
q465,codeqa,Where,"def ensure point geom ensure geometry geom if geom geom type u' Point' raise Spatial Error u"" Providedgeometry'%s'isnota' Point' "" % geom return geom",In which direction did the parameter pass ?,in,reverse,1,1,3,1
q468,codeqa,How,def create or resurrect store f parent name translation project try store Store objects get parent parent name name store resurrect save False resurrect units False store log user 'system' action STORE RESURRECTED path store pootle path store store id except Store Does Not Exist store Store objects create file f parent parent name name translation project translation project return store,How do a store db item resurrect ?,with given name and parent,Returns a store object,1,1,3,1
q470,codeqa,How,def mirror y clip apply to 'mask' return clip fl image lambda f f[ -1 ] apply to apply to,How does the code flip the clip ?,vertically,in place,1,1,3,1
q475,codeqa,For what purpose,def catalog global defaultt getattr active u'value' None if t is not None return tif default is None from django conf import settings default translation settings LANGUAGE CODE return default,For what purpose does the current active catalog return ?,for further processing,translation,1,1,3,1
q476,codeqa,How,def standard b64 decode s return b64 decode s,How did a string encode ?,with the standard base64 alphabet,It was encoded.,1,1,3,1
q477,codeqa,When,def address is associated with device ec 2 address device id isinstance True address ec 2 get all addresses address public ip if address if isinstance return address and address[ 0 ] instance id device id else return address and address[ 0 ] network interface id device id return False,When is the elastic ip associated with the device ?,currently,address and address[0].instance_id,1,1,3,1
q480,codeqa,How,def Smart Connect No SSL protocol 'https' host 'localhost' port 443 user 'root' pwd '' service 'hostd' path '/sdk' connection Pool Timeout CONNECTION POOL IDLE TIMEOUT SEC preferred Api Versions None key File None cert File None thumbprint None b64 token None mechanism 'userpass' if hasattr ssl ' create unverified context' ssl Context ssl create unverified context else ssl Context Nonereturn Smart Connect protocol protocol host host port port user user pwd pwd service service path path connection Pool Timeout connection Pool Timeout preferred Api Versions preferred Api Versions key File key File cert File cert File thumbprint thumbprint ssl Context ssl Context b64 token b64 token mechanism mechanism,How do to a specified server connect ?,without ssl verification,return Smart Connect protocol,1,1,3,1
q481,codeqa,How,def loop lifting func ir typingctx targetctx flags locals blocks func ir blocks copy cfg compute cfg from blocks blocks loopinfos loop lift get candidate infos cfg blocks func ir variable lifetime livemap loops []for loopinfo in loopinfos lifted loop lift modify blocks func ir loopinfo blocks typingctx targetctx flags locals loops append lifted main func ir derive blocks blocks return main loops,How do transformation lift ?,loop,in-place,1,1,3,1
q482,codeqa,How,def strip listing to done output list return [line for line in output list if safe output line ],How do non - relevant first and last line remove ?,conditionally,in place,1,1,3,1
q489,codeqa,How,"def scale factory scale axis **kwargs scale scale lower if scale is None scale 'linear'if scale not in scale mapping raise Value Error "" Unknownscaletype'%s'"" % scale return scale mapping[scale] axis **kwargs",How do a scale class return ?,by name,in a dictionary format,1,1,3,1
q495,codeqa,How,def retrieve fid share key None url build url RESOURCE id fid params make params share key share key return request 'get' url params params,How does the code retrieve a grid ?,from plotly,It does not retrieve a grid.,1,1,3,1
q497,codeqa,How,def run on executor fn @functools wraps fn def wrapper self *args **kwargs callback kwargs pop 'callback' None future self executor submit fn self *args **kwargs if callback self io loop add future future lambda future callback future result return futurereturn wrapper,How do a synchronous method run on an executor ?,asynchronously,in a synchronous manner,1,1,3,1
q498,codeqa,For what purpose,"def load Extra Trees Model E Tmodel Name is Regression False try fo open E Tmodel Name + 'MEANS' 'rb' except IO Error print "" Load Random Forest Model Didn'tfindfile""returntry MEAN c Pickle load fo STD c Pickle load fo if not is Regression class Names c Pickle load fo mt Win c Pickle load fo mt Step c Pickle load fo st Win c Pickle load fo st Step c Pickle load fo compute BEAT c Pickle load fo except fo close fo close MEAN numpy array MEAN STD numpy array STD COEFF []with open E Tmodel Name 'rb' as fid GB c Pickle load fid if is Regression return GB MEAN STD mt Win mt Step st Win st Step compute BEAT else return GB MEAN STD class Names mt Win mt Step st Win st Step compute BEAT",For what purpose does extra trees load this function ?,either for classification or training,load Extra Trees Model,1,1,3,1
q500,codeqa,How,@slow test@testing requires testing datadef test volume source space tempdir Temp Dir src read source spaces fname vol temp name op join tempdir 'temp-src fif' surf read bem surfaces fname bem s id FIFF FIFFV BEM SURF ID BRAIN surf['rr'] * 1000 0for bem surf in zip fname bem None None surf src new setup volume source space 'sample' temp name pos 7 0 bem bem surface surf mri 'T 1 mgz' subjects dir subjects dir src[ 0 ]['subject his id'] 'sample' compare source spaces src src new mode 'approx' del src newsrc new read source spaces temp name compare source spaces src src new mode 'approx' assert raises IO Error setup volume source space 'sample' temp name pos 7 0 bem None surface 'foo' mri fname mri subjects dir subjects dir assert equal repr src repr src new assert equal src kind 'volume',How do volume source spaces set ?,test,in'sample',1,1,3,1
q503,codeqa,How,def main try args process cmd args config app except argparse Argument Type Error as ate print '%s' % ate return 1try if args disable ssl app run host app config['HOST'] port app config['PORT'] debug args verbose use reloader False threaded True else cert key SSL Certificate get cert key app config['HOST'] app run host app config['HOST'] port app config['PORT'] debug args verbose use reloader False threaded True ssl context cert key except socket error as se print ' Failedtostart RESTAP Iserver %s' % se strerror return 1return 0,How did everything go ?,well,Failed to start REST API server,1,1,3,1
q504,codeqa,Where,def unicode urlencode obj charset 'utf- 8 ' if not isinstance obj string types obj text type obj if isinstance obj text type obj obj encode charset return text type url quote obj,Where be that considered ?,under all supported python versions,string,1,1,3,1
q505,codeqa,How,@ajax required@require http methods ['POST' 'DELETE'] def manage suggestion request uid sugg id **kwargs if request method 'DELETE' return reject suggestion request uid sugg id elif request method 'POST' return accept suggestion request uid sugg id,How does the suggestion action dispatch ?,according to the http verb,accept,1,1,3,1
q507,codeqa,When,def test continuous error y np linspace 0 1 20 enn Edited Nearest Neighbours random state RND SEED assert warns User Warning enn fit X y,When is an error raised ?,when the target are continuous type,No,1,1,3,1
q513,codeqa,How,def exhaust stream or iterable iterator Nonetry iterator iter stream or iterable except Type Error iterator Chunk Iter stream or iterable 16384 if iterator is None raise Multi Part Parser Error 'multipartparser exhaust waspassedanon-iterableorstreamparameter' for in iterator pass,By how much does an iterator or stream exhaust ?,completely,2048,1,1,3,1
q515,codeqa,When,@conf commands registerdef srploop pkts *args **kargs return sr loop srp pkts *args **kargs,When does the code print the answer ?,each time,It does not print the answer.,1,1,3,1
q516,codeqa,Where,@conf commands registerdef srploop pkts *args **kargs return sr loop srp pkts *args **kargs,Where does the code send a packet ?,at layer 2,It does not exist.,1,1,3,1
q519,codeqa,Where,def instance decorator decorator class Decorator object def init self func nop *args **kws self name func name self doc func doc self data name '%s %d decorated instance' % func name id self self func funcself args argsself kws kwsdef get self obj cls None if obj is None returndata name self data nametry return obj dict [data name]except Key Error decorated decorator obj self func *self args **self kws obj dict [data name] decoratedreturn decoratedreturn Decorator,Where do decorators decorate a method ?,in a concrete instance,in the class definition,1,1,3,1
q521,codeqa,How,def import type text dest elem type None if type is None type elem attrib['type']if should skip elem elem type dest returndest[type] text elem,How do the elements inner text(s import into the dest dict ?,conditionally,in the dest dict,1,1,3,1
q531,codeqa,When,def get pgroup path follow symlinks True return uid to user get pgid path follow symlinks,When did primary group use ?,rarely,primary group,1,1,3,1
q532,codeqa,How,def get pgroup path follow symlinks True return uid to user get pgid path follow symlinks,How do the name of the primary group that owns a given file return ?,code,the primary group name,1,1,3,1
q535,codeqa,Where,def extract descriptions input filename texts text analyzer if texts locale document extract description texts text analyzer add entities input filename locale document sys stdout write ' ' sys stdout flush elif texts [] print '%shadnodiscernibletext ' % input filename,Where was the text detected ?,in the image,stdout,1,1,3,1
q540,codeqa,When,@conf commands registerdef srloop pkts *args **kargs return sr loop sr pkts *args **kargs,When does the code print the answer ?,each time,It does not print the answer.,1,1,3,1
q543,codeqa,When,@register inclusion tag u'admin/actions html' takes context True def admin actions context context[u'action index'] context get u'action index' -1 + 1 return context,When has the action field been rendered on the page ?,the number of times,When the action field is rendered on the page.,1,1,3,1
q548,codeqa,How,def normalize module module depth 2 if inspect ismodule module return moduleelif isinstance module six string types return import module globals locals ['*'] elif module is None return sys modules[sys getframe depth f globals[' name ']]else raise Type Error ' Expectedamodule string or None',How did the module specify ?,by module,import module,1,1,3,1
q553,codeqa,How,def create sink global last sink id sink id lock sinkssink id lock acquire try this sink id last sink idlast sink id last sink id + 1 % sys maxint finally sink id lock release sink Sink this sink id sinks[this sink id] sinkreturn sink,How do a new sink with a numeric i d incremented return ?,in a threadsafe way,in descending order,1,1,3,1
q559,codeqa,When,def routes family None if family 'inet' and family 'inet 6 ' and family is not None raise Command Execution Error ' Invalidaddressfamily{ 0 }' format family if grains ['kernel'] ' Linux' routes netstat route linux elif grains ['kernel'] ' Sun OS' routes netstat route sunos elif grains ['os'] in [' Free BSD' ' Mac OS' ' Darwin'] routes netstat route freebsd elif grains ['os'] in [' Net BSD'] routes netstat route netbsd elif grains ['os'] in [' Open BSD'] routes netstat route openbsd else raise Command Execution Error ' Notyetsupportedonthisplatform' if not family return routes else ret [route for route in routes if route['addr family'] family ]return ret,When did routes configure ?,currently,Linux,1,1,3,1
q563,codeqa,How,def get next page of all non private commits page size feconf COMMIT LIST PAGE SIZE urlsafe start cursor None max age None if max age is not None and not isinstance max age datetime timedelta raise Value Error 'max agemustbeadatetime timedeltainstance or None ' results new urlsafe start cursor more collection models Collection Commit Log Entry Model get all non private commits page size urlsafe start cursor max age max age return [collection domain Collection Commit Log Entry entry created on entry last updated entry user id entry username entry collection id entry commit type entry commit message entry commit cmds entry version entry post commit status entry post commit community owned entry post commit is private for entry in results] new urlsafe start cursor more,How does a page of non - private commits return to all collections ?,in reverse time order,returns a list of Collection Commit Log Entry objects.,1,1,3,1
q567,codeqa,How,def load configuration logger rights type configuration get 'rights' 'type' if rights type ' None' return lambda user collection permission True elif rights type in DEFINED RIGHTS or rights type 'from file' return Rights configuration logger authorizedelse module import module rights type return module Rights configuration logger authorized,How did the rights manager choose ?,in configuration,from file,1,1,3,1
q570,codeqa,How,def test compiler check cache cp compilerop Caching Compiler cp cache 'x 1' 99 linecache checkcache for k in linecache cache if k startswith '<ipython-input- 99 ' breakelse raise Assertion Error ' Entryforinput- 99 missingfromlinecache',How do the compiler manage the cache ?,properly,It does not manage the cache.,1,1,3,1
q571,codeqa,Where,def file upload echo request r dict [ k f name for k f in request FILES items ] return Http Response json dumps r,In which direction do info about uploaded files echo for tests ?,back,Upwards,1,1,3,1
q573,codeqa,When,def test test function from import numpy as anpassert GE 1 P 10 module anp is True if GE 1 P 10 module np assert broadcast arrays is np broadcast arrays assert broadcast to is np broadcast to else assert broadcast arrays is not np broadcast arrays assert not hasattr np u'broadcast to',When should the possibly patched version of broadcast_arrays be be ok ?,always,assert np.broadcast_arrays is np.broadcast_arrays,1,1,3,1
q574,codeqa,When,def git version git path DEFAULT GIT try output run git or fail ['--version'] git path git path except OS Error return Noneversion prefix 'gitversion'if not output startswith version prefix return Noneparts output[len version prefix ] split ' ' nums []for part in parts try nums append int part except Value Error breakwhile len nums < VERSION LEN nums append 0 return tuple nums[ VERSION LEN],When did git instal ?,currently,None,1,1,3,1
q576,codeqa,How,def as even iterator cls assert issubclass iterator cls Subset Iterator dct Forced Even Iterator dict copy dct[' base iterator cls'] iterator clsdct['fancy'] iterator cls fancydct['stochastic'] iterator cls stochastic New Forced Even Class type ' Forced Even%s' % iterator cls name Forced Even Iterator bases dct return New Forced Even Class,How do iterator_cls wrap ?,class,in a dictionary.,1,1,3,1
q579,codeqa,When,def test error wrong object smote 'rnd'enn 'rnd'smt SMOTEENN smote smote random state RND SEED assert raises Value Error smt fit X Y smt SMOTEENN enn enn random state RND SEED assert raises Value Error smt fit X Y,When is an error raised ?,while wrong objects are provided at the initialization,Value Error,1,1,3,1
q580,codeqa,Where,def libvlc media player new from media p md f Cfunctions get 'libvlc media player new from media' None or Cfunction 'libvlc media player new from media' 1 class result Media Player ctypes c void p Media return f p md,In which direction does the code create a media player object ?,from a media,ascending,1,1,3,1
q584,codeqa,Where,def multiple file normalize CSS input dir output dir output CSS statistics if not exists output dir makedirs output dir file names [fname for fname in listdir input dir if not fname startswith ' ' or isdir fname ]for fname in file names base fname ext splitext fname original fname base fname + ' biom' hdf 5 infile join input dir original fname tmp bt load table hdf 5 infile outfile join output dir 'CSS ' + base fname + ' biom' if output CSS statistics output CSS statistics join output dir 'CSS statistics ' + base fname + ' txt' with tempfile Named Temporary File dir get qiime temp dir prefix 'QIIME-normalize-table-temp-table-' suffix ' biom' as temp fh temp fh write tmp bt to json 'for R' temp fh flush run CSS temp fh name outfile output CSS statistics output CSS statistics,Where does metagenomeseqs css normalization perform ?,on a directory of raw abundance otu matrices,output dir,1,1,3,1
q585,codeqa,How,def import migrated vhds session instance chain label disk type vdi label imported vhds session call plugin serialized 'migration py' 'move vhds into sr' instance uuid chain label sr path get sr path session uuid stack make uuid stack scan default sr session vdi uuid imported vhds['root']['uuid']vdi ref session call xenapi 'VDI get by uuid' vdi uuid set vdi info session vdi ref disk type vdi label disk type instance return {'uuid' vdi uuid 'ref' vdi ref},How do vhds link possibly ?,via the xapi plugin,move,1,1,3,1
q591,codeqa,How,def exec script script filename env None *args script filename os path basename script filename script filename os path join os path dirname file 'subproc' script filename if not os path exists script filename raise System Error ' Topreventmisuse thescriptpassedto Py Installer utils hooks exec scriptmustbelocatedinthe` Py Installer/utils/hooks/subproc`directory ' cmd [script filename]cmd extend args return exec python cmd cmd env env,How did interpreter spawn ?,externally,spawned,1,1,3,1
q592,codeqa,How,def exec script script filename env None *args script filename os path basename script filename script filename os path join os path dirname file 'subproc' script filename if not os path exists script filename raise System Error ' Topreventmisuse thescriptpassedto Py Installer utils hooks exec scriptmustbelocatedinthe` Py Installer/utils/hooks/subproc`directory ' cmd [script filename]cmd extend args return exec python cmd cmd env env,How does the code execute a python script ?,in an externally spawned interpreter,in the specified directory,1,1,3,1
q593,codeqa,How,def stacksize since 0 0 return Vm B ' Vm Stk ' - since,How do stack size return ?,in bytes,Vm Stk,1,1,3,1
q601,codeqa,Where,def package dirname package if isinstance package str package import package fromlist [''] filename package file dirname os path dirname filename return dirname,Where is package located ?,the directory path,os,1,1,3,1
q605,codeqa,How,def convert Element Node element Node geometry Output if geometry Output None returnif len geometry Output < 1 returnif len geometry Output 1 first Loop geometry Output[ 0 ]if first Loop class list geometry Output first Loopfirst Element geometry Output[ 0 ]if first Element class list if len first Element > 1 convert Element Node Rename By Paths element Node geometry Output else convert Element Node By Path element Node first Element else convert Element Node By Path element Node geometry Output,How does the code convert the xml element ?,by geometryoutput,It renames the element by its path.,1,1,3,1
q606,codeqa,How,def expanded data n 100 expanded training data network 3 load data shared ' /data/mnist expanded pkl gz' for j in range 3 print ' Trainingwithexpandeddata %sneuronsinthe F Clayer runnum%s' % n j net Network [ Conv Pool Layer image shape mini batch size 1 28 28 filter shape 20 1 5 5 poolsize 2 2 activation fn Re LU Conv Pool Layer image shape mini batch size 20 12 12 filter shape 40 20 5 5 poolsize 2 2 activation fn Re LU Fully Connected Layer n in 40 * 4 * 4 n out n activation fn Re LU Softmax Layer n in n n out 10 ] mini batch size net SGD expanded training data 60 mini batch size 0 03 validation data test data lmbda 0 1 return net,By how much did layer connect ?,fully,40,1,1,3,1
q608,codeqa,When,def merge boundary graph src dst pass,When does the code call back call ?,before merging 2 nodes,"When the code calls back, after the merge is complete.",1,1,3,1
q609,codeqa,When,def merge boundary graph src dst pass,When does the code call ?,before merging 2 nodes,When the code is called.,1,1,3,1
q612,codeqa,When,def notifications from dashboard activity list user dict since context {'model' model 'session' model Session 'user' user dict['id']}activity list logic get action 'dashboard activity list' context {} activity list [activity for activity in activity list if activity['user id'] user dict['id'] ]strptime datetime datetime strptimefmt '%Y-%m-%d T%H %M %S %f'activity list [activity for activity in activity list if strptime activity['timestamp'] fmt > since ]return notifications for activities activity list user dict,When do any email notifications from the given users dashboard activity list return ?,since since,When any email notifications from the given users' dashboard activity list return.,1,1,3,1
q613,codeqa,Where,def royal road 2 individual order total 0norder orderwhile norder < order ** 2 total + royal road 1 norder individual [0 ]norder * 2return total,Where did by melanie mitchell present ?,in,I can't provide an answer to this question as it is not related to the code snippet provided.,1,1,3,1
q615,codeqa,Where,def in special context node global p0 p1 p2 pats builtif not pats built p0 patcomp compile pattern p0 p1 patcomp compile pattern p1 p2 patcomp compile pattern p2 pats built Truepatterns [p 0 p1 p2 ]for pattern parent in zip patterns attr chain node 'parent' results {}if pattern match parent results and results['node'] is node return Truereturn False,Where being all that is required of it being iterable ?,an environment,iterable,1,1,3,1
q617,codeqa,Where,def determine disk image type image meta if not image meta return Nonedisk format image meta['disk format']disk format map {'ami' 'DISK' 'aki' 'KERNEL' 'ari' 'RAMDISK' 'raw' 'DISK RAW' 'vhd' 'DISK VHD' 'iso' 'DISK ISO'}try image type str disk format map[disk format]except Key Error raise exception Invalid Disk Format disk format disk format image type getattr Image Type image type str image ref image meta['id']msg ' Detected% image type str sformatforimage% image ref s' LOG debug msg % locals return image type,Where will the kernel reside ?,where,KERNEL,1,1,3,1
q620,codeqa,How,def run on executor fn @functools wraps fn def wrapper self *args **kwargs callback kwargs pop 'callback' None future self executor submit fn self *args **kwargs if callback self io loop add future future lambda future callback future result return futurereturn wrapper,How do a synchronous method run on an executor ?,asynchronously,in a synchronous manner,1,1,3,1
q621,codeqa,When,@register filter is safe True @stringfilterdef truncatewords value arg try length int arg except Value Error return valuereturn Truncator value words length truncate ' ',When does the code truncate a string ?,after a certain number of words,When the code truncates a string.,1,1,3,1
q627,codeqa,When,def req job run r **attr if r interactive if r id current s3 task async 'req add from template' [r id] {'user id' current auth user id} current session confirmation current T ' Requestadded' r component id Noneredirect r url method '',When do a job run ?,now,When a job run.,1,1,3,1
q629,codeqa,For what purpose,def get session stored refresh token service get oauth service r service get raw access token data {'refresh token' stored refresh token 'grant type' 'refresh token'} return service get session r json ['access token'],For what purpose did the code call in main extension script ?,to actually get a usable session,access token,1,1,3,1
q630,codeqa,How,def tamper payload **kwargs ret Val ''if payload for i in xrange len payload if payload[i] isspace ret Val + '--% 0 A'elif payload[i] '#' or payload[i i + 3 ] '--' ret Val + payload[i ]breakelse ret Val + payload[i]return ret Val,How did mssql test ?,against,It does not exist,1,1,3,1
q636,codeqa,How,def pre yarn history unescape s return PRE YARN HISTORY ESCAPE RE sub '\\ 1 ' s,How do string escape ?,un,in reverse,1,1,3,1
q637,codeqa,When,def multicall conf context topic msg timeout None check serialize msg method msg get 'method' if not method returnargs msg get 'args' {} version msg get 'version' None namespace msg get 'namespace' None try consumer CONSUMERS[topic][ 0 ]except Key Error Index Error return iter [ None] else return consumer call context version method namespace args timeout,When does a call return ?,multiple times,iter [ None],1,1,3,1
q640,codeqa,When,def u string if is py 3 return str string elif not isinstance string unicode return unicode str string 'UTF- 8 ' return string,When did python2 repr cast to a string implicitly ?,always,Python 2.,1,1,3,1
q641,codeqa,How,def u string if is py 3 return str string elif not isinstance string unicode return unicode str string 'UTF- 8 ' return string,How did python2 repr cast to a string always ?,implicitly,in UTF-8,1,1,3,1
q644,codeqa,How,def test condition true false if condition return trueelse return false,How did plural forms interpret ?,correctly,FALSE,1,1,3,1
q656,codeqa,Where,def get Diagonal Flipped Loop loop diagonal Flipped Loop []for point in loop diagonal Flipped Loop append complex point imag point real return diagonal Flipped Loop,In which direction does the code flip ?,over the dialogonal,Up,1,1,3,1
q662,codeqa,Where,def savepoint rollback sid using None if using is None using DEFAULT DB ALIA Sconnection connections[using]thread ident thread get ident if thread ident in savepoint state and using in savepoint state[thread ident] connection savepoint rollback sid,In which direction does the most recent savepoint roll ?,back,Forward,1,1,3,1
q664,codeqa,How,def default stream factory total content length filename content type content length None if total content length > 1024 * 500 return Temporary File 'wb+' return Bytes IO,How is the stream factory used ?,per default,return BytesIO,1,1,3,1
q675,codeqa,Where,def read forward solution eeg *args **kwargs fwd read forward solution *args **kwargs fwd pick types forward fwd meg False eeg True return fwd,In which direction did the code read eeg ?,forward,FALSE,1,1,3,1
q676,codeqa,How,"def test octarine srv dcos api session timeout 30 test uuid uuid uuid 4 hex[ 16 ]octarine id uuid uuid 4 hexproxy '""http // 127 0 0 1 $ /opt/mesosphere/bin/octarine' + '--client--port{} ""' format octarine id port name 'pinger'cmd '/opt/mesosphere/bin/octarine{}&' format octarine id + '/opt/mesosphere/bin/python-mhttp server${PORT 0 }' raw app id 'integration-test-app-octarine-srv-{}' format test uuid check command 'curl--fail--proxy{} {} {} tcp marathon mesos mydcos directory' format proxy port name raw app id app definition {'id' '/{}' format raw app id 'cpus' 0 1 'mem' 128 'cmd' cmd 'disk' 0 'instances' 1 'port Definitions' [{'port' 0 'protocol' 'tcp' 'name' port name 'labels' {}}] 'health Checks' [{'protocol' 'COMMAND' 'command' {'value' check command} 'grace Period Seconds' 5 'interval Seconds' 10 'timeout Seconds' 10 'max Consecutive Failures' 3}]}dcos api session marathon deploy and cleanup app definition",How do srv records resolve ?,through octarine,They are resolved by looking up the 'id' in the 'app definition' dictionary.,1,1,3,1
q678,codeqa,How,def generate anchors base size 16 ratios [0 5 1 2] scales 2 ** np arange 3 6 base anchor np array [1 1 base size base size] - 1 ratio anchors ratio enum base anchor ratios anchors np vstack [ scale enum ratio anchors[i ] scales for i in range ratio anchors shape[ 0 ] ] return anchors,How do anchor windows generate ?,by enumerating aspect ratios x scales wrt a reference window,in descending order,1,1,3,1
q679,codeqa,How,def readmailcapfile fp caps {}while 1 line fp readline if not line breakif line[ 0 ] '#' or line strip '' continuenextline linewhile nextline[ -2 ] '\\\n' nextline fp readline if not nextline nextline '\n'line line[ -2 ] + nextline key fields parseline line if not key and fields continuetypes key split '/' for j in range len types types[j] types[j] strip key '/' join types lower if key in caps caps[key] append fields else caps[key] [fields]return caps,How did a dictionary key ?,by mime type,it was split,1,1,3,1
q680,codeqa,When,def test decompose regression q np array [1 2 3] * u m / 2 0 * u km assert np all q decompose value np array [0 0005 0 001 0 0015 ] assert np all q np array [1 2 3] * u m / 2 0 * u km assert np all q decompose value np array [0 0005 0 001 0 0015 ],When was decompose called on a quantity with an array and a scale ?,multiple times,decompose,1,1,3,1
q681,codeqa,How,def get Geometry Output By Loop element Node side Loop side Loop rotate element Node return get Geometry Output By Manipulation element Node side Loop,How does the code get geometry output ?,by side loop,It does not exist,1,1,3,1
q688,codeqa,How,def expm A return expm A use exact onenorm 'auto',How does the code compute the matrix exponential ?,using pade approximation,It is not specified.,1,1,3,1
q697,codeqa,When,def Can Break Before prev token cur token pval prev token valuecval cur token valueif py 3 compat PY 3 if pval 'yield' and cval 'from' return Falseif pval in {'async' 'await'} and cval in {'def' 'with' 'for'} return Falseif cur token split penalty > split penalty UNBREAKABLE return Falseif pval '@' return Falseif cval ' ' return Falseif cval ' ' return Falseif prev token is name and cval ' ' return Falseif prev token is name and cval '[' return Falseif prev token is name and cval ' ' return Falseif cur token is comment and prev token lineno cur token lineno return Falseif format token Subtype UNARY OPERATOR in prev token subtypes return Falsereturn True,When may a line break occur ?,before the current token,return False,1,1,3,1
q699,codeqa,How,@not implemented for 'directed' def node connected component G n return set plain bfs G n,How do node n contain ?,graph,No,1,1,3,1
q700,codeqa,Where,def pause path service names None project load project path debug ret {}result {}if isinstance project dict return projectelse try project pause service names if debug for container in project containers if service names is None or container get ' Name' [1 ] in service names container inspect if not inspected debug ret[container get ' Name' ] container inspect result[container get ' Name' ] 'paused'except Exception as inst return handle except inst return standardize result True ' Pausingcontainersviadocker-compose' result debug ret,Where do running containers pause ?,in the docker - compose file,in the running containers,1,1,3,1
q702,codeqa,Where,def save state state try with open config['statefile'] as filename 'w' as f pickle dump state f except IO Error as exc log error u'statefilecouldnotbewritten {0 }' format exc,In which direction does the code write the state dictionary to disk ?,out,No,1,1,3,1
q711,codeqa,How,def autocommit using None warnings warn 'autocommitisdeprecatedinfavorofset autocommit ' Pending Deprecation Warning stacklevel 2 def entering using enter transaction management managed False using using def exiting exc type using leave transaction management using using return transaction func entering exiting using,How do that commit ?,on save,No,1,1,3,1
q717,codeqa,How,def netstat getnode try proc popen 'netstat' '-ia' if not proc returnwith proc words proc stdout readline rstrip split try i words index ' Address' except Value Error returnfor line in proc stdout try words line rstrip split word words[i]if len word 17 and word count ' ' 5 mac int word replace ' ' '' 16 if mac return macexcept Value Error Index Error passexcept OS Error pass,How does the code get the hardware address on unix ?,by running netstat,It gets the hardware address on Unix.,1,1,3,1
q719,codeqa,How,def iddr asvd A k A np asfortranarray A m n A shapew np empty 2 * k + 28 * m + 6 * k + 21 * n + 25 * k ** 2 + 100 order 'F' w iddr aidi m n k w[ w size] w U V S ier id iddr asvd A k w if ier 0 raise RETCODE ERRO Rreturn U V S,How do svd of a real matrix compute to a specified rank ?,using random sampling,"The SVD of a real matrix computes to a specified rank by computing the matrix U, V, and Σ (singular values) such that A = U Σ V^T, where U and V are orthogonal matrices and Σ is a diagonal matrix containing the singular values.",1,1,3,1
q720,codeqa,How,def stable cumsum arr axis None rtol 1e- 05 atol 1e- 08 if np version < 1 9 return np cumsum arr axis axis dtype np float 64 out np cumsum arr axis axis dtype np float 64 expected np sum arr axis axis dtype np float 64 if not np all np isclose out take -1 axis axis expected rtol rtol atol atol equal nan True warnings warn 'cumsumwasfoundtobeunstable itslastelementdoesnotcorrespondtosum' Runtime Warning return out,How be array - like summed as flat axis : int ?,cumulatively,array-like,1,1,3,1
q722,codeqa,How,def optionalcascade cont attr item attr doc '' def getter self if self items return getattr self[ 0 ] item attr else return getattr self cont attr def setter self value setattr self cont attr value for item in self setattr item item attr value return property fget getter fset setter doc doc,How does a getter property return ?,with a cascading setter,the first item in the list,1,1,3,1
q725,codeqa,How,def render comment form parser token return Render Comment Form Node handle token parser token,How does the code render the comment form ?,through the comments / form,It does not.,1,1,3,1
q727,codeqa,How,def load ipython extension ip warnings simplefilter 'once' Sym Py Deprecation Warning Sym Py Deprecation Warning feature 'using%load extsympy interactive ipythonprinting' useinstead 'fromsympyimportinit printing init printing ' deprecated since version '0 7 3' issue 7013 warn init printing ip ip,How do the extension load ?,in ipython,"from sympy import init, printing; print",1,1,3,1
q728,codeqa,How,def test invalid operands with pytest raises Model Definition Error Rotation 2 D Gaussian 1 D with pytest raises Model Definition Error Rotation 2 D 90 Gaussian 1 D 1 0 0 1 with pytest raises Model Definition Error Rotation 2 D + Gaussian 1 D with pytest raises Model Definition Error Rotation 2 D 90 + Gaussian 1 D 1 0 0 1,How do whose inputs / outputs not match ?,correctly,Gaussian 1 D,1,1,3,1
q730,codeqa,When,def kernel versions redhat kernel get last salt ['cmd run'] 'rpm-q--lastkernel' kernels []kernel versions []for line in kernel get last splitlines if 'kernel-' in line kernels append line kernel kernels[ 0 ] split '' 1 [0 ]kernel kernel strip 'kernel-' kernel versions append kernel return kernel versions,When did kernel instal ?,last,kernel instal 2023,1,1,3,1
q732,codeqa,How,@require admin contextdef compute node update context compute id values auto adjust session get session if auto adjust adjust compute node values for utilization context values session with session begin subtransactions True values['updated at'] timeutils utcnow convert datetimes values 'created at' 'deleted at' 'updated at' compute ref compute node get context compute id session session for key value in values iteritems compute ref[key] valuecompute ref save session session,How does the code populate the capacity fields ?,with the most recent data,It does not.,1,1,3,1
q741,codeqa,Where,def richards x A u d v y0 y A * pow 1 + v + np exp 1 + v * np exp u / A * 1 + v * 1 + 1 / v * d - x - 1 / v + y0 return y,Where did gompertz growth model propose ?,in zwietering et al,Gompertz growth model,1,1,3,1
q746,codeqa,When,"def heuristic Check Dbms injection ret Val Falsepush Value kb injection kb injection injectionfor dbms in get Public Type Members DBMS True if not FROM DUMMY TABLE get dbms '' continue rand Str 1 rand Str 2 random Str random Str Backend force Dbms dbms if check Boolean Expression "" SELECT'%s'%s '%s'"" % rand Str 1 FROM DUMMY TABLE get dbms '' rand Str 1 if not check Boolean Expression "" SELECT'%s'%s '%s'"" % rand Str 1 FROM DUMMY TABLE get dbms '' rand Str 2 ret Val dbmsbreak Backend flush Forced Dbms kb injection pop Value if ret Val info Msg 'heuristic extended testshowsthattheback-end DBMS'info Msg + ""couldbe'%s'"" % ret Val logger info info Msg return ret Val",When is this called ?,when boolean - based blind is identified with a generic payload and the dbms,When the function is called.,1,1,3,1
q756,codeqa,How,def register signals article generator finalized connect ARTICLE GROUPER signals page generator finalized connect PAGE GROUPER,How do the new plugin register ?,code,connect,1,1,3,1
q758,codeqa,When,def load plugins build configuration plugins working set loaded {}for plugin in plugins req Requirement parse plugin dist working set find req if not dist raise Plugin Not Found u' Couldnotfindplugin {}' format req entries dist get entry map get u'pantsbuild plugin' {} if u'load after' in entries deps entries[u'load after'] load for dep name in deps dep Requirement parse dep name if dep key not in loaded raise Plugin Load Order Error u' Plugin{ 0 }mustbeloadedafter{ 1 }' format plugin dep if u'build file aliases' in entries aliases entries[u'build file aliases'] load build configuration register aliases aliases if u'register goals' in entries entries[u'register goals'] load if u'global subsystems' in entries subsystems entries[u'global subsystems'] load build configuration register subsystems subsystems loaded[dist as requirement key] dist,When did each plugin be on the path ?,already,loaded,1,1,3,1
q767,codeqa,When,def test sample wt fit ratio 'auto'cc Cluster Centroids ratio ratio random state RND SEED assert raises Runtime Error cc sample X Y,When is an error raised ?,when sample is called before fitting,Runtime Error,1,1,3,1
q769,codeqa,How,def mask buf key key [ord i for i in key]buf list buf for i char in enumerate buf buf[i] chr ord char ^ key[ i % 4 ] return '' join buf,How do a buffer of bytes unmask ?,with a masking key,in-place,1,1,3,1
q772,codeqa,Where,def get Connected Paths paths pixel Dictionary width if len paths < 2 return pathsconnected Paths []segments []for path Index in xrange len paths path paths[path Index]segments append get Segment From Path path path Index for path Index in xrange 0 len paths - 1 concatenate Remove Path connected Paths path Index paths pixel Dictionary segments width connected Paths append paths[ -1 ] return connected Paths,In which direction do connected paths get ?,from paths,ascending,1,1,3,1
q775,codeqa,How,def intrinsic func name getattr func ' name ' str func llc Intrinsic name func llc register return llc,How do func implement ?,in nopython mode,Intrinsic name,1,1,3,1
q776,codeqa,How,def load libzmq import sys ctypes platformdlopen hasattr sys 'getdlopenflags' if dlopen dlflags sys getdlopenflags sys setdlopenflags ctypes RTLD GLOBAL dlflags try from import libzmqexcept Import Error passelse globals [' libzmq'] libzmqif platform python implementation lower 'pypy' ctypes CDLL libzmq file ctypes RTLD GLOBAL finally if dlopen sys setdlopenflags dlflags,How is libzmq bundled ?,load,static,1,1,3,1
q779,codeqa,When,def get day names width 'wide' context 'format' locale LC TIME return Locale parse locale days[context][width],When did by the locale use for the specified format ?,the day,LC_TIME,1,1,3,1
q784,codeqa,How,def list local cmd 'layman--quietness 1--list-local--nocolor'out salt ['cmd run'] cmd python shell False split '\n' ret [line split [1 ] for line in out if len line split > 2 ]return ret,How did overlays instal ?,locally,No,1,1,3,1
q786,codeqa,Where,def Rot L 64 x N return np left shift x N & 63 dtype np uint 64 np right shift x 64 - N & 63 dtype np uint 64,Where did by n rotate x ?,left,right,1,1,3,1
q789,codeqa,For what purpose,def get Receivers sender Any signal Any try return connections[id sender ][signal]except Key Error return [],For what purpose does you retrieve the raw list of receivers from the connections table ?,for the given sender and signal pair,For debugging purposes.,1,1,3,1
q817,codeqa,When,def plugin order p {}for func in plugin store p[func] [plugin name for plugin name f in plugin store[func]]return p,When did plugin order prefer ?,currently,ascending,1,1,3,1
q820,codeqa,When,def test double start finished qtbot proc py proc with qtbot wait Signals [proc started proc finished] timeout 10000 order 'strict' argv py proc 'importsys sys exit 0 ' proc start *argv with qtbot wait Signals [proc started proc finished] timeout 10000 order 'strict' argv py proc 'importsys sys exit 0 ' proc start *argv,When do a guiprocess start ?,twice,When a GUI process starts.,1,1,3,1
q821,codeqa,How,def reshape x shape return Reshape shape x,How does an input variable reshape ?,without copy,It does not exist,1,1,3,1
q833,codeqa,How,def safely castable to int dt int size np dtype int itemsizesafe np issubdtype dt int and dt itemsize < int size or np issubdtype dt np unsignedinteger and dt itemsize < int size return safe,How can the numpy data type dt be cast to an int ?,safely,int,1,1,3,1
q838,codeqa,How,def engine func @functools wraps func def wrapper *args **kwargs runner Nonedef handle exception typ value tb if runner is not None return runner handle exception typ value tb return Falsewith Exception Stack Context handle exception as deactivate try result func *args **kwargs except Return Stop Iteration as e result getattr e 'value' None else if isinstance result types Generator Type def final callback value if value is not None raise Return Value Ignored Error '@gen enginefunctionscannotreturnvalues %r' % value assert value is None deactivate runner Runner result final callback runner run returnif result is not None raise Return Value Ignored Error '@gen enginefunctionscannotreturnvalues %r' % result deactivate return wrapper,How did decorator orient ?,callback,decorator,1,1,3,1
q841,codeqa,Where,def get documented filenames documented {}for filename in filenames f open filename u'r' lines f read splitlines documented update get documented in lines lines filename filename f close return documented,Where are what items documented ?,in source/ *,filenames,1,1,3,1
q849,codeqa,Where,def run unittest testclass debug 0 suite unittest make Suite testclass if debug suite debug else run suite suite testclass,In which direction do tests run ?,from a unittest,descending,1,1,3,1
q859,codeqa,How,def get Complex Polygon By Start End end Angle radius sides start Angle 0 0 if end Angle start Angle return get Complex Polygon complex radius sides start Angle angle Extent end Angle - start Angle side Angle 2 0 * math pi / float sides sides math ceil abs angle Extent / side Angle side Angle angle Extent / float sides complex Polygon []for side in xrange abs sides + 1 unit Polar get Widdershins Unit Polar start Angle complex Polygon append unit Polar * radius start Angle + side Anglereturn complex Polygon,How does the code get the complex polygon ?,by start and end angle,in a counterclockwise direction,1,1,3,1
q865,codeqa,For what purpose,def exif orientation im try exif im getexif except Exception exif Noneif exif orientation exif get 274 if orientation 2 im im transpose Image FLIP LEFT RIGHT elif orientation 3 im im transpose Image ROTATE 180 elif orientation 4 im im transpose Image FLIP TOP BOTTOM elif orientation 5 im im transpose Image ROTATE 270 transpose Image FLIP LEFT RIGHT elif orientation 6 im im transpose Image ROTATE 270 elif orientation 7 im im transpose Image ROTATE 90 transpose Image FLIP LEFT RIGHT elif orientation 8 im im transpose Image ROTATE 90 return im,For what purpose do an image flip ?,to respect the images exif orientation data,Image flipping,1,1,3,1
q873,codeqa,Where,"@when u'weinsertintotable' def step insert into table context context cli sendline u""insertintoa x values 'xxx' """,In which direction does the code send insert ?,into table,"Yes 
The code sends insert in the same direction.",1,1,3,1
q874,codeqa,How,def add callers target source new callers {}for func caller in target iteritems new callers[func] callerfor func caller in source iteritems if func in new callers new callers[func] tuple [ i[ 0 ] + i[ 1 ] for i in zip caller new callers[func] ] else new callers[func] callerreturn new callers,How do two caller lists combine ?,in a single list,They are merged into a single dictionary.,1,1,3,1
q877,codeqa,When,def append gentoo mirrors value return append var 'GENTOO MIRRORS' value,When does the code add to ?,in the make,MIRROORS,1,1,3,1
q881,codeqa,Where,def tabulate func start 0 return imap func count start,Where do the function tabulate ?,over,map,1,1,3,1
q885,codeqa,For what purpose,def margeff cov params dummy model cov margins params exog dummy ind method J for i in dummy ind exog 0 exog copy exog 1 exog copy exog 0 [ i] 0exog 1 [ i] 1dfdb 0 model derivative predict params exog 0 method dfdb 1 model derivative predict params exog 1 method dfdb dfdb 1 - dfdb 0 if dfdb ndim > 2 dfdb dfdb mean 0 if J > 1 K dfdb shape[ 1 ] // J - 1 cov margins[i K ] dfdbelse cov margins[i ] dfdbreturn cov margins,For what purpose does the jacobian return ?,for discrete regressors for use in margeff_cov_params,cov matrices,1,1,3,1
q886,codeqa,How,def run services services registry path forms DEFAULT REGISTRY PATH debug False config None app get app services registry path registry path debug debug config config app run,How do cgi request handle ?,using service mapping,It does not.,1,1,3,1
q888,codeqa,When,def lastmodified date obj web header ' Last- Modified' net httpdate date obj,When did header modify ?,last,25/07/2011,1,1,3,1
q891,codeqa,For what purpose,def publish file source None source path None destination None destination path None reader None reader name 'standalone' parser None parser name 'restructuredtext' writer None writer name 'pseudoxml' settings None settings spec None settings overrides None config section None enable exit status False output pub publish programmatically source class io File Input source source source path source path destination class io File Output destination destination destination path destination path reader reader reader name reader name parser parser parser name parser name writer writer writer name writer name settings settings settings spec settings spec settings overrides settings overrides config section config section enable exit status enable exit status return output,For what purpose did the code set a publisher ?,for programmatic use with file - like i / o,standalone,1,1,3,1
q892,codeqa,How,def dmp revert f g u K if not u return dup revert f g K else raise Multivariate Polynomial Error f g,How do f * * mod x**n compute ?,using newton iteration,in place,1,1,3,1
q897,codeqa,How,def roberts image mask None assert nD image 2 out np sqrt roberts pos diag image mask ** 2 + roberts neg diag image mask ** 2 out / np sqrt 2 return out,How does the code find the edge magnitude ?,using roberts cross operator,in the diagonal direction,1,1,3,1
q898,codeqa,How,def start event loop wx app None if app is None app get app wx if not is event loop running wx app app in event loop Trueapp Main Loop app in event loop Falseelse app in event loop True,How does the code start the wx event loop ?,in a consistent manner,app in event loop,1,1,3,1
q900,codeqa,Where,def enter maintenance mode kwargs None call None if call 'function' raise Salt Cloud System Exit ' Theenter maintenance modefunctionmustbecalledwith-for--function ' host name kwargs get 'host' if kwargs and 'host' in kwargs else None host ref salt utils vmware get mor by property get si vim Host System host name if not host name or not host ref raise Salt Cloud System Exit ' Youmustspecifyavalidnameofthehostsystem ' if host ref runtime in Maintenance Mode return {host name 'alreadyinmaintenancemode'}try task host ref Enter Maintenance Mode timeout 0 evacuate Powered Off Vms True salt utils vmware wait for task task host name 'entermaintenancemode' except Exception as exc log error ' Errorwhilemovinghostsystem{ 0 }inmaintenancemode {1 }' format host name exc exc info on loglevel logging DEBUG return {host name 'failedtoentermaintenancemode'}return {host name 'enteredmaintenancemode'},Where do the specified host system put in maintenance mode ?,in this vmware environment cli example,Enter maintenance mode,1,1,3,1
q901,codeqa,How,def do query lib query album also items True if album albums list lib albums query items []if also items for al in albums items + al items else albums []items list lib items query if album and not albums raise ui User Error u' Nomatchingalbumsfound ' elif not album and not items raise ui User Error u' Nomatchingitemsfound ' return items albums,How do commands operate ?,on matched items,in parallel,1,1,3,1
q907,codeqa,How,def create python 27 stop cmd port stop cmd '/usr/bin/python 2 { 0 }/scripts/stop service pydev appserver py{ 1 }' format constants APPSCALE HOME port return stop cmd,How is by a port number identified an application ?,uniquely,by the number 1,1,1,3,1
q910,codeqa,How,def dup trunc f p K if K is ZZ g []for c in f c c % p if c > p // 2 g append c - p else g append c else g [ c % p for c in f]return dup strip g,By how much does the code reduce a k[x ] polynomial ?,modulo a constant p in k,1,1,1,3,1
q911,codeqa,How,def header decode s s s replace ' ' '' return re sub ' \\w{ 2 }' unquote match s,How did a string encode ?,with rfc 2045 mime header q encoding,It does not encode a string.,1,1,3,1
q921,codeqa,Where,def read fixture lines filename lines []for line in codecs open filename u'rb' encoding u'utf- 8 ' lines append line strip return lines,In which direction do lines of text read ?,from file,in both directions,1,1,3,1
q925,codeqa,How,def task test return {'task dep' ['locale' 'doctest'] 'actions' ['py testtests/']},How do code run ?,unit - tests,It does not run.,1,1,3,1
q928,codeqa,When,def add lazy relation cls field relation operation if relation RECURSIVE RELATIONSHIP CONSTANT app label cls meta app labelmodel name cls name else try app label model name relation split ' ' except Value Error app label cls meta app labelmodel name relationexcept Attribute Error app label relation meta app labelmodel name relation meta object namemodel get model app label model name False if model operation field model cls else key app label model name value cls field operation pending lookups setdefault key [] append value,When does the code add a lookup on cls ?,when a related field is defined using a string,When the code encounters a missing value for the key 'cls'.,1,1,3,1
q929,codeqa,How,def add lazy relation cls field relation operation if relation RECURSIVE RELATIONSHIP CONSTANT app label cls meta app labelmodel name cls name else try app label model name relation split ' ' except Value Error app label cls meta app labelmodel name relationexcept Attribute Error app label relation meta app labelmodel name relation meta object namemodel get model app label model name False if model operation field model cls else key app label model name value cls field operation pending lookups setdefault key [] append value,How is a related field defined when ?,using a string,descending order,1,1,3,1
q933,codeqa,How,def diff dict orig new result dict k ['-'] for k in set orig keys - set new keys for key value in new items if key not in orig or value orig[key] result[key] ['+' value]return result,How do orig change to new ?,how,in-place,1,1,3,1
q937,codeqa,When,def xml str s encoded str smart str s encoding 'utf 8 ' errors 'xmlcharrefreplace' encoded str re sub INVALID XML '?' encoded str return encoded str,When do encoding errors avoid ?,while generating objects utf8 byte - string representations,xmlcharrefreplace,1,1,3,1
q959,codeqa,How,def sort seq gaps [x for x in range len seq // 2 0 -1 ]for gap in gaps for i in range gap len seq temp seq[i]j iwhile j > gap and seq[ j - gap ] > temp seq[j] seq[ j - gap ]j - gapseq[j] tempreturn seq,How does the code sort them ?,in ascending order,in-place,1,1,3,1
q960,codeqa,How,def set name path cmd [ get cmd '--set' name path]out salt ['cmd run all'] cmd python shell False if out['retcode'] > 0 return out['stderr']return out['stdout'],How do the alternative < path > for < name > set ?,manually,in-place,1,1,3,1
q970,codeqa,How,def escape u if not isinstance u unicode raise Value Error ' Onlyunicodeobjectsareescapable ' return urllib quote u encode 'utf- 8 ' safe '~',How do a string escape ?,in an oauth - compatible fashion,in utf-8,1,1,3,1
q974,codeqa,How,def lazy re compile regex flags 0 def compile if isinstance regex str return re compile regex flags else assert not flags 'flagsmustbeemptyifregexispassedpre-compiled'return regexreturn Simple Lazy Object compile,How do a regex compile ?,lazily,in-place,1,1,3,1
q977,codeqa,Where,def batch flatten x x tf reshape x stack [ -1 prod shape x [1 ] ] return x,Where is the first dimension conserved ?,a 2d tensor,last,1,1,3,1
q981,codeqa,For what purpose,def compute targets ex rois gt rois labels assert ex rois shape[ 0 ] gt rois shape[ 0 ] assert ex rois shape[ 1 ] 4 assert gt rois shape[ 1 ] 4 targets bbox transform ex rois gt rois if BBOX NORMALIZE TARGETS PRECOMPUTED targets targets - np array BBOX NORMALIZE MEANS / np array BBOX NORMALIZE STDS return np hstack labels[ np newaxis] targets astype np float 32 copy False,For what purpose do bounding - box regression targets compute ?,for an image,BBOX NORMALIZE TARGETS,1,1,3,1
q984,codeqa,How,def t2 b t clean b rws t if len clean % 2 1 print cleanraise Value Error ' Evennumberofcharactersexpected' return a2 b hex clean,How does the code convert a text string to a byte string ?,with bytes in hex form,It does not convert the text string to a byte string.,1,1,3,1
q985,codeqa,When,def compute *args **kwargs args [delayed a for a in args]return base compute *args **kwargs,When did more than one delay ?,at once,"Yes
Because the function name is `compute` and it has `*args` and `**kwargs`.",1,1,3,1
q986,codeqa,How,def safe repr o return safe Format repr o,How does a string representation of an object return safe_repr - > ?,string,"in the same format as the examples, the answer is: in the same format",1,1,3,1
q987,codeqa,How,def styleof expr styles default styles style dict for typ sty in styles if isinstance expr typ style update sty return style,How do style dictionaries merge ?,in order,in-place,1,1,3,1
q991,codeqa,When,def fix IE for vary request response useragent request META get 'HTTP USER AGENT' '' upper if 'MSIE' not in useragent and 'CHROMEFRAME' not in useragent return responsesafe mime types 'text/html' 'text/plain' 'text/sgml' if response[' Content- Type'] split ' ' [0 ] not in safe mime types try del response[' Vary']except Key Error passreturn response,When will this function fix the bug reported at URL by clearing the vary header ?,whenever the mime - type is not safe enough for internet explorer to handle,When the 'Vary' header is present in the response.,1,1,3,1
q992,codeqa,Where,def fix IE for vary request response useragent request META get 'HTTP USER AGENT' '' upper if 'MSIE' not in useragent and 'CHROMEFRAME' not in useragent return responsesafe mime types 'text/html' 'text/plain' 'text/sgml' if response[' Content- Type'] split ' ' [0 ] not in safe mime types try del response[' Vary']except Key Error passreturn response,Where did the bug report ?,at URL,HTTP USER AGENT,1,1,3,1
q993,codeqa,When,def fix IE for vary request response useragent request META get 'HTTP USER AGENT' '' upper if 'MSIE' not in useragent and 'CHROMEFRAME' not in useragent return responsesafe mime types 'text/html' 'text/plain' 'text/sgml' if response[' Content- Type'] split ' ' [0 ] not in safe mime types try del response[' Vary']except Key Error passreturn response,When do the vary header clear ?,whenever the mime - type is not safe enough for internet explorer to handle,When the 'Vary' header is not present in the response.,1,1,3,1
q996,codeqa,How,def zstat generic value 1 value 2 std diff alternative diff 0 zstat value 1 - value 2 - diff / std diff if alternative in ['two-sided' '2 -sided' '2 s'] pvalue stats norm sf np abs zstat * 2 elif alternative in ['larger' 'l'] pvalue stats norm sf zstat elif alternative in ['smaller' 's'] pvalue stats norm cdf zstat else raise Value Error 'invalidalternative' return zstat pvalue,How can generic z - test to save typing be used as ztest ?,based on summary statistics,Can be used as a class method.,1,1,3,1
q997,codeqa,How,def coding spec data if isinstance data bytes lines data decode 'iso- 8859 - 1 ' else lines dataif '\n' in lines lst lines split '\n' 2 [ 2]elif '\r' in lines lst lines split '\r' 2 [ 2]else lst [lines]for line in lst match coding re match line if match is not None breakif not blank re match line return Noneelse return Nonename match group 1 try codecs lookup name except Lookup Error raise Lookup Error ' Unknownencoding ' + name return name,How does the code return the encoding declaration ?,according to pep 263,the encoding declaration,1,1,3,1
q1005,codeqa,How,def parse params term keys ['key' 'type' 'section' 'file' 're' 'default']params {}for k in keys params[k] ''thiskey 'key'for idp phrase in enumerate term split for k in keys if '%s ' % k in phrase thiskey kif idp 0 or not params[thiskey] params[thiskey] phraseelse params[thiskey] + '' + phrase rparams [params[x] for x in keys if params[x]]return rparams,How did parameter split ?,safely,in place,1,1,3,1
q1011,codeqa,How,def build doc doc opts doclist doc split u'\n' newdoc []flags doc []for line in doclist linelist line split if not linelist continueif u' ' in linelist[ 0 ] flag linelist[ 0 ] split u' ' [0 ]else flag linelist[ 0 ]attr opts get flag if attr is not None linelist[ 0 ] u'%s \n' % str attr newline u'' join linelist newdoc append newline elif line[ 0 ] isspace flags doc append line return format params newdoc flags doc,How do documentation str ?,string,in-place,1,1,3,1
q1012,codeqa,When,def next monday or tuesday dt dow dt weekday if dow 5 or dow 6 return dt + timedelta 2 elif dow 0 return dt + timedelta 1 return dt,When does holiday fall ?,on saturday,Monday,1,1,3,1
q1015,codeqa,How,def get Geometry Output By Arguments arguments xml Element derivation SVG Derivation derivation svg Reader parse SVG '' arguments[ 0 ] return get Geometry Output derivation xml Element,How does the code get vector3 vertexes from attribute dictionary ?,by arguments,No,1,1,3,1
q1017,codeqa,When,def test error wrong object smote 'rnd'tomek 'rnd'smt SMOTE Tomek smote smote random state RND SEED assert raises Value Error smt fit X Y smt SMOTE Tomek tomek tomek random state RND SEED assert raises Value Error smt fit X Y,When is an error raised ?,while wrong objects are provided at the initialization,Value Error,1,1,3,1
q1023,codeqa,How,def avoid wrapping value return value replace '' '\xa 0 ',How do text wrapping in the middle of a phrase avoid ?,by adding non - breaking spaces where there previously were normal spaces,it does not,1,1,3,1
q1024,codeqa,When,def avoid wrapping value return value replace '' '\xa 0 ',When do normal spaces be non - breaking spaces ?,previously,When normal spaces are non-breaking spaces.,1,1,3,1
q1037,codeqa,Where,def ctype to model val if isinstance val dict and 'pk' in val and 'ctype' in val ctype Content Type objects get for id val['ctype'] Model Class ctype model class val Model Class objects get pk val['pk'] return val,In which direction does the instance saved by model_to_ctype function convert ?,back,ascending,1,1,3,1
q1039,codeqa,Where,@receiver Signal Handler course published def listen for course publish sender course key **kwargs try verified mode Course Mode objects get course id course key mode slug Course Mode VERIFIED if should update date verified mode course modulestore get course course key if not course return Noneverification window Course Mode Expiration Config current verification windownew expiration datetime course end - verification window if verified mode expiration datetime new expiration datetime verified mode expiration datetime new expiration datetimeverified mode save except Object Does Not Exist pass,Where has a course been published ?,in studio,Course Mode,1,1,3,1
q1040,codeqa,How,def test cat to polor test data polar cats level 0 len test data auto data[['cyl']] drop duplicates level 1 len test data auto data[['cyl' 'origin']] drop duplicates num groups level 0 + level 1 assert len polar cats num groups,How did example know ?,check,assert,1,1,3,1
q1041,codeqa,Where,def extract possible number number match VALID START CHAR PATTERN search number if match number number[match start ]trailing chars match UNWANTED END CHAR PATTERN search number if trailing chars match number number[ trailing chars match start ]second number match SECOND NUMBER START PATTERN search number if second number match number number[ second number match start ]return numberelse return U EMPTY STRING,In which direction did the string pass ?,in,Forward,1,1,3,1
q1042,codeqa,For what purpose,def get buckets cache filename cache dir get cache dir if not os path exists cache dir os makedirs cache dir return os path join cache dir 'buckets files cache',For what purpose do the filename of the cache return ?,for bucket contents,The filename of the cache.,1,1,3,1
q1044,codeqa,How,def col scale x s if x format 'csc' return Col Scale CSC x s elif x format 'csr' return Row Scale CSC x T s Telse raise Not Implemented Error,How do each columns of a sparse matrix scale ?,by the corresponding element of a dense vector,Row Scale,1,1,3,1
q1046,codeqa,Where,def stitch rows raw rows try max len max len x for x in raw rows for row in raw rows assert len row max len except Assertion Error for idx row in enumerate raw rows if len row max len assert len row + 2 max len raw rows[idx] [ '' * len row[ 0 ] ] + row + [ '' * len row[ 0 ] ] cmbn rows []for idx row in enumerate raw rows[ 0 ] cmbn row '' join aln row[idx] for aln row in raw rows cmbn rows append cmbn row if len cmbn rows 5 cmbn rows[ 0 ] cmbn rows[ 1 ] flip codons cmbn rows[ 0 ] cmbn rows[ 1 ] cmbn rows[ 4 ] cmbn rows[ 3 ] flip codons cmbn rows[ 4 ] cmbn rows[ 3 ] return cmbn rows,Where does them return ?,in a list,rows,1,1,3,1
q1047,codeqa,How,def autoscroll sbar first last first last float first float last if first < 0 and last > 1 sbar grid remove else sbar grid sbar set first last,How do scrollbar hide ?,as needed,scrollbar hide,1,1,3,1
q1048,codeqa,How,def autoscroll sbar first last first last float first float last if first < 0 and last > 1 sbar grid remove else sbar grid sbar set first last,How do scrollbar show ?,as needed,scrollbar show,1,1,3,1
q1052,codeqa,How,def empty asset trashcan course locs store contentstore 'trashcan' for course loc in course locs thumbs store get all content thumbnails for course course loc for thumb in thumbs print ' Deleting{ 0 } ' format thumb store delete thumb[' id'] assets store get all content for course course loc for asset in assets print ' Deleting{ 0 } ' format asset store delete asset[' id'],How will this method delete all assets from the trashcan ?,hard,Deleting all assets from the trashcan.,1,1,3,1
q1056,codeqa,When,def render template text context None template engines[u'django'] from string text if not context context {}return template render context,When does a template text load bootstrap3 ?,first,No,1,1,3,1
q1058,codeqa,How,def parse build encoded data pointer 0 spec None spec params None info new pointer parse encoded data len encoded data pointer return build spec spec spec params spec params *info new pointer,How does a byte string parse ?,generically,It does not.,1,1,3,1
q1059,codeqa,Where,def enabled app id for a in get assistive access if app id a[ 0 ] and a[ 1 ] '1 ' return Truereturn False,Where is a bundle i d or command listed ?,in assistive access,bundle id,1,1,3,1
q1060,codeqa,Where,def enable name **kwargs if service is upstart name return upstart enable name else return sysv enable name,Where do the named service start ?,at boot cli example,sysv,1,1,3,1
q1062,codeqa,How,@not implemented for 'undirected' def number weakly connected components G return len list weakly connected components G,How did components connect ?,weakly,They do not connect.,1,1,3,1
q1071,codeqa,When,def truncateletters value arg from django extensions utils text import truncate letterstry length int arg except Value Error return valuereturn truncate letters value length,When does the code truncate a string ?,after a certain number of letters argument,When the code truncates a string.,1,1,3,1
q1079,codeqa,How,def get schema for action parameters action db from st 2 common util action db import get runnertype by namerunner type get runnertype by name action db runner type['name'] parameters schema {}deep update parameters schema runner type runner parameters deep update parameters schema action db parameters runner parameter names runner type runner parameters keys for name schema in six iteritems action db parameters if name not in runner parameter names continuefor attribute value in six iteritems schema runner param value runner type runner parameters[name] get attribute validate runner parameter attribute override action ref action db ref param name name attr name attribute runner param attr value runner param value action param attr value value schema get schema for resource parameters parameters schema parameters schema if parameters schema schema['title'] action db nameif action db description schema['description'] action db descriptionreturn schema,How do json schema construct from the parameters metadata for the provided action ?,dynamically,JSON schema,1,1,3,1
q1080,codeqa,When,def test allknn sample wt fit allknn All KNN random state RND SEED assert raises Runtime Error allknn sample X Y,When is an error raised ?,when sample is called before fitting,Runtime Error,1,1,3,1
q1081,codeqa,Where,def run command log command filter identity return Effect Run command command log command filter log command filter,Where does the code run a shell command ?,on a remote host,shell,1,1,3,1
q1084,codeqa,Where,def is callable handle return isinstance handle collections Callable,In which direction did the handle pass ?,in,"Yes, in both directions.",1,1,3,1
q1090,codeqa,How,def sort seq if len seq 1 return seqrandom seed while not is sorted seq if len seq 2 i 0j 1else i random randint 0 len seq - 2 j random randint i len seq - 1 seq[i] seq[j] seq[j] seq[i] return seq,How does the code sort them ?,in ascending order,in-place,1,1,3,1
q1093,codeqa,When,def search list list provided for i in range len list provided - 1 if not list provided[i] in list provided[ i + 1 ] and not list provided[i] in list provided[ i] ' Ifthesamenumberisnotpresentbeforeorafterinthelistthen\nreturnthenumber'return str list provided[i] break,When are characters represented ?,only once,as strings,1,1,3,1
q1096,codeqa,How,def create instance c instance return Generic Script c instance Live Midi Map Map Mode absolute Live Midi Map Map Mode absolute DEVICE CONTROLS TRANSPORT CONTROLS VOLUME CONTROLS TRACKARM CONTROLS BANK CONTROLS CONTROLLER DESCRIPTIONS,How can the generic script be customised ?,by using parameters,"No, it cannot be customised.",1,1,3,1
q1102,codeqa,Where,def enable name **kwargs if 'runlevels' in kwargs requested levels set kwargs['runlevels'] if isinstance kwargs['runlevels'] list else [kwargs['runlevels']] enabled levels disabled levels enable delta name requested levels commands []if disabled levels commands append enable disable cmd name 'delete' disabled levels if enabled levels commands append enable disable cmd name 'add' enabled levels if not commands return Trueelse commands [ enable disable cmd name 'add' ]for cmd in commands if ret code cmd return Falsereturn True,Where do the named service start ?,at boot cli example,disabled levels,1,1,3,1
q1108,codeqa,How,def safe delete filename try os unlink filename except OS Error as e if e errno errno ENOENT raise,How does the code delete a file ?,safely,It does not delete the file.,1,1,3,1
q1118,codeqa,Where,def get matching docs dirname suffix exclude docs exclude dirs exclude trees exclude dirnames pattern '*' + suffix dirname path normpath path abspath dirname dirlen len dirname + 1 for root dirs files in walk dirname followlinks True if root[dirlen ] in exclude dirs continueif root[dirlen ] in exclude trees del dirs[ ]continuedirs sort files sort for prunedir in exclude dirnames if prunedir in dirs dirs remove prunedir for sfile in files if not fnmatch fnmatch sfile pattern continuequalified name path join root[dirlen ] sfile[ - len suffix ] qualified name qualified name replace os path sep SEP if qualified name in exclude docs continue yield qualified name,Where do all file names match a suffix ?,in a directory,in the excluded docs,1,1,3,1
q1120,codeqa,How,def quote And Escape string assert type string in types String Types return pprint pformat string,How are characters represented in python ?,via escape sequences converted to those escape sequences,unicode,1,1,3,1
q1126,codeqa,How,def tamper payload **kwargs ret Val payloadif payload ret Val ''i 0while i < len payload if payload[i] '%' and i < len payload - 2 and payload[ i + 1 i + 2 ] in string hexdigits and payload[ i + 2 i + 3 ] in string hexdigits ret Val + '%%u 00 %s' % payload[ i + 1 i + 3 ] i + 3else ret Val + '%%u% 4X' % ord payload[i] i + 1return ret Val,By how much did characters encode ?,non,2,1,1,3,1
q1129,codeqa,For what purpose,def hadoop cmd module command *args out Noneif module and command if module in authorized modules cmd 'hadoop{ 0 }-{ 1 }{ 2 }' format module command '' join args out salt ['cmd run'] cmd python shell False else return ' Error Unknownmodule'else return ' Error Moduleandcommandnotdefined'return out,For what purpose does hadoop command template : hadoop module -command args e follow ?,in order to prevent random execution,run,1,1,3,1
q1135,codeqa,When,def get admin users admins return [get user email e for e in admins],When will it have checked for emails that do nt match osf users if used in conjunction with meetingform ?,already,No,1,1,3,1
q1136,codeqa,Where,def savepoint rollback sid using None if using is None using DEFAULT DB ALIA Sconnection connections[using]connection savepoint rollback sid,In which direction does the most recent savepoint roll ?,back,Forward,1,1,3,1
q1137,codeqa,Where,def detect text cloud storage uri vision client vision Client image vision client image source uri uri texts image detect text print ' Texts 'for text in texts print text description,Where does text detect ?,in the file located in google cloud storage,image,1,1,3,1
q1145,codeqa,How,def store ctx x if not hasattr x 'ctx' returnx ctx ast Store if isinstance x ast Tuple ast List for e in x elts store ctx e elif isinstance x ast Starred store ctx x value,How does ctx set to ast ?,recursively,Store,1,1,3,1
q1147,codeqa,How,def setup templates *args **kwargs test once kwargs get 'test once' False for arg in args templates update arg templates['inclusion html'] '{{result}}'loaders [ 'django template loaders cached Loader' [ 'django template loaders locmem Loader' templates ] ]def decorator func @override settings TEMPLATES None @functools wraps func def inner self libraries getattr self 'libraries' {} self engine Engine libraries libraries loaders loaders func self if test once returnfunc self self engine Engine libraries libraries loaders loaders string if invalid 'INVALID' func self func self self engine Engine debug True libraries libraries loaders loaders func self func self return innerreturn decorator,How does test method run multiple times ?,in the following order,"Yes 
It runs once.",1,1,3,1
q1148,codeqa,How,def test finder installs pre releases with version spec req Install Requirement from line 'bar> 0 0 dev 0 ' None links ['https //foo/bar- 1 0 tar gz' 'https //foo/bar- 2 0b 1 tar gz']finder Package Finder links [] session Pip Session with patch object finder ' get pages' lambda x y [] link finder find requirement req False assert link url 'https //foo/bar- 2 0b 1 tar gz' links reverse finder Package Finder links [] session Pip Session with patch object finder ' get pages' lambda x y [] link finder find requirement req False assert link url 'https //foo/bar- 2 0b 1 tar gz',How does test packagefinder accept stable versioned releases only ?,by default,It does not.,1,1,3,1
q1157,codeqa,Where,def parse s3 uri uri components urlparse uri if components scheme not in 's 3 ' 's 3 n' or '/' not in components path raise Value Error ' Invalid S 3 URI %s' % uri return components netloc components path[ 1 ],In which direction do an s3 uri parse ?,into,ascending,1,1,3,1
q1161,codeqa,How,def dist is local dist return is local dist location dist,How is given distribution object installed ?,locally,It is installed via pip.,1,1,3,1
q1167,codeqa,How,@staff member requireddef ssh request can generate can generate key action request POST get u'action' None if can generate and action u'generate' generate ssh key request key get key data if action u'add-host' add host key request context admin context request context[u'public key'] keycontext[u'can generate'] can generatecontext[u'host keys'] get host keys context[u'ssh docs'] weblate get doc url u'admin/projects' u'private' return render request u'admin/ssh html' context,How do information show ?,with,render,1,1,3,1
q1172,codeqa,How,def mount device mountpoint run process ['mount' device path mountpoint path],How do a filesystem mount ?,synchronously,in-place,1,1,3,1
q1174,codeqa,How,def test amo locale not in django activate 'mn' en trans real translations['en-US']mn trans real translations['mn']assert en mn assert en catalog mn catalog,How do we load gettext catalogs ?,in this order : django / locale / django,The code loads gettext catalogs using the `gettext` function.,1,1,3,1
q1182,codeqa,How,def get all types context inactive 0 search opts {} vol types db volume type get all context inactive if search opts LOG debug ' Searchingby %s' % str search opts def check extra specs match vol type searchdict for k v in searchdict iteritems if k not in vol type['extra specs'] keys or vol type['extra specs'][k] v return Falsereturn Truefilter mapping {'extra specs' check extra specs match}result {}for type name type args in vol types iteritems for opt values in search opts iteritems try filter func filter mapping[opt]except Key Error continueelse if filter func type args values result[type name] type argsbreakvol types resultreturn vol types,How did volume_types delete ?,non,None,1,1,3,1
q1183,codeqa,Where,"def dmp pow f n u K if not u return dup pow f n K if not n return dmp one u K if n < 0 raise Value Error ""can'traisepolynomialtoanegativepower"" if n 1 or dmp zero p f u or dmp one p f u K return fg dmp one u K while True n m n // 2 n if m & 1 g dmp mul g f u K if not n breakf dmp sqr f u K return g",Where does the code raise f ?,in k[x ],Value Error,1,1,3,1
q1193,codeqa,How,def proxy functions proxy return {'proxy functions' proxy['ssh sample fns'] },How will the loader execute functions ?,with one argument,"It does not execute functions, it returns a dictionary.",1,1,3,1
q1202,codeqa,When,"def repo exists module repodata overwrite multiple existing repos parse repos module repos []for kw in ['alias' 'url'] name repodata[kw]for oldr in existing repos if repodata[kw] oldr[kw] and oldr not in repos repos append oldr if len repos 0 return False False None elif len repos 1 has changes repo changes repos[ 0 ] repodata return True has changes repos elif len repos > 2 if overwrite multiple return True True repos else errmsg ' Morethanonerepomatched""%s"" ""%s"" ' % name repos errmsg + ' Useoverwrite multipletoallowmorethanonerepotobeoverwritten'module fail json msg errmsg",When do the repository exist ?,already,When the repository does not exist.,1,1,3,1
q1204,codeqa,For what purpose,def publish doctree source source path None source class io String Input reader None reader name 'standalone' parser None parser name 'restructuredtext' settings None settings spec None settings overrides None config section None enable exit status False pub Publisher reader reader parser parser writer None settings settings source class source class destination class io Null Output pub set components reader name parser name 'null' pub process programmatic settings settings spec settings overrides config section pub set source source source path pub set destination None None output pub publish enable exit status enable exit status return pub document,For what purpose did the code run a publisher ?,for programmatic use with string i / o,publish document,1,1,3,1
q1205,codeqa,For what purpose,def publish doctree source source path None source class io String Input reader None reader name 'standalone' parser None parser name 'restructuredtext' settings None settings spec None settings overrides None config section None enable exit status False pub Publisher reader reader parser parser writer None settings settings source class source class destination class io Null Output pub set components reader name parser name 'null' pub process programmatic settings settings spec settings overrides config section pub set source source source path pub set destination None None output pub publish enable exit status enable exit status return pub document,For what purpose did the code set a publisher ?,for programmatic use with string i / o,set the publisher to 'null',1,1,3,1
q1212,codeqa,For what purpose,def get course and check access course key user depth 0 if not has studio read access user course key raise Permission Denied course module modulestore get course course key depth depth return course module,For what purpose did the locator and course module calculate in this file ?,for the view functions,Permission Denied,1,1,3,1
q1213,codeqa,For what purpose,def get course and check access course key user depth 0 if not has studio read access user course key raise Permission Denied course module modulestore get course course key depth depth return course module,For what purpose do the locator and course module return in this file ?,for the view functions,The course module.,1,1,3,1
q1214,codeqa,How,"@ File System in directory current directory 'django' 'grocery' def test django admin media serving on django 125 os environ['PYTHONPATH'] '%s %s' % File System join lib directory ' Django- 1 2 5' OLD PYTHONPATH status out commands getstatusoutput 'pythonmanage pyharvest--verbosity 2 /features/' assert equals status 0 out lines out splitlines f '\n\n'f + '*' * 100 f + '\n' + '\n' join lines assert u"" Preparingtoservedjango'sadminsitestaticfiles "" in lines fassert u"" Django'sbuiltinserverisrunningat 0 0 0 0 7000 "" in lines fassert u' Runningonport 7000 OK' in lines fassert u' Fetchingadminmedia OK' in lines fassert u' Fetchingstaticfiles OK' in lines fassert u' Fetching CS Sfiles OK' in lines fassert u' Fetchingjavascriptfiles OK' in lines f",How should lettuce serve admin static files on django 1 ?,properly,OK,1,1,3,1
q1215,codeqa,Where,"@ File System in directory current directory 'django' 'grocery' def test django admin media serving on django 125 os environ['PYTHONPATH'] '%s %s' % File System join lib directory ' Django- 1 2 5' OLD PYTHONPATH status out commands getstatusoutput 'pythonmanage pyharvest--verbosity 2 /features/' assert equals status 0 out lines out splitlines f '\n\n'f + '*' * 100 f + '\n' + '\n' join lines assert u"" Preparingtoservedjango'sadminsitestaticfiles "" in lines fassert u"" Django'sbuiltinserverisrunningat 0 0 0 0 7000 "" in lines fassert u' Runningonport 7000 OK' in lines fassert u' Fetchingadminmedia OK' in lines fassert u' Fetchingstaticfiles OK' in lines fassert u' Fetching CS Sfiles OK' in lines fassert u' Fetchingjavascriptfiles OK' in lines f",Where should lettuce serve admin static files properly ?,on django 1,directory 'django',1,1,3,1
q1218,codeqa,How,def cryptovariables equal x y return hmac sha 256 CRYPTOVARIABLE EQUALITY COMPARISON NONCE x hmac sha 256 CRYPTOVARIABLE EQUALITY COMPARISON NONCE y,How does two strings compare for equality ?,securely,No,1,1,3,1
q1220,codeqa,When,@contextmanagerdef open atomic filepath *args **kwargs fsync kwargs pop 'fsync' False with tempfile dir os path dirname filepath as tmppath with open tmppath *args **kwargs as f yield f if fsync f flush os fsync file fileno os rename tmppath filepath,When does temporary file object move temporary file object atomically ?,upon exiting,When the `fsync` parameter is `True`.,1,1,3,1
q1221,codeqa,Where,def enable name **kwargs osmajor osrel [0 ]if osmajor < '6 ' cmd 'update-rc d-f{ 0 }defaults 99 ' format cmd quote name else cmd 'update-rc d{ 0 }enable' format cmd quote name try if int osmajor > 6 cmd 'insserv{ 0 }&&' format cmd quote name + cmd except Value Error osrel osrel if osrel 'testing/unstable' or osrel 'unstable' or osrel endswith '/sid' cmd 'insserv{ 0 }&&' format cmd quote name + cmd return not salt ['cmd retcode'] cmd python shell True,Where do the named service start ?,at boot cli example,in /etc/rc.d,1,1,3,1
q1224,codeqa,How,def get Cylindrical azimuth Degrees radius 1 0 z 0 0 return get Cylindrical By Radians math radians azimuth Degrees radius z,How does the code get the cylindrical vector3 ?,by degrees,in radians,1,1,3,1
q1226,codeqa,How,def parse graphml graphml string node type str reader Graph ML Reader node type node type glist list reader string graphml string return glist[ 0 ],How do graph read from string ?,in graphml format,in XML format,1,1,3,1
q1230,codeqa,Where,def check valid naming pattern None multi None anime type None if pattern is None pattern sickbeard NAMING PATTER Nif anime type is None anime type sickbeard NAMING ANIM Elogger log u' Checkingwhetherthepattern' + pattern + u'isvalidforasingleepisode' logger DEBUG valid validate name pattern None anime type if multi is not None logger log u' Checkingwhetherthepattern' + pattern + u'isvalidforamultiepisode' logger DEBUG valid valid and validate name pattern multi anime type return valid,In which direction can the name be parsed to its original form for both single and multi episodes ?,back,ascending,1,1,3,1
q1231,codeqa,When,def only active assets reference date value assets return [a for a in assets if was active reference date value a ],When were just assets were alive ?,at the time,the alive date,1,1,3,1
q1232,codeqa,How,def main option parser opts args parse command line parameters **script info data {}fasta file opts input fasta fpdata['aln'] Sequence Collection from fasta records parse fasta open fasta file DNA otu path opts otu map fpotu f open otu path 'U' otus fields to dict otu f otu f close data['otus'] otusif opts samples to extract prefs process extract samples opts samples to extract filepath opts input fasta fpfilename filepath strip split '/' [ -1 ]filename filename split ' ' [0 ]if opts output dir if os path exists opts output dir dir path opts output direlse try os mkdir opts output dir dir path opts output direxcept OS Error passelse dir path ' /'try action filter samplesexcept Name Error action Noneif action action prefs data dir path filename,How does files open ?,as necessary,open,1,1,3,1
q1234,codeqa,How,def start name cmd 's 6 -svc-u{ 0 }' format service path name return not salt ['cmd retcode'] cmd,How does service start ?,via s6 cli example,in the background,1,1,3,1
q1240,codeqa,How,def linebreaks value autoescape None from django utils html import linebreaksautoescape autoescape and not isinstance value Safe Data return mark safe linebreaks value autoescape,How does line breaks replace with appropriate html ?,in plain text,autoescape,1,1,3,1
q1247,codeqa,How,def check cli module cli name module params['pn name']global VROUTER EXISTS VROUTER NAME EXIST Slocation cli + 'switch-setup-showformatswitch-name' location shlex split location out module run command location [1 ]location out split [1 ]check vrouter cli + 'vrouter-showlocation%s' % location check vrouter + 'formatnameno-show-headers'check vrouter shlex split check vrouter out module run command check vrouter [1 ]if out VROUTER EXISTS Trueelse VROUTER EXISTS Falseshow cli + 'vrouter-showformatnameno-show-headers' show shlex split show out module run command show [1 ]out out split if name in out VROUTER NAME EXISTS Trueelse VROUTER NAME EXISTS False,How does this method check for idempotency ?,using the vlan - show command,It does not check for idempotency.,1,1,3,1
q1251,codeqa,Where,def stop path service names None project load project path debug ret {}result {}if isinstance project dict return projectelse try project stop service names if debug for container in project containers stopped True if service names is None or container get ' Name' [1 ] in service names container inspect if not inspected debug ret[container get ' Name' ] container inspect result[container get ' Name' ] 'stopped'except Exception as inst return handle except inst return standardize result True ' Stoppingcontainersviadocker-compose' result debug ret,Where do running containers stop ?,in the docker - compose file,in the current project directory,1,1,3,1
q1253,codeqa,When,def erfc x z abs x t 1 0 / 1 + 0 5 * z r 0 0for y in 0 17087277 -0 82215223 1 48851587 -1 13520398 0 27886807 -0 18628806 0 09678418 0 37409196 1 00002368 -1 26551223 r y + t * r r t * exp - z ** 2 + r if x > 0 return rreturn 2 0 - r,When does the complementary error function return ?,at x,0,1,1,3,1
q1262,codeqa,How,def fixed ip disassociate context address return IMPL fixed ip disassociate context address,How does the code disassociate a fixed ip from an instance ?,by address,It does not exist.,1,1,3,1
q1265,codeqa,When,def find monitor cs monitor return utils find resource cs monitors monitor,When d the code get a monitor ?,by i d,"When does the code get a monitor?
The monitor",1,1,3,1
q1268,codeqa,How,def register shape i c code typ code check input version Shape i c code and version[typ] code check input version,How do c code for a theano type generate ?,how,"def generate_c_code(typ, version) : return f""/* {typ} version {version} */""",1,1,3,1
q1269,codeqa,How,def Tm Wallace seq check True strict True seq str seq if check seq check seq ' Tm Wallace' melting temp 2 * sum map seq count 'A' 'T' 'W' + 4 * sum map seq count 'C' 'G' 'S' tmp 3 * sum map seq count 'K' 'M' 'N' 'R' 'Y' + 10 / 3 0 * sum map seq count 'B' 'V' + 8 / 3 0 * sum map seq count 'D' 'H' if strict and tmp raise Value Error 'ambiguousbases B D H K M N R V Ynot' + 'allowedwhenstrict True' else melting temp + tmpreturn melting temp,How do the tm return ?,using the wallace rule,melting temp,1,1,3,1
q1271,codeqa,How,@task aliases ['pack'] def webpack ctx clean False watch False dev False colors False if clean clean assets ctx webpack bin os path join HERE 'node modules' 'webpack' 'bin' 'webpack js' args [webpack bin]args + ['--progress']if watch args + ['--watch']if colors args + ['--colors']config file 'webpack dev config js' if dev else 'webpack prod config js' args + ['--config{ 0 }' format config file ]command '' join args ctx run command echo True,How does the code build static assets ?,with webpack,It does not build static assets.,1,1,3,1
q1272,codeqa,How,def check is admin context init credentials context to policy values target credentialsreturn ENFORCER authorize 'context is admin' target credentials,How does roles contain admin role ?,according to policy setting,"Yes 
it contains",1,1,3,1
q1276,codeqa,How,def replace file file name data base dir os path dirname os path abspath file name tmp file tempfile Named Temporary File 'w+' dir base dir delete False tmp file write data tmp file close os chmod tmp file name 420 os rename tmp file name file name,How does the contents of file_name replace with data ?,in a safe manner,It does not.,1,1,3,1
q1278,codeqa,For what purpose,def Reader database return open database database,For what purpose does this exist ?,for backwards compatibility,database file,1,1,3,1
q1279,codeqa,How,def filter traceback entry raw filename entry frame code raw co filenameis generated '<' in raw filename and '>' in raw filename if is generated return Falsep py path local entry path return p cutdir 1 and not p relto cutdir 2 and not p relto cutdir 3,How did code generate ?,dynamically,in a case-insensitive manner,1,1,3,1
q1282,codeqa,How,def login test name password database None host None port None try client client user name password password host host port port client get list database return Trueexcept influxdb influxdb 08 client Influx DB Client Error as e if e code 401 return Falseelse raise,By how much can a credential pair log ?,at all,FALSE,1,1,3,1
q1285,codeqa,How,def format explanation explanation explanation ecu explanation lines split explanation explanation result format lines lines return u '\n' join result,How are all embedded newlines escaped ?,normally,They are not escaped.,1,1,3,1
q1287,codeqa,When,def truncatewords value arg from google appengine internal django utils text import truncate wordstry length int arg except Value Error return valuereturn truncate words value length,When does the code truncate a string ?,after a certain number of words,When the code truncates a string.,1,1,3,1
q1289,codeqa,How,def process Element Node By Derivation derivation element Node if derivation None derivation Solid Derivation element Node element Attributes Copy element Node attributes copy for target in derivation targets target Attributes Copy target attributes copy target attributes element Attributes Copyprocess Target target target attributes target Attributes Copy,How do the xml element process ?,by derivation,It does not exist.,1,1,3,1
q1291,codeqa,How,def translate longopt opt return opt translate longopt xlate,How does the code convert a long option name to a valid python identifier ?,"by changing "" - "" to "" _ """,in a case-insensitive manner,1,1,3,1
q1292,codeqa,Where,@pytest mark skipif u'not HAS SCIPY' def test poisson conf frequentist confidence gehrels 3sigma nlh np array [ 0 3 0 6 608 1 3 0 00135 8 9 2 3 0 0529 10 87 3 3 0 212 12 68 4 3 0 465 14 39 5 3 0 792 16 03 6 3 1 175 17 62 7 3 1 603 19 17 8 3 2 068 20 69 9 3 2 563 22 18 10 3 3 084 23 64 ] assert allclose funcs poisson conf interval nlh[ 0] sigma 3 interval u'frequentist-confidence' T nlh[ 2 ] rtol 0 01 verbose True,Where did those publish ?,in gehrels 1986,NASA,1,1,3,1
q1299,codeqa,How,def get dependent dists dists dist if dist not in dists raise Distlib Exception u'givendistribution%risnotamemberofthelist' % dist name graph make graph dists dep [dist]todo graph reverse list[dist]while todo d todo pop dep append d for succ in graph reverse list[d] if succ not in dep todo append succ dep pop 0 return dep,How do a list of distributions from * dists * that are dependent on * dist * generate ?,recursively,in-place,1,1,3,1
q1309,codeqa,How,def pformat object indent 1 width 80 depth None return Pretty Printer indent indent width width depth depth pformat object,By how much did representation print ?,pretty,80,1,1,3,1
q1318,codeqa,How,def check resolver resolver check method getattr resolver 'check' None if check method is not None return check method elif not hasattr resolver 'resolve' return get warning for invalid pattern resolver else return [],How do the resolver check ?,recursively,returns a list,1,1,3,1
q1323,codeqa,How,def unhide unit unit['hidden'] Falsefor child in unit get 'children' unhide child,How do a unit and all of its children unhide in the ccx schedule ?,recursively,in place,1,1,3,1
q1328,codeqa,When,def rindex s *args return apply s rindex args,When does valueerror raise ?,when the substring is not found,ValueError,1,1,3,1
q1329,codeqa,How,def determine format request serializer default format u'application/json' format request GET get u'format' if format if format in serializer formats return serializer get mime for format format if u'callback' in request GET and u'jsonp' in serializer formats return serializer get mime for format u'jsonp' accept request META get u'HTTP ACCEPT' u'*/*' if accept u'*/*' try best format mimeparse best match serializer supported formats reversed accept except Value Error raise Bad Request u' Invalid Acceptheader' if best format return best formatreturn default format,How does which output format is desired determine ?,smartly,application/json,1,1,3,1
q1334,codeqa,How,def flip vertical request fileobjects transpose image request fileobjects 1,How do image flip ?,vertically,horizontal,1,1,3,1
q1335,codeqa,Where,def count diff all purpose actual expected s t list actual list expected m n len s len t NULL object result []for i elem in enumerate s if elem is NULL continuecnt s cnt t 0for j in range i m if s[j] elem cnt s + 1s[j] NUL Lfor j other elem in enumerate t if other elem elem cnt t + 1t[j] NUL Lif cnt s cnt t diff Mismatch cnt s cnt t elem result append diff for i elem in enumerate t if elem is NULL continuecnt t 0for j in range i n if t[j] elem cnt t + 1t[j] NUL Ldiff Mismatch 0 cnt t elem result append diff return result,Where do the counts differ ?,where,s,1,1,3,1
q1337,codeqa,How,def format job instance job ret {' Function' job get 'fun' 'unknown-function' ' Arguments' list job get 'arg' [] ' Target' job get 'tgt' 'unknown-target' ' Target-type' job get 'tgt type' [] ' User' job get 'user' 'root' }if 'metadata' in job ret[' Metadata'] job get 'metadata' {} elif 'kwargs' in job if 'metadata' in job['kwargs'] ret[' Metadata'] job['kwargs'] get 'metadata' {} return ret,How did job dict format ?,properly,in-place,1,1,3,1
q1338,codeqa,Where,def available capabilities image None if salt utils version cmp grains ['osversion'] '10 ' -1 raise Not Implemented Error '`installed capabilities`isnotavailableonthisversionof Windows {0 }' format grains ['osversion'] return get components ' Capability Identity' ' Capabilities' ' Not Present',Where does image window ?,offline,Windows,1,1,3,1
q1339,codeqa,How,def month by name name lang u'en' month names MONTH NAMES get lang MONTH NAMES[u'en'] try return month names index name + 1 except Value Error return None,How do the number of a month return ?,by english name,in ascending order,1,1,3,1
q1342,codeqa,Where,def index document filename chapter Reference entries domhelpers find Elements With Attribute document 'class' 'index' if not entries returni 0for entry in entries i + 1anchor 'index% 02 d' % i if chapter Reference ref get Section Reference entry or chapter Reference else ref 'link'indexer add Entry filename anchor entry get Attribute 'value' ref entry node Name entry tag Name entry end Tag Name 'a'for attr Name in entry attributes keys entry remove Attribute attr Name entry set Attribute 'name' anchor,In which direction can the index link to those entries ?,back,Upwards,1,1,3,1
q1343,codeqa,Where,def copy index matrix A B index index rows False index cols False is diagonal False inplace False prefix None if prefix is None prefix find best blas type A B [0 ]copy prefix copy index matrix map[prefix]if not inplace B np copy B order 'F' try if not A is f contig raise Value Error except A np asfortranarray A copy A B np asfortranarray index index rows index cols is diagonal return B,Where do all non - index values be in the upper left corner of the matrix ?,a time - varying matrix,upper left,1,1,3,1
q1345,codeqa,How,def register import matplotlib units as mpl Umpl U registry[str] Str Converter mpl U registry[ Epoch] Epoch Converter mpl U registry[ Unit Dbl] Unit Dbl Converter,How do the unit conversion classes register ?,code,Unit converters,1,1,3,1
q1352,codeqa,How,def expanded data double fc n 100 expanded training data network 3 load data shared ' /data/mnist expanded pkl gz' for j in range 3 print ' Trainingwithexpandeddata %sneuronsintwo F Clayers runnum%s' % n j net Network [ Conv Pool Layer image shape mini batch size 1 28 28 filter shape 20 1 5 5 poolsize 2 2 activation fn Re LU Conv Pool Layer image shape mini batch size 20 12 12 filter shape 40 20 5 5 poolsize 2 2 activation fn Re LU Fully Connected Layer n in 40 * 4 * 4 n out n activation fn Re LU Fully Connected Layer n in n n out n activation fn Re LU Softmax Layer n in n n out 10 ] mini batch size net SGD expanded training data 60 mini batch size 0 03 validation data test data lmbda 0 1,By how much did layers connect ?,fully,40,1,1,3,1
q1354,codeqa,Where,def vm cputime vm None host cpus get conn get Info [2 ]def info vm dom get domain vm raw dom info vcpus int raw[ 3 ] cputime int raw[ 4 ] cputime percent 0if cputime cputime percent 1e- 07 * cputime / host cpus / vcpus return {'cputime' int raw[ 4 ] 'cputime percent' int '{ 0 0f}' format cputime percent }info {}if vm info[vm ] info vm else for vm in list domains info[vm ] info vm return info,Where did by the vms on this hyper use cputime ?,in a list of dicts,host,1,1,3,1
q1358,codeqa,How,def register rebroadcast c code typ code version Rebroadcast c code and version[typ] code version,How do c code for a theano type generate ?,how,in descending order,1,1,3,1
q1364,codeqa,Where,def savepoint using None if using is None using DEFAULT DB ALIA Sconnection connections[using]thread ident thread get ident if thread ident in savepoint state and using in savepoint state[thread ident] savepoint state[thread ident][using] append None else savepoint state setdefault thread ident {} savepoint state[thread ident][using] [ None]tid str thread ident replace '-' '' sid 's%s x%d' % tid len savepoint state[thread ident][using] connection savepoint sid return sid,Where does the code create a savepoint ?,inside the current transaction,thread ident,1,1,3,1
q1365,codeqa,Where,def download file powershell url target target os path abspath target cmd ['powershell' '- Command' ' new-object System Net Web Client Download File % url r % target r ' % vars ]subprocess check call cmd,Where do the file download to target using powershell ?,at url,target,1,1,3,1
q1367,codeqa,How,def fixed ip get by host context host return IMPL fixed ip get by host context host,How does the code get fixed ips ?,by compute host,It does not exist,1,1,3,1
q1370,codeqa,How,def build bond iface **settings deb major grains ['osrelease'][ 1]opts parse settings bond settings iface try template JINJA get template 'conf jinja' except jinja 2 exceptions Template Not Found log error ' Couldnotloadtemplateconf jinja' return ''data template render {'name' iface 'bonding' opts} if 'test' in settings and settings['test'] return read temp data write file iface data DEB NETWORK CONF FILES '{ 0 } conf' format iface path os path join DEB NETWORK CONF FILES '{ 0 } conf' format iface if deb major '5 ' for line type in 'alias' 'options' cmd ['sed' '-i' '-e' '/^{ 0 }\\s{ 1 } */d' format line type iface '/etc/modprobe conf'] salt ['cmd run'] cmd python shell False salt ['file append'] '/etc/modprobe conf' path salt ['kmod load'] 'bonding' salt ['pkg install'] 'ifenslave- 2 6' return read file path,How does the code create a bond script ?,in /etc / modprobe,It creates a bash script.,1,1,3,1
q1372,codeqa,Where,def shutdown datastore logging info ' Shuttingdown Cassandra ' monit interface stop cassandra interface CASSANDRA MONIT WATCH NAME is group False logging warning ' Done ' return True,In which direction do cassandra bring ?,down,ascending,1,1,3,1
q1376,codeqa,Where,"def dump out id 2 name {}for th in threading enumerate id 2 name[th ident] th namen 0for i stack in sys current frames items out write '\n# Thread#%d id %d %s\n' % n i id 2 name[i] n n + 1 for f lno name line in traceback extract stack stack out write ' File ""%s"" line%d in%s' % f lno name if line out write '%s' % line strip out write '\n'",In which direction does current stack trace dump into i / o object ?,out,down,1,1,3,1
q1379,codeqa,Where,"def install from path path if not os path exists path msg ' Filenotfound {0 }' format path raise Salt Invocation Error msg cmd 'installer-pkg""{ 0 }""-target/' format path return salt utils mac utils execute return success cmd",In which direction do internal function install a package ?,from the given path,descending,1,1,3,1
q1381,codeqa,How,def reload if not status apf return apf cmd '-r',How do firewall rules stop ?,cli example,They terminate the process.,1,1,3,1
q1384,codeqa,How,"def nova is not logical line split line logical line split if len split line 5 and split line[ 0 ] 'if' and split line[ 1 ] 'not' and split line[ 3 ] 'is' yield logical line find 'not' ""N 901 Usethe'isnot'operatorforwhentestingforunequalidentities""",How do localization check ?,in line,It does not exist,1,1,3,1
q1385,codeqa,How,def get implementation cls return symbol by name cls ALIASES,How do pool implementation return ?,by name,ascending,1,1,3,1
q1386,codeqa,How,def autoassign self locals for key value in locals iteritems if key 'self' continuesetattr self key value,How does local variables assign to self ?,automatically,No,1,1,3,1
q1389,codeqa,How,def send mail jinja subject template context *args **kwargs autoescape orig env autoescapeenv autoescape Falsetemplate env get template template msg send mail subject template render context *args **kwargs env autoescape autoescape origreturn msg,How does mail send ?,using a jinja template with autoescaping turned off,It does not exist.,1,1,3,1
q1393,codeqa,How,@testing requires testing data@requires nibabel def test plot bem assert raises IO Error plot bem subject 'bad-subject' subjects dir subjects dir assert raises Value Error plot bem subject 'sample' subjects dir subjects dir orientation 'bad-ori' plot bem subject 'sample' subjects dir subjects dir orientation 'sagittal' slices [25 50 ] plot bem subject 'sample' subjects dir subjects dir orientation 'coronal' slices [25 50 ] brain surfaces 'white' plot bem subject 'sample' subjects dir subjects dir orientation 'coronal' slices [25 50 ] src src fname,How do of bem contours plot ?,test,in 3D,1,1,3,1
q1396,codeqa,When,def get time server ret salt utils mac utils execute return result 'systemsetup-getnetworktimeserver' return salt utils mac utils parse return ret,When did network time server set ?,currently,system setup,1,1,3,1
q1397,codeqa,Where,def log once message id runlevel message if not runlevel or message id in DEDUPLICATION MESSAGE IDS return Falseelse DEDUPLICATION MESSAGE IDS add message id log runlevel message,Where does a message log ?,at the given runlevel,Deduplication message log.,1,1,3,1
q1398,codeqa,How,@register tagdef get latest posts parser token try tag name arg token contents split None 1 except Value Error raise template Template Syntax Error '%stagrequiresarguments' % token contents split [0 ] m re search ' *? as \\w+ ' arg if not m raise template Template Syntax Error '%staghadinvalidarguments' % tag name format string var name m groups return Latest Posts format string var name,How does the code store them ?,in a varable,in a dictionary,1,1,3,1
q1401,codeqa,How,def rotation x rg 20 is random False row index 0 col index 1 channel index 2 fill mode 'nearest' cval 0 0 if is random theta np pi / 180 * np random uniform - rg rg else theta np pi / 180 * rg rotation matrix np array [[np cos theta - np sin theta 0] [np sin theta np cos theta 0] [0 0 1]] h w x shape[row index] x shape[col index] transform matrix transform matrix offset center rotation matrix h w x apply transform x transform matrix channel index fill mode cval return x,How does the code rotate an image ?,randomly or non - randomly,in place,1,1,3,1
q1405,codeqa,Where,def enabled name **kwargs cmd '{ 0 }get{ 1 }status' format cmd name if not salt ['cmd retcode'] cmd flags get flags **kwargs cur flags salt ['cmd run stdout'] '{ 0 }get{ 1 }flags' format cmd name if format flags format cur flags return Trueif not flags def flags salt ['cmd run stdout'] '{ 0 }getdef{ 1 }flags' format cmd name if format cur flags format def flags return Truereturn False,Where is the named service enabled ?,at boot,TRUE,1,1,3,1
q1410,codeqa,How,def get Normal Weighted begin center end return center - begin cross end - center,How did the code weight ?,normal,in reverse,1,1,3,1
q1412,codeqa,Where,"def run setup script name script args None stop after 'run' if stop after not in 'init' 'config' 'commandline' 'run' raise Value Error ""invalidvaluefor'stop after' %r"" % stop after global setup stop after setup distribution setup stop after stop aftersave argv sys argvg {' file ' script name}l {}try try sys argv[ 0 ] script nameif script args is not None sys argv[ 1 ] script argswith open script name 'rb' as f exec f read in g lfinally sys argv save argv setup stop after Noneexcept System Exit passexcept raiseif setup distribution is None raise Runtime Error ""'distutils core setup 'wasnevercalled--perhaps'%s'isnota Distutilssetupscript?"" % script name return setup distribution",Where does the code run a setup script ?,in a somewhat controlled environment,in the current script,1,1,3,1
q1417,codeqa,How,def register as name formatter class if not isinstance name six string types warnings warn ' Useparameterordering name formatter class for %s ' % formatter class formatter class namename formatter classformatter class formatter classif isinstance formatter class six string types scoped formatter class name formatter classformatter class Lazy Object scoped formatter class name assert isinstance formatter class Lazy Object or issubclass formatter class Formatter formatter registry[name] formatter class,How do formatter class register ?,with given name,It formats the given name as a string.,1,1,3,1
q1419,codeqa,When,def find hessian point vars None model None model modelcontext model H model fastd 2 logp vars return H Point point model model,When does hessian of logp return ?,at the point passed,When the function `hessian_of_logp` returns.,1,1,3,1
q1421,codeqa,How,@treeio login required@module admin required def setup request response format 'html' modules Module objects all for module in modules if module name in 'treeio projects' 'treeio sales' 'treeio services' module major Trueelse module major Falsecontext {'modules' modules}return render to response 'core/administration/setup' context context instance Request Context request response format response format,How did page set ?,quick,html,1,1,3,1
q1423,codeqa,When,def cache page *args **kwargs if len args 1 or callable args[ 0 ] raise Type Error 'cache pagehasasinglemandatorypositionalargument timeout' cache timeout args[ 0 ]cache alias kwargs pop 'cache' None key prefix kwargs pop 'key prefix' None if kwargs raise Type Error 'cache pagehastwooptionalkeywordarguments cacheandkey prefix' return decorator from middleware with args Cache Middleware cache timeout cache timeout cache alias cache alias key prefix key prefix,When does the page nt be in the cache ?,yet,When the page has a single mandatory positional argument and a timeout.,1,1,3,1
q1430,codeqa,Where,def move File src File dest File try shutil move src File dest File fix Set Group ID dest File except OS Error as e try copy File src File dest File os unlink src File except Exception as e raise,In which direction does the code move a file to destination ?,from source,In the destination.,1,1,3,1
q1433,codeqa,When,def set expire name date set account policy name 'using Hard Expiration Date 1hard Expire Date GMT {0 }' format date return get expire name date,When does the account expire ?,the date,Hard Expiration Date,1,1,3,1
q1435,codeqa,How,"@bdd then bdd parsers parse 'thejavascriptmessage""{message}""shouldnotbelogged' def javascript message not logged quteproc message quteproc ensure not logged category 'js' function 'java Script Console Message' message '[*]{}' format message",How did the given message not log ?,via javascript,it was logged,1,1,3,1
q1437,codeqa,Where,"def read tasks session skipped 0for toppath in session paths session ask resume toppath user toppath toppatharchive task Noneif Archive Import Task is archive syspath toppath if not session config['move'] or session config['copy'] log warn u"" Archiveimportingrequireseither'copy'or'move'tobeenabled "" continuelog debug u'extractingarchive{ 0 }' format displayable path toppath archive task Archive Import Task toppath try archive task extract except Exception as exc log error u'extractionfailed {0 }' format exc continuetoppath archive task toppathtask factory Import Task Factory toppath session imported Falsefor t in task factory tasks imported not t skip yield t if archive task is None yield task factory sentinel else yield archive task if not imported log warn u' Nofilesimportedfrom{ 0 }' format displayable path user toppath if skipped log info u' Skipped{ 0 }directories ' format skipped",Where did all the albums find ?,in the user - specified list of paths,directories,1,1,3,1
q1439,codeqa,How,def header decode s s s replace ' ' '' return re sub ' [a-f A-F 0 - 9 ]{ 2 }' unquote match s,How did a string encode ?,with rfc 2045 mime header q encoding,It did not.,1,1,3,1
q1443,codeqa,Where,def dmp sub term f c i u K if not u return dup add term f - c i K v u - 1 if dmp zero p c v return fn len f m n - i - 1 if i n - 1 return dmp strip [dmp sub f[ 0 ] c v K ] + f[ 1 ] u elif i > n return [dmp neg c v K ] + dmp zeros i - n v K + f else return f[ m] + [dmp sub f[m] c v K ] + f[ m + 1 ],Where did c*x_0**i subtract from f ?,in k[x,f,1,1,3,1
q1446,codeqa,How,def pretty css container name raw sheet container parse css raw return serialize sheet u'text/css',How do the css represent ?,in raw,inline,1,1,3,1
q1448,codeqa,How,"def allow ports ports proto 'tcp' direction 'in' results []ports set ports ports list ports proto proto upper direction direction upper validate direction and proto direction proto ports csv ' ' join map str ports directions build directions direction for direction in directions result salt ['file replace'] '/etc/csf/csf conf' pattern '^{ 0 } {1 } \\+ ?\\ \\+ ?"" *""$' format proto direction repl '{ 0 } {1 } ""{ 2 }""' format proto direction ports csv results append result return results",By how much do the incoming or outgoing ports line in the csf replace ?,fully,"No, it does not.",1,1,3,1
q1449,codeqa,How,def list Files root patterns '*' recurse 1 return folders 0 import os path fnmatchpattern list patterns split ' ' class Bunch def init self **kwds self dict update kwds arg Bunch recurse recurse pattern list pattern list return folders return folders results [] def visit arg dirname files for name in files fullname os path normpath os path join dirname name if arg return folders or os path isfile fullname for pattern in arg pattern list if fnmatch fnmatch name pattern arg results append fullname breakif not arg recurse files[ ] []os path walk root visit arg return arg results,How do files from parmar and martelli in the python cookbook list ?,recursively,in descending order,1,1,3,1
q1450,codeqa,For what purpose,def write proc history fid info if 'proc history' not in info returnif len info['proc history'] > 0 start block fid FIFF FIFFB PROCESSING HISTORY for record in info['proc history'] start block fid FIFF FIFFB PROCESSING RECORD for key id writer in zip proc keys proc ids proc writers if key in record writer fid id record[key] write maxfilter record fid record['max info'] if 'smartshield' in record for ss in record['smartshield'] start block fid FIFF FIFFB SMARTSHIELD end block fid FIFF FIFFB SMARTSHIELD end block fid FIFF FIFFB PROCESSING RECORD end block fid FIFF FIFFB PROCESSING HISTORY,For what purpose do processing history write ?,to file,processing history write,1,1,3,1
q1454,codeqa,How,@block user agents@login required@permission required 'wiki purge document' @check readonly@process document pathdef purge document request document slug document locale document get object or 404 Document deleted objects all slug document slug locale document locale if request method 'POST' and 'confirm' in request POST document purge return redirect reverse 'wiki document' args document slug locale document locale else return render request 'wiki/confirm purge html' {'document' document},How do a deleted document purge ?,permanently,redirect,1,1,3,1
q1455,codeqa,How,def Interruptible Queue Join queue thread local thread pool queue join thread factory Queue Join Thread check workers True thread queue join thread factory queue thread start while True thread join timeout 0 5 if not thread is Alive return Trueif thread local shut down logger debug ' Queuejoininterrupted' return Falseif check workers for worker thread in thread pool Threads if not worker thread is Alive return False,How does the given requeue or queue join ?,repeatedly,Returns False,1,1,3,1
q1465,codeqa,How,def Recursive Download dir obj target dir max depth 10 depth 1 overwrite False max threads 10 if not isinstance dir obj aff 4 AFF 4 Volume returnthread pool threadpool Thread Pool Factory ' Downloader' max threads thread pool Start for sub file entry in dir obj Open Children path elements [target dir]sub target dir u'/' join path elements try if isinstance sub file entry aff 4 AFF 4 Stream args sub file entry urn sub target dir sub file entry token overwrite thread pool Add Task target Copy AFF 4 To Local args args name ' Downloader' elif ' Container' in sub file entry behaviours if depth > max depth continuetry os makedirs sub target dir except OS Error pass Recursive Download sub file entry sub target dir overwrite overwrite depth depth + 1 except IO Error logging exception ' Unabletodownload%s' sub file entry urn finally sub file entry Close if depth < 1 thread pool Stop,How does a file entry download to the target path ?,recursively,Copy,1,1,3,1
q1467,codeqa,When,def get cli body ssh command response module if 'xml' in response[ 0 ] body []elif 'showrun' in command body responseelse try if isinstance response[ 0 ] str response response[ 0 ] replace command + '\n\n' '' strip body [json loads response[ 0 ] ]else body responseexcept Value Error module fail json msg ' Commanddoesnotsupport JSO Noutput' command command return body,When does the code get response ?,for when transport = cli,When the code gets the response.,1,1,3,1
q1471,codeqa,How,def get descending key gettime time time getrandint random randint now descending int FUTURE TIME - gettime * 100 tie breaker getrandint 0 100 return '%d%d' % now descending tie breaker,How did by time order a key name ?,lexically,descending,1,1,3,1
q1473,codeqa,How,def get events conn stackname next Noneevent list []while 1 events conn describe stack events stackname next event list append events if events next token is None breaknext events next tokentime sleep 1 return reversed sum event list [],How does the code get the events ?,in batches,It does not get the events from a database or a file.,1,1,3,1
q1474,codeqa,How,def remove Child Nodes From Element Object element Node element Node remove Child Nodes From ID Name Parent if element Node xml Object None if element Node parent Node xml Object None if element Node xml Object in element Node parent Node xml Object archivable Objects element Node parent Node xml Object archivable Objects remove element Node xml Object,How do the xml element process ?,by manipulationfunction,It does not exist.,1,1,3,1
q1476,codeqa,How,def generate url arg stable url BASE UR Lif stable url + 'stable/'else url + 'devel/'if arg is None return urlelif type arg is str url + 'search html?'url + urlencode {'q' arg} url + '&check keywords yes&area default'else try func argfunc name func name func module func module if not func module startswith 'statsmodels ' return Value Error ' Functionmustbefromstatsmodels' url + 'generated/'url + func module + ' ' + func name + ' html' except return Value Error ' Inputnotunderstood' return url,How did url format ?,correctly,in a case-insensitive manner,1,1,3,1
q1488,codeqa,How,def rapply data func *args **kwargs if isinstance data collections Mapping return {key rapply value func *args **kwargs for key value in data iteritems }elif isinstance data collections Iterable and not isinstance data basestring desired type type data return desired type rapply item func *args **kwargs for item in data else return func data *args **kwargs,How do a function apply to all values ?,recursively,in-place,1,1,3,1
q1494,codeqa,How,def onenormest m1 power A p t 2 itmax 5 compute v False compute w False return onenormest Matrix M 1 Power Operator A p t t itmax itmax compute v compute v compute w compute w,How do the 1-norm of ^p estimate ?,efficiently,descending,1,1,3,1
q1496,codeqa,When,def test ada sample wt fit ada ADASYN random state RND SEED assert raises Runtime Error ada sample X Y,When is an error raised ?,when sample is called before fitting,Runtime Error,1,1,3,1
q1497,codeqa,Where,def detect properties path vision client vision Client with io open path 'rb' as image file content image file read image vision client image content content properties image detect properties print ' Properties 'for prop in properties color prop colors[ 0 ]print 'fraction {}' format color pixel fraction print 'r {}' format color color red print 'g {}' format color color green print 'b {}' format color color blue,Where does image properties detect ?,in the file,image,1,1,3,1
q1499,codeqa,How,"def pil resize maxwidth path in path out None path out path out or temp file for path in from PIL import Imagelog debug u'artresizer PI Lresizing{ 0 }to{ 1 }' format util displayable path path in util displayable path path out try im Image open util syspath path in size maxwidth maxwidth im thumbnail size Image ANTIALIAS im save path out return path outexcept IO Error log error u""PI Lcannotcreatethumbnailfor'{ 0 }'"" format util displayable path path in return path in",How does the code resize ?,using python imaging library,in-place,1,1,3,1
q1502,codeqa,For what purpose,def clean check cmd target try subprocess check call cmd except subprocess Called Process Error if os access target os F OK os unlink target raise,For what purpose does the code run the command ?,to download target,For file deletion.,1,1,3,1
q1506,codeqa,For what purpose,def patch thread threading True threading local True from gevent import thread as green threadthread import 'thread' if thread exit is not green thread exit thread get ident green thread get identthread start new thread green thread start new threadthread Lock Type green thread Lock Typethread allocate lock green thread allocate lockthread exit green thread exitif hasattr green thread 'stack size' thread stack size green thread stack sizefrom gevent local import localthread local localif threading threading import 'threading' threading local localthreading start new thread green thread start new threadthreading allocate lock green thread allocate lockthreading Lock green thread allocate lockthreading get ident green thread get identif threading local threading local import ' threading local' threading local local local,For what purpose do the standard : mod : thread module replace the code ?,to make it greenlet - based,threading module,1,1,3,1
q1507,codeqa,How,def finalize process proc **kwargs proc wait **kwargs,How do its errors handle ?,accordingly,No,1,1,3,1
q1511,codeqa,Where,def file upload echo content request def read and close f with f return f read decode 'utf- 8 ' r {k read and close f for k f in request FILES items }return Http Response json dumps r,In which direction do the content of uploaded files echo for tests ?,back,Upwards,1,1,3,1
q1517,codeqa,How,def term name cmd 's 6 -svc-t{ 0 }' format service path name return not salt ['cmd retcode'] cmd,How does the code send a term to service ?,via s6 cli example,in a terminal,1,1,3,1
q1521,codeqa,How,@login required redirect field name 'redirect to' def login protected view changed redirect request t Template ' Thisisaloginprotectedtest Usernameis{{user username}} ' name ' Login Template' c Context {'user' request user} return Http Response t render c,How did that protect ?,login,It does not protect the view from unauthorized access.,1,1,3,1
q1526,codeqa,How,def close event events params info params['info']c names [ 'IC#% 03 d' % x for x in range params['ica'] n components ]exclude [c names index x for x in info['bads'] if x startswith 'IC' ]params['ica'] exclude exclude,How does the code exclude the selected components ?,on close,in components,1,1,3,1
q1528,codeqa,When,def save recent scheme list scheme list app dir data dir recent filename os path join app dir 'recent pck' if os path isdir app dir with open recent filename 'wb' as f pickle dump scheme list f,When did schemes access ?,recently,Now,1,1,3,1
q1529,codeqa,How,def replace ext path ext ext dot ' ' + ext return os path splitext path [0 ] + ext dot,How do the path with its extension replaced by ext return ?,code,in place,1,1,3,1
q1534,codeqa,Where,def get Circle Intersections From Circle Nodes circle Nodes if len circle Nodes < 1 return []circle Intersections []index 0pixel Table {}for circle Node in circle Nodes euclidean add Element To Pixel List From Point circle Node pixel Table circle Node divided Point accumulated Circle Node Table {}for circle Node Index in xrange len circle Nodes circle Node Behind circle Nodes[circle Node Index]circle Node Index Minus One circle Node Index - 1 if circle Node Index Minus One > 0 circle Node Additional circle Nodes[circle Node Index Minus One]euclidean add Element To Pixel List From Point circle Node Additional accumulated Circle Node Table 0 5 * circle Node Additional divided Point within Nodes circle Node Behind get Within Nodes accumulated Circle Node Table for circle Node Ahead in within Nodes circle Intersection Forward Circle Intersection circle Node Ahead index circle Node Behind if not circle Intersection Forward is Within Circles pixel Table circle Intersections append circle Intersection Forward circle Node Behind circle Intersections append circle Intersection Forward index + 1circle Intersection Backward Circle Intersection circle Node Behind index circle Node Ahead if not circle Intersection Backward is Within Circles pixel Table circle Intersections append circle Intersection Backward circle Node Ahead circle Intersections append circle Intersection Backward index + 1return circle Intersections,Where do all the circle intersections exist ?,between all the circle nodes,Pixel Table,1,1,3,1
q1541,codeqa,How,def encoder s errors None r [] in []for c in s if ord c in range 32 38 + range 39 127 if in r extend ['&' modified base 64 '' join in '-'] del in[ ]r append str c elif c '&' if in r extend ['&' modified base 64 '' join in '-'] del in[ ]r append '&-' else in append c if in r extend ['&' modified base 64 '' join in '-'] return '' join r len s,How do the given c{unicode } string encode ?,using the imap4 specific variation of utf-7,in URL encoded format,1,1,3,1
q1544,codeqa,How,def error response status 400 cause None **kw if cause is not None current app logger exception str cause kw['status'] statusreturn errors response status [error **kw ],How did error response format ?,correctly,in JSON format,1,1,3,1
q1545,codeqa,How,def decode params utf 8 params decoded []for k v in params decoded append k decode 'utf- 8 ' if isinstance k str else k v decode 'utf- 8 ' if isinstance v str else v return decoded,How are all parameters in a list of 2-element tuples decoded to unicode ?,using utf-8,in-place,1,1,3,1
q1546,codeqa,How,def test help command should exit status error when cmd does not exist script result script pip 'help' 'mycommand' expect error True assert result returncode ERROR,By how much do command exist ?,non,No,1,1,3,1
q1550,codeqa,For what purpose,def get project base config script location config get main option 'script location' return script location split ' ' [0 ] split ' ' [0 ],For what purpose do the base python namespace name return ?,for a project,The base python namespace name.,1,1,3,1
q1558,codeqa,Where,@open file 0 mode 'rb' def read gexf path node type None relabel False version '1 1draft' reader GEXF Reader node type node type version version if relabel G relabel gexf graph reader path else G reader path return G,In which direction do graph in gexf format read ?,from path,in a binary format,1,1,3,1
q1563,codeqa,How,def list pkgs versions as list False **kwargs versions as list salt utils is true versions as list if any [salt utils is true kwargs get x for x in 'removed' 'purge desired' ] return {}if 'pkg list pkgs' in context if versions as list return context ['pkg list pkgs']else ret copy deepcopy context ['pkg list pkgs'] salt ['pkg resource stringify'] ret return retret {}cmd 'pkg info-q-a'out salt ['cmd run stdout'] cmd output loglevel 'trace' for line in out splitlines try pkgname pkgver flavor PKG RE match line groups except Attribute Error continuepkgname + '--{ 0 }' format flavor if flavor else '' salt ['pkg resource add pkg'] ret pkgname pkgver salt ['pkg resource sort pkglist'] ret context ['pkg list pkgs'] copy deepcopy ret if not versions as list salt ['pkg resource stringify'] ret return ret,How did the packages instal currently ?,as a dict,installing,1,1,3,1
q1565,codeqa,How,def get response body data format data dict error list if data format 'application/json' data dict[' Errors'] error listreturn json dumps data dict if data format and data format endswith '/xml' output '<delete>\n'for key in sorted data dict xml key key replace '' ' ' lower output + '<%s>%s</%s>\n' % xml key data dict[key] xml key output + '<errors>\n'output + '\n' join [ '<object><name>%s</name><status>%s</status></object>' % saxutils escape name status for name status in error list] output + '</errors>\n</delete>\n'return outputoutput ''for key in sorted data dict output + '%s %s\n' % key data dict[key] output + ' Errors \n'output + '\n' join [ '%s %s' % name status for name status in error list] return output,How did response body format ?,properly,xml,1,1,3,1
q1567,codeqa,How,def idz reconint idx proj return id idz reconint idx proj,How do interpolation matrix reconstruct ?,from complex i d,No,1,1,3,1
q1568,codeqa,How,def tag regex tagname return dict open ' ? <\\s*% t s\\s+[^<>]*?> <\\s*% t s\\s*> ' % dict t tagname close '</\\s*% t s\\s*>' % dict t tagname,How do expressions that match the opening and closing tags for tagname group ?,non,They are grouped as a single unit.,1,1,3,1
q1569,codeqa,How,def run validator file path url None temp path Nonetemp path tempfile mktemp copy stored file file path temp path src storage private storage dst storage local storage with statsd timer 'mkt developers validator' is packaged zipfile is zipfile temp path if is packaged log info u' Running`validate packaged app`forpath %s' % file path with statsd timer 'mkt developers validate packaged app' return validate packaged app temp path market urls settings VALIDATOR IAF URLS timeout settings VALIDATOR TIMEOUT spidermonkey settings SPIDERMONKEY else log info u' Running`validate app`forpath %s' % file path with statsd timer 'mkt developers validate app' return validate app open temp path read market urls settings VALIDATOR IAF URLS url url os unlink temp path,How did wrapper configure ?,pre,It does not.,1,1,3,1
q1570,codeqa,How,def afm Font Property fontpath font name font get familyname if font get angle 0 or name lower find 'italic' > 0 style 'italic'elif name lower find 'oblique' > 0 style 'oblique'else style 'normal'if name lower in ['capitals' 'small-caps'] variant 'small-caps'else variant 'normal'weight weight as number font get weight lower stretch 'normal'size 'scalable'size adjust Nonereturn Font Entry fontpath name style variant weight stretch size,How do a : class populate ?,by extracting information from the afm font file,Returns a Font object.,1,1,3,1
q1571,codeqa,How,def test call accepts func pos params kw types @accepts int 2 int int 1 int int 3 int def foo int 1 int 2 int 3 passt time time for i in range 0 10000 foo 5 6 7 return time time - t,How did function check ?,accepts,It does not check.,1,1,3,1
q1573,codeqa,How,def tamper payload **kwargs ret Val payloadif payload postfix ''for comment in '#' '--' '/*' if comment in payload postfix payload[payload find comment ]payload payload[ payload find comment ]breakif '' in payload ret Val '%s/* 30 %s%s*/%s' % payload[ payload find '' ] random Int 3 payload[ payload find '' + 1 ] postfix return ret Val,How did mysql test ?,against,It does not exist.,1,1,3,1
q1579,codeqa,When,def test ros sample wt fit ros Random Over Sampler random state RND SEED assert raises Runtime Error ros sample X Y,When is an error raised ?,when sample is called before fitting,Runtime Error,1,1,3,1
q1581,codeqa,How,def execute nb src dst allow errors False timeout 1000 kernel name '' import nbformatfrom nbconvert preprocessors import Execute Preprocessorwith io open src encoding 'utf- 8 ' as f nb nbformat read f as version 4 ep Execute Preprocessor allow errors allow errors timeout timeout kernel name kernel name ep preprocess nb resources {} with io open dst 'wt' encoding 'utf- 8 ' as f nbformat write nb f return dst,How do the output write ?,to dst parameters src,in binary format,1,1,3,1
q1586,codeqa,How,def send email for monthly fee payment email event name date amount payment url send email to email action MONTHLY PAYMENT EMAIL subject MAILS[MONTHLY PAYMENT EMAIL]['subject'] format event name event name date date html MAILS[MONTHLY PAYMENT EMAIL]['message'] format event name event name date date payment url payment url amount amount app name get settings ['app name'],How do email send to pay service fee every month ?,with invoice,send email to pay service fee every month.,1,1,3,1
q1589,codeqa,How,def body quopri check c return bool bqre match c,How should the character be escaped ?,with body quopri,No,1,1,3,1
q1590,codeqa,How,def testdoc *arguments **options Test Doc execute *arguments **options,How does testdoc execute ?,programmatically,It does not execute anything.,1,1,3,1
q1595,codeqa,For what purpose,def Escape Cpp Define For MSVS s s Escape Environment Variable Expansion s s Escape Command Line Argument For MSVS s s Escape VC Proj Command Line Arg List Item s s s replace '#' '\\% 03 o' % ord '#' return s,For what purpose does the code escape a cpp define ?,so that it will reach the compiler unaltered,For MSVS.,1,1,3,1
q1597,codeqa,Where,def distance indicators x epsilon None distance 1 5 x np asarray x nobs len x if epsilon is not None and epsilon < 0 raise Value Error ' Thresholddistancemustbepositiveifspecified Gotepsilonof%f' % epsilon if distance < 0 raise Value Error ' Thresholddistancemustbepositive Gotdistancemultiplier%f' % distance if epsilon is None epsilon distance * x std ddof 1 return np abs x[ None] - x < epsilon,In which direction are heaviside distance indicators calculated ?,for which,in absolute,1,1,3,1
q1602,codeqa,When,def contains at depth haystack needle n if not hasattr haystack ' iter ' return Falseif n 0 return needle in haystack else for item in haystack if contains at depth item needle n - 1 return Truereturn False,When is the needle in haystack ?,at depth n,TRUE,1,1,3,1
q1604,codeqa,How,def dist matrix clustering matrix linkage AVERAGE Z dist matrix linkage matrix linkage linkage return tree from linkage Z,How do the hierarchical clustering return ?,using a precomputed distance matrix,BIONETCLUST,1,1,3,1
q1605,codeqa,How,"def refine enc enc rsa ['r' 'rsa' 'ssh-rsa']dss ['d' 'dsa' 'dss' 'ssh-dss']ecdsa ['e' 'ecdsa' 'ecdsa-sha 2 -nistp 521 ' 'ecdsa-sha 2 -nistp 384 ' 'ecdsa-sha 2 -nistp 256 ']ed 25519 ['ed 25519 ' 'ssh-ed 25519 ']if enc in rsa return 'ssh-rsa'elif enc in dss return 'ssh-dss'elif enc in ecdsa if enc in ['e' 'ecdsa'] return 'ecdsa-sha 2 -nistp 256 'return encelif enc in ed 25519 return 'ssh-ed 25519 'else raise Command Execution Error "" Incorrectencryptionkeytype'{ 0 }' "" format enc",How did ssh value format ?,properly,ssh,1,1,3,1
q1608,codeqa,How,def localize value use l10 n None if isinstance value bool return mark safe six text type value elif isinstance value decimal Decimal float + six integer types return number format value use l10 n use l10 n elif isinstance value datetime datetime return date format value 'DATETIME FORMAT' use l10 n use l10 n elif isinstance value datetime date return date format value use l10 n use l10 n elif isinstance value datetime time return time format value 'TIME FORMAT' use l10 n use l10 n else return value,How does it format as a string ?,using current locale format,string,1,1,3,1
q1609,codeqa,How,def get Cubic Path By Begin End begin control Points end xml Element return svg reader get Cubic Points begin control Points end lineation get Number Of Bezier Points begin end xml Element,How does the code get the cubic path ?,by begin and end,It does not.,1,1,3,1
q1613,codeqa,When,def cookie date epoch seconds None rfcdate formatdate epoch seconds return u'%s-%s-%s GMT' % rfcdate[ 7] rfcdate[ 8 11 ] rfcdate[ 12 25 ],When do compatibility with netscapes cookie standard ensure ?,the time,"When does the code ensure compatibility with Netscape's cookie standard? 
Netscape standard",1,1,3,1
q1617,codeqa,How,def test issue 617 try vocab Vocab load u'/tmp/vocab' except IO Error pass,How do vocab load with string ?,test,Does not exist,1,1,3,1
q1618,codeqa,How,def subscriptions for username number -1 etag None return gh subscriptions for username number etag,How do over repositories subscribed to iterate ?,by username,in a depth-first manner,1,1,3,1
q1621,codeqa,When,def test ncr sample wt fit ncr Neighbourhood Cleaning Rule random state RND SEED assert raises Runtime Error ncr sample X Y,When is an error raised ?,when sample is called before fitting,Runtime Error,1,1,3,1
q1623,codeqa,How,@pytest mark parametrize 'fast reader' [ True False {'use fast converter' False} {'use fast converter' True} 'force'] def test convert overflow fast reader expected kind 'S' 'U' dat ascii read ['a' '1 ' * 10000 ] format 'basic' fast reader fast reader guess False assert dat['a'] dtype kind in expected kind,How do an extremely large integer read ?,test,It does not handle extremely large integers.,1,1,3,1
q1625,codeqa,When,def exec payload shell obj payload name args use api False payload inst get payload instance payload name shell obj if use api result payload inst run api *args else result payload inst run *args return result,When do i execute the payload ?,now,When the condition is False.,1,1,3,1
q1626,codeqa,How,def meter calls fn @functools wraps fn def wrapper *args **kwargs meter '%s calls' % get qualname fn mark return fn *args **kwargs return wrapper,How is a function called ?,the rate,in a recursive manner,1,1,3,1
q1629,codeqa,How,def get Serial filename '/tmp/twisted-names serial' serial time strftime '%Y%m%d' o os umask 127 try if not os path exists filename f file filename 'w' f write serial + '0 ' f close finally os umask o serial File file filename 'r' last Serial ID serial File readline split ID last Serial serial and int ID + 1 or 0 serial File close serial File file filename 'w' serial File write '%s%d' % serial ID serial File close serial serial + '% 02 d' % ID return serial,How do integer increase ?,monotonically,in each line,1,1,3,1
q1637,codeqa,Where,@pytest mark parametrize 'text deleted rest' [ 'testdelete foobar' 'delete' 'test foobar' 'testdelete foobar' 'delete' 'test foobar' 'open-tgithub com/foo/bar ' 'bar' 'open-tgithub com/foo/ ' 'open-t github com/foo/bar' 't' 'open- github com/foo/bar' fixme 'testdel<ete>foobar' 'delete' 'test foobar' 'testdel<ete>foobar' 'del' 'test etefoobar' 'openfoo/bar baz ' 'baz' 'openfoo/bar ' ] def test rl backward kill word lineedit bridge text deleted rest validate deletion lineedit bridge bridge rl backward kill word text deleted rest,In which direction do it come with yank ?,back,"Yes, from right to left",1,1,3,1
q1638,codeqa,How,@pytest mark parametrize 'text deleted rest' [ 'testdelete foobar' 'delete' 'test foobar' 'testdelete foobar' 'delete' 'test foobar' 'open-tgithub com/foo/bar ' 'bar' 'open-tgithub com/foo/ ' 'open-t github com/foo/bar' 't' 'open- github com/foo/bar' fixme 'testdel<ete>foobar' 'delete' 'test foobar' 'testdel<ete>foobar' 'del' 'test etefoobar' 'openfoo/bar baz ' 'baz' 'openfoo/bar ' ] def test rl backward kill word lineedit bridge text deleted rest validate deletion lineedit bridge bridge rl backward kill word text deleted rest,How do it come back ?,with yank,It does not return anything.,1,1,3,1
q1641,codeqa,When,def was modified since header None mtime 0 size 0 try if header is None raise Value Errormatches re match '^ [^ ]+ length [0 - 9 ]+ ?$' header re IGNORECASE header mtime rfc 822 mktime tz rfc 822 parsedate tz matches group 1 header len matches group 3 if header len and int header len size raise Value Errorif mtime > header mtime raise Value Errorexcept Attribute Error Value Error return Truereturn False,When did the user download it ?,last,RFC 822 date,1,1,3,1
q1642,codeqa,For what purpose,def url path join *pieces initial pieces[ 0 ] startswith '/' final pieces[ -1 ] endswith '/' stripped [s strip '/' for s in pieces]result '/' join s for s in stripped if s if initial result '/' + result if final result result + '/' if result '//' result '/'return result,For what purpose do components of url join into a relative url use ?,to prevent double slash when joining subpath,relative url,1,1,3,1
q1646,codeqa,Where,def test suggested multiple column names completer complete event text u'SELEC Tid fromcustom products'position len u'SELEC Tid ' result set completer get completions Document text text cursor position position complete event assert set result set testdata columns u'products' u'custom' + testdata functions + list testdata builtin functions + testdata keywords,In which direction do multiple columns select when ?,from table,ascending,1,1,3,1
q1648,codeqa,How,def norm version version build '' l version split ' ' if build l append build try ints map int l except Value Error strings lelse strings list map str ints version ' ' join strings[ 3] return version,How does the code return a single version string ?,using the format major,in a single string,1,1,3,1
q1650,codeqa,Where,def col loc strg return loc - strg rfind '\n' 0 loc,Where does current column return ?,within a string,0,1,1,3,1
q1656,codeqa,Where,@set databasedef get or create item **kwargs if item return Item create or get **parse model data item,Where do wrapper create ?,around,database,1,1,3,1
q1659,codeqa,Where,def slurp filename with open filename as f return f read,In which direction did the entire contents of a file read ?,in,in both directions,1,1,3,1
q1662,codeqa,How,def get flavor by flavor id flavorid ctxt None read deleted 'yes' if ctxt is None ctxt context get admin context read deleted read deleted return objects Flavor get by flavor id ctxt flavorid read deleted,How do flavor retrieve ?,by flavorid,returns an object,1,1,3,1
q1666,codeqa,How,def display rgb rgb title None import matplotlib pyplot as pltplt imshow rgb interpolation u'nearest' origin u'lower' if title plt title title plt show return plt,How do an rgb image display ?,using matplotlib,in RGB format,1,1,3,1
q1670,codeqa,Where,def all number groups remain grouped numobj normalized candidate formatted number groups from index 0if numobj country code source Country Code Source FROM DEFAULT COUNTRY country code str numobj country code from index normalized candidate find country code + len country code for ii formatted number group in enumerate formatted number groups from index normalized candidate find formatted number group from index if from index < 0 return Falsefrom index + len formatted number group if ii 0 and from index < len normalized candidate region region code for country code numobj country code if ndd prefix for region region True is not None and normalized candidate[from index] isdigit nsn national significant number numobj return normalized candidate[ from index - len formatted number group ] startswith nsn return normalized candidate[from index ] find numobj extension or U EMPTY STRING -1,Where did the find the ?,in our candidate phone number,country code,1,1,3,1
q1671,codeqa,How,def truncate text text limit killwords False end ' ' text text strip text length len text if text length < limit return text limit - text length text jinja 2 filters do truncate text limit killwords end '' return text + end 0,How do as many characters as possible return ?,without going over the limit,in the original text,1,1,3,1
q1675,codeqa,For what purpose,def get buckets cache filename bucket prefix cache dir get cache dir if not os path exists cache dir os makedirs cache dir return os path join cache dir '{ 0 }-{ 1 }-files cache' format bucket prefix,For what purpose do the filename of the cache return ?,for bucket contents,The filename of the cache.,1,1,3,1
q1679,codeqa,When,def quantify iterable pred bool return sum imap pred iterable,When do the predicate pr ?,how many times,"Yes, when the iterable is not empty.",1,1,3,1
q1681,codeqa,How,def new func strip path func name filename line name func nameif filename endswith ' init py' return os path basename filename[ -12 ] + filename[ -12 ] line name return os path basename filename line name,How does the code make profiler output more readable ?,by adding _ _ init _ _ modules parents,It does not make profiler output more readable.,1,1,3,1
q1684,codeqa,When,def test eager does upgrade dependecies when currently satisfied script script pip install local 'simple 2 0' expect error True result script pip install local '--upgrade' '--upgrade-strategy eager' 'require simple' expect error True assert script site packages / 'require simple- 1 0-py%s egg-info' % pyversion not in result files deleted 'shouldhaveinstalledrequire simple 1 0'assert script site packages / 'simple- 2 0-py%s egg-info' % pyversion in result files deleted 'shouldhaveuninstalledsimple 2 0',When do it satisfy the requirements ?,already,When it is not satisfied.,1,1,3,1
q1687,codeqa,For what purpose,def degree mixing matrix G x 'out' y 'in' weight None nodes None normalized True d degree mixing dict G x x y y nodes nodes weight weight s set d keys for k v in d items s update v keys m max s mapping dict zip range m + 1 range m + 1 a dict to numpy array d mapping mapping if normalized a a / a sum return a,For what purpose do mixing matrix return ?,for attribute,dict,1,1,3,1
q1688,codeqa,How,def detached logfile None pidfile None uid None gid None umask 0 workdir None **opts if not resource raise Runtime Error ' Thisplatformdoesnotsupportdetach ' workdir os getcwd if workdir is None else workdir signals reset 'SIGCLD' set effective user uid uid gid gid logfile and open logfile 'a' close pidfile and create pidlock pidfile return Daemon Context umask umask workdir workdir,How does the code detach the current process ?,in the background,It does not detach the current process.,1,1,3,1
q1689,codeqa,How,def msec time return int time time * 1000 0,How do current epoch time return ?,in milliseconds,in seconds,1,1,3,1
q1697,codeqa,When,def sanitize html source return TAG PATTERN sub sanitize tag source,When did tags allow ?,non,"Yes, tags are allowed.",1,1,3,1
q1708,codeqa,How,"def nova not in logical line split line logical line split if len split line 5 and split line[ 0 ] 'if' and split line[ 1 ] 'not' and split line[ 3 ] 'in' and not split line[ 2 ] startswith ' ' yield logical line find 'not' ""N 902 Usethe'notin'operatorforcollectionmembershipevaluation""",How do localization check ?,in line,in the string,1,1,3,1
q1709,codeqa,How,def my Take Step 2 x s 0 5x + np random uniform - s s np shape x return x,How do still everything work ?,ok,No,1,1,3,1
q1713,codeqa,How,def trigger registry xml parent data tconfig XML Sub Element xml parent 'hudson tasks Build Trigger' child Projects XML Sub Element tconfig 'child Projects' child Projects text data['project']tthreshold XML Sub Element tconfig 'threshold' threshold data get 'threshold' 'SUCCESS' supported thresholds ['SUCCESS' 'UNSTABLE' 'FAILURE']if threshold not in supported thresholds raise Jenkins Jobs Exception 'thresholdmustbeoneof%s' % ' ' join supported thresholds tname XML Sub Element tthreshold 'name' tname text hudson model THRESHOLDS[threshold]['name']tordinal XML Sub Element tthreshold 'ordinal' tordinal text hudson model THRESHOLDS[threshold]['ordinal']tcolor XML Sub Element tthreshold 'color' tcolor text hudson model THRESHOLDS[threshold]['color'],By how much did builds parametris ?,non,None,1,1,3,1
q1715,codeqa,How,def dup lshift f n K if not f return felse return f + [K zero] * n,How do by x**n multiply f in k[x ] ?,efficiently,x**n,1,1,3,1
q1720,codeqa,When,def find ca bundle if os name 'nt' return get win certfile else for cert path in cert paths if os path isfile cert path return cert pathtry return pkg resources resource filename 'certifi' 'cacert pem' except Import Error Resolution Error Extraction Error return None,When ca path bundle ?,existing,None,1,1,3,1
q1723,codeqa,How,def fix uri credentials uri to quoted if not uri returntry decrypted uri decrypt location uri except Type Error Value Error as e raise exception Invalid str e return legacy parse uri decrypted uri to quoted,How does the code fix the given uris embedded credentials ?,by round - tripping with storelocation,It does not fix the given URI's embedded credentials.,1,1,3,1
q1725,codeqa,How,def condition not db filter model field value auto none True result ~ condition db filter model field value if auto none and isinstance value collections Iterable and not isinstance value six string types and None not in value or value is not None orm field getattr model field result or result orm field is None return result,How do filter match ?,non,None,1,1,3,1
q1726,codeqa,When,def libvlc media list unlock p ml f Cfunctions get 'libvlc media list unlock' None or Cfunction 'libvlc media list unlock' 1 None None Media List return f p ml,When should the l{libvlc_media_list_lock be held ?,upon entering this function,When the function is unlocked.,1,1,3,1
q1727,codeqa,How,def kruskal wallis data return kruskal *data,How do kruskal wallis u stat and pval calculate ?,using scipy,No explanation.,1,1,3,1
q1736,codeqa,Where,def get Branch Matrix Set Element Node element Node branch Matrix get Branch Matrix element Node set Element Node Dictionary Matrix element Node branch Matrix return branch Matrix,In which direction does the code get matrix if it exists ?,from the object,"In which direction does the code get matrix if it exists?
Answer: from right to left",1,1,3,1
q1742,codeqa,Where,def get defaults default cdir os path join os path dirname os path realpath sys argv[ 0 ] 'collectors' defaults {'verbose' False 'no tcollector stats' False 'evictinterval' 6000 'dedupinterval' 300 'deduponlyzero' False 'allowed inactivity time' 600 'dryrun' False 'maxtags' 8 'max bytes' 64 * 1024 * 1024 'http password' False 'reconnectinterval' 0 'http username' False 'port' 4242 'pidfile' '/var/run/tcollector pid' 'http' False 'tags' [] 'remove inactive collectors' False 'host' 'localhost' 'backup count' 1 'logfile' '/var/log/tcollector log' 'cdir' default cdir 'ssl' False 'stdin' False 'daemonize' False 'hosts' False}return defaults,Where do configuration use as defaults ?,in the code,defaults,1,1,3,1
q1743,codeqa,Where,@require admin contextdef archive deleted rows context max rows None tablenames []for model class in models dict itervalues if hasattr model class ' tablename ' tablenames append model class tablename rows archived 0for tablename in tablenames rows archived + archive deleted rows for table context tablename max rows max rows - rows archived if rows archived > max rows breakreturn rows archived,In which direction does the code move the code to the corresponding shadow tables ?,from production tables,Up,1,1,3,1
q1746,codeqa,For what purpose,def volume field return field type Block Device Volume mandatory True factory lambda x x,For what purpose do a pclass field create ?,to hold a blockdevicevolume,Factory,1,1,3,1
q1747,codeqa,How,def check program prog tmp init app 'which{ 0 }' format prog if len tmp > 0 and '/' in tmp return Trueelse return False,How did program path ?,properly,ascending,1,1,3,1
q1749,codeqa,For what purpose,def test value *args **keywargs return value args keywargs,For what purpose does a function exist ?,for test purposes,For function creation.,1,1,3,1
q1751,codeqa,When,def get human readable time string time msec return time strftime '%B%d%H %M %S' time gmtime time msec / 1000 0,When did the code give ?,a time,2023-12-01 12 34 56,1,1,3,1
q1752,codeqa,When,def get jobs not yet run False running False finished False **filter data filter data['extra args'] rpc utils extra job filters not yet run running finished job dicts []jobs list models Job query objects filter data models Job objects populate relationships jobs models Label 'dependencies' models Job objects populate relationships jobs models Job Keyval 'keyvals' for job in jobs job dict job get object dict job dict['dependencies'] ' ' join label name for label in job dependencies job dict['keyvals'] dict keyval key keyval value for keyval in job keyvals job dicts append job dict return rpc utils prepare for serialization job dicts,When have running not started ?,yet,running,1,1,3,1
q1754,codeqa,How,"def urldecode query if query and not set query < urlencoded error u"" Errortryingtodecodeanonurlencodedstring Foundinvalidcharacters %sinthestring '%s' Pleaseensuretherequest/responsebodyisx-www-form-urlencoded ""raise Value Error error % set query - urlencoded query if INVALID HEX PATTERN search query raise Value Error u' Invalidhexencodinginquerystring ' query query encode u'utf- 8 ' if not PY 3 and isinstance query unicode type else query params urlparse parse qsl query keep blank values True return decode params utf 8 params",How does the code decode a query string into a sequence of two - element tuples ?,in x - www - form - urlencoded format,returns a sequence of two-element tuples,1,1,3,1
q1759,codeqa,When,def clear site cache sender **kwargs instance kwargs['instance']using kwargs['using']try del SITE CACHE[instance pk]except Key Error passtry del SITE CACHE[ Site objects using using get pk instance pk domain]except Key Error Site Does Not Exist pass,When is a site saved ?,each time,When a site is retrieved.,1,1,3,1
q1765,codeqa,Where,def model cr method method api 'model cr'return method,Where is self a recordset ?,a record - style method,No,1,1,3,1
q1769,codeqa,When,def set restart delay seconds if seconds % 30 0 msg ' Invalidvaluepassedforseconds \n Mustbeamultipleof 30 \n Passed {0 }' format seconds raise Salt Invocation Error msg cmd 'systemsetup-setwaitforstartupafterpowerfailure{ 0 }' format seconds salt utils mac utils execute return success cmd return salt utils mac utils confirm updated seconds get restart delay,When will the computer start ?,after which,after 30 seconds,1,1,3,1
q1772,codeqa,How,def set default encoding file file global default encoding filedefault encoding file file,How did the code set ?,file,It does not set the default encoding.,1,1,3,1
q1782,codeqa,Where,def send update context old instance new instance service None host None if not CONF notify on any change and not CONF notify on state change returnupdate with state change Falseold vm state old instance['vm state']new vm state new instance['vm state']old task state old instance['task state']new task state new instance['task state']if old vm state new vm state update with state change Trueelif CONF notify on state change if CONF notify on state change lower 'vm and task state' and old task state new task state update with state change Trueif update with state change send update with states context new instance old vm state new vm state old task state new task state service host else try send instance update notification context new instance service service host host except Exception LOG exception ' Failedtosendstateupdatenotification' instance new instance,In which direction does the code send ?,compute,Upward,1,1,3,1
q1783,codeqa,How,def reboot domain if domain in list inactive vms raise Command Execution Error ' Thespecifiedvmisstopped' salt ['vmadm reboot'] domain return domain in list active vms,How do a domain reboot ?,via acpi request cli example,reboot,1,1,3,1
q1791,codeqa,How,def load ipython extension ip from Build Ipython Magic import Cython Magicsip register magics Cython Magics,How do the extension load ?,in ipython,It does not load the IPython extension.,1,1,3,1
q1792,codeqa,How,def get bearing a Location 1 a Location 2 off x a Location 2 lon - a Location 1 lon off y a Location 2 lat - a Location 1 lat bearing 90 0 + math atan 2 - off y off x * 57 2957795 if bearing < 0 bearing + 360 0return bearing,How did the bearing between the two locationglobal objects pass ?,as parameters,in radians,1,1,3,1
q1797,codeqa,How,def netstat getnode try pipe popen 'netstat' '-ia' if not pipe returnwith pipe words pipe readline rstrip split try i words index ' Address' except Value Error returnfor line in pipe try words line rstrip split word words[i]if len word 17 and word count ' ' 5 mac int word replace ' ' '' 16 if mac return macexcept Value Error Index Error passexcept OS Error pass,How does the code get the hardware address on unix ?,by running netstat,It gets the hardware address on Unix.,1,1,3,1
q1798,codeqa,Where,def phone 2 numeric value from django utils text import phone 2 numericreturn phone 2 numeric value,In which direction does the code convert it to its numerical equivalent ?,in,"Yes, in ascending order",1,1,3,1
q1799,codeqa,Where,def copy File src File dest File try shutil copyfile src File dest File shutil copymode src File dest File except OS Error as e raise,In which direction do a file copy to destination ?,from source,In the destination.,1,1,3,1
q1804,codeqa,When,def assert soon condition message None max tries 60 if not wait for condition max tries max tries raise Assertion Error message or '',When do a condition evaluate to true ?,eventually,When the condition evaluates to False.,1,1,3,1
q1805,codeqa,How,@testing requires testing datadef test subject info tempdir Temp Dir raw read raw fif fif fname crop 0 1 assert true raw info['subject info'] is None keys ['id' 'his id' 'last name' 'first name' 'birthday' 'sex' 'hand']vals [1 'foobar' 'bar' 'foo' 1901 2 3 0 1]subject info dict for key val in zip keys vals subject info[key] valraw info['subject info'] subject infoout fname op join tempdir 'test subj info raw fif' raw save out fname overwrite True raw read read raw fif out fname for key in keys assert equal subject info[key] raw read info['subject info'][key] assert equal raw info['meas date'] raw read info['meas date'],How do subject information read ?,test,raw,1,1,3,1
q1806,codeqa,Where,def Do One Try new connection function args kwargs try result function *args **kwargs except original exception sys exc info try new connection rollback except Exception logging exception ' Exceptionsending Rollback ' type value trace original exceptionif isinstance value datastore errors Rollback return True None else raise type value traceelse if new connection commit return True result else logging warning ' Transactioncollision Retrying %s' '' return False None,Where do a function call ?,in a transaction,Database,1,1,3,1
q1813,codeqa,Where,def is image mutable context image if context is admin return Trueif image owner is None or context owner is None return Falsereturn image owner context owner,Where is the image mutable ?,in this context,admin,1,1,3,1
q1817,codeqa,When,def test multiclass error y np linspace 0 1 15 iht Instance Hardness Threshold random state RND SEED assert warns User Warning iht fit X y y np array [0 ] * 10 + [1 ] * 3 + [2 ] * 2 iht Instance Hardness Threshold random state RND SEED assert warns User Warning iht fit X y,When is an error raised ?,when the target are not binary type,Instance Hardness Threshold,1,1,3,1
q1820,codeqa,Where,@open file 0 mode 'rb' def read adjlist path comments '#' delimiter None create using None nodetype None encoding 'utf- 8 ' lines line decode encoding for line in path return parse adjlist lines comments comments delimiter delimiter create using create using nodetype nodetype,In which direction do graph in adjacency list format read ?,from path,Inwards,1,1,3,1
q1824,codeqa,How,def shortest path length creation sequence i first creation sequence[ 0 ]if isinstance first str if isinstance creation sequence list cs creation sequence[ ]else cs list creation sequence elif isinstance first tuple cs [v[ 1 ] for v in creation sequence]i [v[ 0 ] for v in creation sequence] index i elif isinstance first int cs uncompact creation sequence else raise Type Error ' Notavalidcreationsequencetype' N len cs spl [2 ] * N spl[i] 0for j in range i + 1 N if cs[j] 'd' spl[j] 1if cs[i] 'd' for j in range i spl[j] 1for j in range N - 1 0 -1 if cs[j] 'd' breakspl[j] -1 return spl,How do the shortest path length from indicated node to every other node for the threshold graph with the given creation sequence return ?,code,It traverses the graph.,1,1,3,1
q1828,codeqa,How,"def regroup parser token firstbits token contents split None 3 if len firstbits 4 raise Template Syntax Error ""'regroup'tagtakesfivearguments""target parser compile filter firstbits[ 1 ] if firstbits[ 2 ] 'by' raise Template Syntax Error ""secondargumentto'regroup'tagmustbe'by'""lastbits reversed firstbits[ 3 ][ -1 ] split None 2 if lastbits reversed[ 1 ][ -1 ] 'as' raise Template Syntax Error ""next-to-lastargumentto'regroup'tagmustbe'as'""expression parser compile filter 'var %s' % lastbits reversed[ 2 ][ -1 ] var name lastbits reversed[ 0 ][ -1 ]return Regroup Node target expression var name",How does the code regroup a list of alike objects ?,by a common attribute,in reverse order,1,1,3,1
q1830,codeqa,How,def rotation multi x rg 20 is random False row index 0 col index 1 channel index 2 fill mode 'nearest' cval 0 0 if is random theta np pi / 180 * np random uniform - rg rg else theta np pi / 180 * rg rotation matrix np array [[np cos theta - np sin theta 0] [np sin theta np cos theta 0] [0 0 1]] h w x[ 0 ] shape[row index] x[ 0 ] shape[col index] transform matrix transform matrix offset center rotation matrix h w results []for data in x results append apply transform data transform matrix channel index fill mode cval return np asarray results,How do multiple images rotate ?,with the same arguments,in place,1,1,3,1
q1832,codeqa,When,@keras testdef test masking layer I np random random 6 3 4 V np abs np random random 6 3 5 V / V sum axis -1 keepdims True model Sequential model add Masking input shape 3 4 model add recurrent LSTM output dim 5 return sequences True unroll False model compile loss 'categorical crossentropy' optimizer 'adam' model fit I V nb epoch 1 batch size 100 verbose 1 model Sequential model add Masking input shape 3 4 model add recurrent LSTM output dim 5 return sequences True unroll True model compile loss 'categorical crossentropy' optimizer 'adam' model fit I V nb epoch 1 batch size 100 verbose 1,When do issue fail ?,previously,When the input shape does not match the expected input shape.,1,1,3,1
q1833,codeqa,Where,@ File System in directory current directory 'django' 'rucola' def test harvest uses test runner status out run scenario assert ' Test Suite Summary ' in out,Where did lettuce_test_server specify ?,in settings,Django,1,1,3,1
q1834,codeqa,How,def test collect 2 a b x symbols 'a b x' assert collect a * cos x + sin x + b * cos x + sin x sin x + cos x a + b * cos x + sin x,How do to a sum collect ?,with respect,No,1,1,3,1
q1835,codeqa,Where,def pstats 2 entries data entries dict allcallers dict for code info call info in data stats items code Code code co filename code co firstlineno code co name code info cc nc tt ct callers call infoentry Entry entry code codeentry callcount ccentry reccallcount nc - cc entry inlinetime ttentry totaltime ctentry calls list entries[code info] entryallcallers[code info] callers items for entry in entries itervalues entry label c Profile label entry code entry callers allcallers get entry label [] for entry caller call info in entry callers entries[entry caller] calls append entry call info return entries values,In which direction do serialized pstats convert to a list of raw entries ?,back,ascending,1,1,3,1
q1836,codeqa,How,def floyd warshall numpy G nodelist None weight 'weight' try import numpy as npexcept Import Error raise Import Error 'to numpy matrix requiresnumpy http //scipy org/' A nx to numpy matrix G nodelist nodelist multigraph weight min weight weight nonedge np inf n m A shape I np identity n A[ I 1 ] 0for i in range n A np minimum A A[i ] + A[ i] return A,How does the code find all - pairs shortest path lengths ?,using floyds algorithm,in all pairs shortest path lengths,1,1,3,1
q1838,codeqa,When,def with requires *requirements ws pkg resources Working Set try ws require *requirements skip Falseexcept pkg resources Version Conflict skip Truemsg 'requires {}' format ' ' join requirements return unittest skip If skip msg,When does the code run a test case ?,only when given requirements are satisfied,When the code runs a test case.,1,1,3,1
q1839,codeqa,How,def id shown with wait context id str **kwargs return shown elem with wait context By ID id str **kwargs,How did i d give ?,with an explicit timeout,in descending order,1,1,3,1
q1840,codeqa,How,def sweep poly t poly phi 0 phase sweep poly phase t poly phi * pi / 180 return cos phase + phi,How did cosine generator sweep ?,frequency,cosine,1,1,3,1
q1843,codeqa,For what purpose,def publish string source source path None destination path None reader None reader name 'standalone' parser None parser name 'restructuredtext' writer None writer name 'pseudoxml' settings None settings spec None settings overrides None config section None enable exit status False output pub publish programmatically source class io String Input source source source path source path destination class io String Output destination None destination path destination path reader reader reader name reader name parser parser parser name parser name writer writer writer name writer name settings settings settings spec settings spec settings overrides settings overrides config section config section enable exit status enable exit status return output,For what purpose did the code set a publisher ?,for programmatic use with string i / o,standalone,1,1,3,1
q1844,codeqa,How,@register filter is safe True needs autoescape True def join value arg autoescape None value map force unicode value if autoescape value [conditional escape v for v in value]try data conditional escape arg join value except Attribute Error return valuereturn mark safe data,How does the code join a list ?,with a string,it does not,1,1,3,1
q1851,codeqa,Where,def mlinspace a b nums order 'C' a numpy array a dtype 'float 64 ' b numpy array b dtype 'float 64 ' nums numpy array nums dtype 'int 64 ' nodes [numpy linspace a[i] b[i] nums[i] for i in range len nums ]return cartesian nodes order order,Where did the be enumerated ?,in which,enumerate,1,1,3,1
q1852,codeqa,How,def isunauthenticated fnc return getattr fnc 'unauthenticated' False,How do authentication not require ?,with the @unauthenticated decorator,No authentication is required.,1,1,3,1
q1853,codeqa,Where,def do center value width 80 return unicode value center width,Where does the value center ?,in a field of a given width,left,1,1,3,1
q1858,codeqa,When,def test cnn sample wt fit cnn Condensed Nearest Neighbour random state RND SEED assert raises Runtime Error cnn sample X Y,When is an error raised ?,when sample is called before fitting,Runtime Error,1,1,3,1
q1863,codeqa,When,def http date epoch seconds None rfcdate formatdate epoch seconds return '%s GMT' % rfcdate[ 25 ],When do the rfc1123 date format match ?,the time,04/07/2001,1,1,3,1
q1868,codeqa,How,def clear get cache clear,How did cache instal ?,globally,It was not installed.,1,1,3,1
q1869,codeqa,How,def instance test and set context instance uuid attr ok states new state return IMPL instance test and set context instance uuid attr ok states new state,How is if an instance is in a valid state check ?,atomically,"Yes, by checking if the instance's uuid attribute is not empty.",1,1,3,1
q1870,codeqa,How,def read plain int 32 file obj count length 4 * count data file obj read length if len data length raise EOF Error u' Expected{ 0 }bytesbutgot{ 1 }bytes' format length len data res struct unpack '<{ 0 }i' format count encode u'utf- 8 ' data return res,How did 32-bit ints read ?,using the plain encoding,in little-endian byte order,1,1,3,1
q1871,codeqa,When,def test continuous error y np linspace 0 1 20 cnn Condensed Nearest Neighbour random state RND SEED assert warns User Warning cnn fit X y,When is an error raised ?,when the target are continuous type,"When the `np.linspace(0, 1, 20)` function is called with invalid parameters.",1,1,3,1
q1872,codeqa,How,def get dataset file dataset default dataset origin data dir data file os path split dataset if data dir '' and not os path isfile dataset new path os path join os path split file [0 ] ' ' 'data' dataset if os path isfile new path or data file default dataset dataset new pathif not os path isfile dataset and data file default dataset from six moves import urllibprint ' Downloadingdatafrom%s' % origin urllib request urlretrieve origin dataset return dataset,How do for it look ?,as if it was a full path,Downloading data from %s,1,1,3,1
q1875,codeqa,How,def rjust s width n width - len s if n < 0 return sreturn '' * n + s,How do a right - justified version of s return ?,rjust,left-justified,1,1,3,1
q1876,codeqa,Where,def feature installed name package None source None limit access False enable parent False image None restart False ret {'name' name 'result' True 'comment' '' 'changes' {}}old salt ['dism installed features'] if name in old ret['comment'] ' Thefeature{ 0 }isalreadyinstalled' format name return retif opts ['test'] ret['changes']['feature'] '{ 0 }willbeinstalled' format name ret['result'] Nonereturn retstatus salt ['dism add feature'] name package source limit access enable parent image restart if status['retcode'] not in [0 1641 3010 ] ret['comment'] ' Failedtoinstall{ 0 } {1 }' format name status['stdout'] ret['result'] Falsenew salt ['dism installed features'] changes salt utils compare lists old new if changes ret['comment'] ' Installed{ 0 }' format name ret['changes'] statusret['changes']['feature'] changesreturn ret,Where do package install ?,the feature,Dism,1,1,3,1
q1877,codeqa,Where,def simple conll corpus iterator corpus file l corpus file readline while l line l strip if line fields line split '' ne tag fields[ -1 ]word '' join fields[ -1 ] yield word ne tag else yield None None l corpus file readline,Where does the code get an iterator object ?,over the corpus file,file,1,1,3,1
q1878,codeqa,How,def decorate func caller evaldict dict call caller func func fun Function Maker create func 'return call func % shortsignature s ' evaldict wrapped func if hasattr func ' qualname ' fun qualname func qualname return fun,How do decorates a function decorate ?,using a caller,in-place,1,1,3,1
q1879,codeqa,How,def engine func func make coroutine wrapper func replace callback False @functools wraps func def wrapper *args **kwargs future func *args **kwargs def final callback future if future result is not None raise Return Value Ignored Error '@gen enginefunctionscannotreturnvalues %r' % future result future add done callback stack context wrap final callback return wrapper,How did decorator orient ?,callback,decorator,1,1,3,1
q1880,codeqa,How,def distorted inputs if not FLAGS data dir raise Value Error ' Pleasesupplyadata dir' data dir os path join FLAGS data dir 'cifar- 10 -batches-bin' images labels cifar 10 input distorted inputs data dir data dir batch size FLAGS batch size if FLAGS use fp 16 images tf cast images tf float 16 labels tf cast labels tf float 16 return images labels,How do distorted input for cifar training construct ?,using the reader ops,tf.data.TFRecordDataset,1,1,3,1
q1881,codeqa,How,def solve discrete lyapunov bilinear a q eye np eye a shape[ 0 ] aH a conj transpose aHI inv inv aH + eye b np dot aH - eye aHI inv c 2 * np dot np dot inv a + eye q aHI inv return solve lyapunov b conj transpose - c,How does the code solve the discrete lyapunov equation ?,using a bilinear transformation,in the Lyapunov equation,1,1,3,1
q1882,codeqa,How,def match host port database strategy word d defer Deferred factory Dict Lookup Factory 'match' database strategy word d from twisted internet import reactorreactor connect TCP host port factory return d,How does the code match a word ?,using a dict server,It does not match a word.,1,1,3,1
q1884,codeqa,How,def get Geometry Output By Manipulation side Loop xml Element side Loop loop euclidean get Loop Without Close Sequential Points side Loop close side Loop loop return side Loop get Manipulation Plugin Loops xml Element,How does the code get geometry output ?,by manipulation,No,1,1,3,1
q1887,codeqa,How,def get Geometry Output By Manipulation element Node side Loop side Loop loop euclidean get Loop Without Close Sequential Points side Loop close side Loop loop return side Loop get Manipulation Plugin Loops element Node,How does the code get geometry output ?,by manipulation,No,1,1,3,1
q1889,codeqa,How,def get monitor adapter tmp init app 'iwconfig' True for line in tmp split '\n' if line startswith '' continueelif len line split '' [0 ] > 1 if ' Mode Monitor' in line return line split '' [0 ]return None,How do which adapter is in monitor mode detect ?,automatically,in monitor mode,1,1,3,1
q1890,codeqa,When,def to human time from seconds seconds assert isinstance seconds int or isinstance seconds long or isinstance seconds float return get human time seconds,When did a time value give the code ?,in seconds,Now,1,1,3,1
q1891,codeqa,For what purpose,def deactivate if hasattr active 'value' del active value,For what purpose does the currently active translation object deinstall ?,so that further _ calls will resolve against the default translation object,deactivates,1,1,3,1
q1898,codeqa,How,def get volume tag volume name if volume tags for tag in volume tags if tag[' Key'] name return tag[' Value']raise Tag Not Found volume id name volume tags,How does the code retrieve the tag from the specified volume ?,with the specified name,in a dictionary,1,1,3,1
q1899,codeqa,How,def volume type get by name context name return IMPL volume type get by name context name,How does the code get volume type ?,by name,ascending,1,1,3,1
q1901,codeqa,Where,def main import threadingif sys argv[ 1 ] 'AUTO' Logger log 'd' 'port List ' repr port List for port in port List threading Thread target run Programmer args port sys argv[ 2 ] start time sleep 5 else programmer Stk 500 v 2 programmer connect port sys argv[ 1 ] programmer program Chip intel Hex read Hex sys argv[ 2 ] sys exit 1,In which direction do the stk500v2 programmer call ?,from the commandline,Up,1,1,3,1
q1902,codeqa,How,def netbios getnode import win 32 wnet netbiosncb netbios NCB ncb Command netbios NCBENU Mncb Buffer adapters netbios LANA ENUM adapters pack if win 32 wnet Netbios ncb 0 returnadapters unpack for i in range adapters length ncb Reset ncb Command netbios NCBRESE Tncb Lana num ord adapters lana[i] if win 32 wnet Netbios ncb 0 continuencb Reset ncb Command netbios NCBASTA Tncb Lana num ord adapters lana[i] ncb Callname '*' ljust 16 ncb Buffer status netbios ADAPTER STATUS if win 32 wnet Netbios ncb 0 continuestatus unpack bytes map ord status adapter address return bytes[ 0 ] << 40 L + bytes[ 1 ] << 32 L + bytes[ 2 ] << 24 L + bytes[ 3 ] << 16 L + bytes[ 4 ] << 8L + bytes[ 5 ],How does the code get the hardware address on windows ?,using netbios calls,it returns the hardware address,1,1,3,1
q1903,codeqa,How,@pick context manager writerdef compute node create context values convert objects related datetimes values compute node ref models Compute Node compute node ref update values compute node ref save context session return compute node ref,How does the code populate the capacity fields ?,with the most recent data,No,1,1,3,1
q1904,codeqa,How,def overload attribute typ attr from typing templates import make overload attribute templatedef decorate overload func template make overload attribute template typ attr overload func infer getattr template return overload funcreturn decorate,How do attribute implement for the given numba type ?,in nopython mode,No,1,1,3,1
q1905,codeqa,For what purpose,def overload attribute typ attr from typing templates import make overload attribute templatedef decorate overload func template make overload attribute template typ attr overload func infer getattr template return overload funcreturn decorate,For what purpose do attribute implement in nopython mode ?,for the given numba type,"No, to implement runtime type checking.",1,1,3,1
q1906,codeqa,How,@py test mark parametrize 'item name' [item name for item in six urllib parse moved attributes] def test move items urllib parse item name if item name ' Parse Result' and sys version info < 2 5 py test skip ' Parse Resultisonlyfoundon 2 5+' if item name in 'parse qs' 'parse qsl' and sys version info < 2 6 py test skip 'parse qs[l]isnewin 2 6' if sys version info[ 2] > 2 6 assert item name in dir six moves urllib parse getattr six moves urllib parse item name,How do everything load ?,correctly,in parallel,1,1,3,1
q1908,codeqa,When,def has targets available required grouped group list of dict available for value field in required if field not in grouped or value not in grouped[field] return Falsereturn True,When does mount tager requested exist ?,already,Falsereturn False,1,1,3,1
q1909,codeqa,Where,def file To Matrix file name if 1 < 3 lres []for line in open file name 'r' readlines if len line > 0 and line[ 0 ] not in '%' '#' lres append list map float line split res lreselse fil open file name 'r' fil readline line To Row lambda line list map float line split res list map line To Row fil readlines fil close while res [] and res[ 0 ] [] del res[ 0 ]return resprint 'couldnotreadfile' + file name,In which direction do in data read ?,from a file,ascending,1,1,3,1
q1910,codeqa,Why,def invalid email reason email address field if email address is None return ' Noneemailaddressfor%s ' % field if isinstance email address users User email address email address email if not isinstance email address basestring return ' Invalidemailaddresstypefor%s ' % field stripped address email address strip if not stripped address return ' Emptyemailaddressfor%s ' % field return None,Why is email invalid ?,why,Empty,1,1,3,1
q1911,codeqa,How,def test missing argument script result script pip 'show' expect error True assert 'ERROR Pleaseprovideapackagenameornames ' in result stderr,How do command show ?,test,No,1,1,3,1
q1917,codeqa,Where,@register filter 'phone 2 numeric' is safe True def phone 2 numeric filter value return phone 2 numeric value,In which direction does the code convert it to its numerical equivalent ?,in,ascending,1,1,3,1
q1918,codeqa,When,"def Get Audit Log Files offset now token oldest time now - offset - rdfvalue Duration config lib CONFIG[' Logging aff 4 audit log rollover'] parentdir aff 4 FACTORY Open 'aff 4 /audit/logs' token token logs list parentdir List Children age oldest time As Micro Seconds From Epoch now As Micro Seconds From Epoch if not logs raise Value Error "" Couldn'tfindanylogsinaff 4 /audit/logsbetween%sand%s"" % oldest time now return aff 4 FACTORY Multi Open logs aff 4 type collects RDF Value Collection token token",When did audit log files create ?,between now - offset and now,now,1,1,3,1
q1920,codeqa,How,def base authorization headers username server if not username if 'AUTOTEST USER' in os environ username os environ['AUTOTEST USER']else username getpass getuser return {'AUTHORIZATION' username},How do this nt call ?,directly,in descending order,1,1,3,1
q1922,codeqa,Where,def check valid naming pattern None multi None if pattern is None pattern sickbeard NAMING PATTER Nlogger log u' Checkingwhetherthepattern' + pattern + 'isvalidforasingleepisode' logger DEBUG valid validate name pattern None if multi is not None logger log u' Checkingwhetherthepattern' + pattern + 'isvalidforamultiepisode' logger DEBUG valid valid and validate name pattern multi return valid,In which direction can the name be parsed to its original form for both single and multi episodes ?,back,ascending,1,1,3,1
q1924,codeqa,How,def remove True From Dictionary dictionary key if key in dictionary if get Boolean From Value dictionary[key] del dictionary[key],How does the code remove key from the dictionary ?,in the value,it removes the key,1,1,3,1
q1926,codeqa,How,def inputhook context signal signal signal SIGINT glut int handler try t clock if glut glut Get Window 0 glut glut Set Window 1 glut Main Loop Event return 0while not context input is ready glut Main Loop Event used time clock - t if used time > 10 0 time sleep 1 0 elif used time > 0 1 time sleep 0 05 else time sleep 0 001 except Keyboard Interrupt pass,How does the code run the pyglet event loop ?,by processing pending events only,It does not run the pyglet event loop.,1,1,3,1
q1928,codeqa,How,def memory since 0 0 if ACTUALLY MEASURE MEMORY return Vm B ' Vm Size ' - since,How do memory usage return ?,in bytes,Vm B,1,1,3,1
q1929,codeqa,When,def test cc fit invalid ratio ratio 1 0 / 10000 0 cc Cluster Centroids ratio ratio random state RND SEED assert raises Runtime Error cc fit X Y,When is an error raised ?,when the balancing ratio to fit is smaller than the one of the data,Runtime Error,1,1,3,1
q1931,codeqa,How,def sub pattern repl string count 0 return compile pattern 0 sub repl string count,How did the string obtain ?,by replacing the leftmost non - overlapping occurrences of the pattern in string by the replacement repl,It was compiled.,1,1,3,1
q1934,codeqa,Where,def all number groups are exactly present numobj normalized candidate formatted number groups candidate groups re split NON DIGITS PATTERN normalized candidate if numobj extension is not None candidate number group index len candidate groups - 2 else candidate number group index len candidate groups - 1 if len candidate groups 1 or candidate groups[candidate number group index] find national significant number numobj -1 return Trueformatted number group index len formatted number groups - 1 while formatted number group index > 0 and candidate number group index > 0 if candidate groups[candidate number group index] formatted number groups[formatted number group index] return Falseformatted number group index - 1candidate number group index - 1return candidate number group index > 0 and candidate groups[candidate number group index] endswith formatted number groups[ 0 ],Where did the find the ?,in our candidate phone number,national significant number,1,1,3,1
q1941,codeqa,When,def list package '' cyg arch 'x 86 64 ' pkgs {}args '' join ['-c' '-d' package] stdout cygcheck args cyg arch cyg arch lines []if isinstance stdout str lines str stdout splitlines for line in lines match re match '^ [^]+ * [^]+ ' line if match pkg match group 1 version match group 2 pkgs[pkg] versionreturn pkgs,When did packages instal ?,locally,Packages installed,1,1,3,1
q1944,codeqa,Where,def benchmark print defer Deferred module for func args iter in benchmark Funcs print func name args timeit func iter *args,Where did the benchmarks register ?,in the benchmarkfuncs list,module,1,1,3,1
q1946,codeqa,How,def load configuration logger storage type configuration get 'storage' 'type' if storage type 'multifilesystem' collection class Collectionelse collection class import module storage type Collectionclass Collection Copy collection class ' Collectioncopy avoidsoverridingtheoriginalclassattributes ' Collection Copy configuration configuration Collection Copy logger loggerreturn Collection Copy,How did the storage manager choose ?,in configuration,multifilesystem,1,1,3,1
q1949,codeqa,When,def upath path if six PY 2 and not isinstance path six text type return path decode fs encoding return path,When do a unicode path return ?,always,unicode,1,1,3,1
q1950,codeqa,How,def convert missing indexer indexer if isinstance indexer dict indexer indexer['key']if isinstance indexer bool raise Key Error 'cannotuseasinglebooltoindexintosetitem' return indexer True return indexer False,How do a missing indexer convert ?,reverse,return True,1,1,3,1
q1953,codeqa,How,def ECDF values x np array values copy True x sort x shape np product x shape axis 0 n x shape[ 0 ]y np arange n + 1 0 / n return Step Function x y,By how much do the ecdf of an array return ?,code,Step Function x y,1,1,3,1
q1954,codeqa,Where,def generate java test coverage flag env env dict env Dictionary jacoco agent env dict get 'JACOCOAGENT' if jacoco agent jacoco agent os path abspath jacoco agent target under test package env dict get 'JAVATARGETUNDERTESTPKG' if target under test package options []options append 'includes %s' % ' ' join [ p + ' *' for p in target under test package if p] options append 'output file' return '-javaagent %s %s' % jacoco agent ' ' join options return '',In which direction did java test coverage flags based on the environment pass ?,in,"Yes 

The code appends 'includes' to the options if the 'JACOCOAGENT' environment variable is set.",1,1,3,1
q1956,codeqa,How,def count ambig curr seq valid chars 'ATCG' up seq curr seq upper total 0for vchar in valid chars total + up seq count vchar return len curr seq - total,How does non - standard characters count ?,in seq,in place,1,1,3,1
q1965,codeqa,Where,def reorder missing matrix matrix missing reorder rows False reorder cols False is diagonal False inplace False prefix None if prefix is None prefix find best blas type matrix [0 ]reorder prefix reorder missing matrix map[prefix]if not inplace matrix np copy matrix order 'F' reorder matrix np asfortranarray missing reorder rows reorder cols is diagonal return matrix,Where do all non - missing values be in the upper left corner of the matrix ?,a time - varying matrix,upper left,1,1,3,1
q1966,codeqa,How,def best match supported header parsed header [parse media range r for r in filter blank header split ' ' ]weighted matches []pos 0for mime type in supported weighted matches append fitness and quality parsed mime type parsed header pos mime type pos + 1weighted matches sort return weighted matches[ -1 ][ 0 ][ 1 ] and weighted matches[ -1 ][ 2 ] or '',How did ranges list ?,in header,in descending order,1,1,3,1
q1968,codeqa,Where,def get Manipulated Paths close loop prefix side Length xml Element if len loop < 3 return [loop]if not evaluate get Evaluated Boolean Default True prefix + 'activate' xml Element return [loop]overhang Angle evaluate get Overhang Support Angle xml Element overhang Plane Angle euclidean get Widdershins Unit Polar 0 5 * math pi - overhang Angle overhang Vertical Angle math radians evaluate get Evaluated Float Default 0 0 prefix + 'inclination' xml Element if overhang Vertical Angle 0 0 overhang Vertical Cosine abs math cos overhang Vertical Angle if overhang Vertical Cosine 0 0 return [loop]imaginary Times Cosine overhang Plane Angle imag * overhang Vertical Cosine overhang Plane Angle euclidean get Normalized complex overhang Plane Angle real imaginary Times Cosine along Away Along Away loop overhang Plane Angle if euclidean get Is Widdershins By Vector 3 loop alter Widdershins Supported Path along Away close else alter Clockwise Supported Path along Away xml Element return [euclidean get Loop Without Close Sequential Points close along Away loop ],In which direction did overhangs fill ?,in,Clockwise,1,1,3,1
q1973,codeqa,When,def send daily now frappe utils now datetime for report in frappe get all u' Auto Email Report' {u'enabled' 1 u'frequency' u'in' u' Daily' u' Weekly' } auto email report frappe get doc u' Auto Email Report' report name if auto email report frequency u' Weekly' if now weekday {u' Monday' 0 u' Tuesday' 1 u' Wednesday' 2 u' Thursday' 3 u' Friday' 4 u' Saturday' 5 u' Sunday' 6}[auto email report day of week] continueauto email report send,When be check reports sent ?,daily,Weekly,1,1,3,1
q1976,codeqa,How,"def open filename mode 'rb' compresslevel 9 encoding None errors None newline None if 't' in mode if 'b' in mode raise Value Error ' Invalidmode %r' % mode else if encoding is not None raise Value Error "" Argument'encoding'notsupportedinbinarymode"" if errors is not None raise Value Error "" Argument'errors'notsupportedinbinarymode"" if newline is not None raise Value Error "" Argument'newline'notsupportedinbinarymode"" bz mode mode replace 't' '' binary file BZ 2 File filename bz mode compresslevel compresslevel if 't' in mode return io Text IO Wrapper binary file encoding errors newline else return binary file",How does the code open a bzip2-compressed file ?,in binary or text mode,returns a bzip2-compressed file,1,1,3,1
q1979,codeqa,How,def get random text and whitespace length 10 return '' join random sample BLOG CHARACTERS length strip,How did letters generate ?,randomly,No,1,1,3,1
q1980,codeqa,How,def encoded url url return bytes url to Encoded decode 'ascii',By how much do the fully encoded url return as string ?,code,No,1,1,3,1
q1981,codeqa,How,def encoded url url return bytes url to Encoded decode 'ascii',By how much did url encode ?,fully,By 2,1,1,3,1
q1985,codeqa,How,def test pie table chart Pie inner radius 0 3 pretty print True chart title ' Browserusagein February 2012 in% 'chart add 'IE' 19 5 chart add ' Firefox' 36 6 chart add ' Chrome' 36 3 chart add ' Safari' 4 5 chart add ' Opera' 2 3 q pq chart render table assert len q 'table' 1,How do a table for a pie render ?,test,It creates a pie chart.,1,1,3,1
q1988,codeqa,How,def create instance c instance return Generic Script c instance Live Midi Map Map Mode absolute Live Midi Map Map Mode absolute DEVICE CONTROLS TRANSPORT CONTROLS VOLUME CONTROLS TRACKARM CONTROLS BANK CONTROLS CONTROLLER DESCRIPTIONS MIXER OPTIONS,How can the generic script be customised ?,by using parameters,"No, it cannot be customised.",1,1,3,1
q1998,codeqa,How,"def get docstring and rest filename with open filename 'rb' as fid content fid read content content replace '\r\n' '\n' try node ast parse content except Syntax Error return SYNTAX ERROR DOCSTRING content decode 'utf- 8 ' if not isinstance node ast Module raise Type Error ' Thisfunctiononlysupportsmodules Youprovided{ 0 }' format node class name if node body and isinstance node body[ 0 ] ast Expr and isinstance node body[ 0 ] value ast Str docstring node node body[ 0 ]docstring docstring node value sif hasattr docstring 'decode' docstring docstring decode 'utf- 8 ' rest content decode 'utf- 8 ' split '\n' docstring node lineno [ -1 ]return docstring rest else raise Value Error ' Couldnotfinddocstringinfile""{ 0 }"" Adocstringisrequiredbysphinx-gallery' format filename",How did the inspire from ast ?,strongly,ast,1,1,3,1
q1999,codeqa,How,@require context@pick context manager writerdef ec 2 volume create context volume uuid id None ec 2 volume ref models Volume Id Mapping ec 2 volume ref update {'uuid' volume uuid} if id is not None ec 2 volume ref update {'id' id} ec 2 volume ref save context session return ec 2 volume ref,How do ec2 compatible volume create ?,by provided uuid,It creates an EC2 compatible volume.,1,1,3,1
q2000,codeqa,How,def gradient scalar frame check frame frame outvec Vector 0 scalar express scalar frame variables True for i x in enumerate frame outvec + diff scalar frame[i] * x return outvec,How did symbols of the given frame compute a scalar field ?,wrt the coordinate,in place,1,1,3,1
q2006,codeqa,How,def test cx Oracle if 'ORACLE HOME' not in os environ and 'ORACLE INSTANTCLIENT HOME' not in os environ raise Skip Testtry import cx Oraclereturnexcept Import Error as ex if ' Nomodulenamed' in ex message assert true False 'cx Oracleskippeditsbuild Thishappensifenvvar ORACLE HOM Eor ORACLE INSTANTCLIENT HOM Eisnotdefined Soignorethistestfailureifyourbuilddoesnotneedtoworkwithanoraclebackend ',How is cx_oracle built ?,correctly,cx_oracle is not built.,1,1,3,1
q2009,codeqa,For what purpose,def disable name **kwargs if service is upstart name return upstart disable name else return sysv disable name,For what purpose do the named service disable ?,to start at boot cli example,upstart disable name,1,1,3,1
q2011,codeqa,How,def replace s old new maxsplit -1 return s replace old new maxsplit,How do a copy of string str return ?,string,in the original string,1,1,3,1
q2012,codeqa,How,def udp src dst payload udp Header H src + H dst + H len payload + 8 + H 0 return udp Header + payload,How do a udp datagram construct ?,with the given source,in a specific format.,1,1,3,1
q2015,codeqa,How,def mirror x clip apply to 'mask' return clip fl image lambda f f[ -1 ] apply to apply to,How does the code flip the clip ?,horizontally,inverts,1,1,3,1
q2020,codeqa,How,def caa art album if album mb albumid yield CAA URL format mbid album mb albumid if album mb releasegroupid yield CAA GROUP URL format mbid album mb releasegroupid,How do i release ?,group,No,1,1,3,1
q2024,codeqa,When,def is overlapping t memlen itemsize ndim shape strides offset tvisited 1 << memlen for ind in indices shape i memory index ind t bit 1 << i if visited & bit return Truevisited bitreturn False,When is at least one memory location visited ?,twice,TRUE,1,1,3,1
q2030,codeqa,How,def get group with redirect id queryset None if queryset is None queryset Group objects all getter Group objects get from cacheelse getter queryset gettry return getter id id False except Group Does Not Exist as error from sentry models import Group Redirectqs Group Redirect objects filter previous group id id values list 'group id' flat True try return queryset get id qs True except Group Does Not Exist raise error,How d the code retrieve a group ?,by i d,return a Group object,1,1,3,1
q2036,codeqa,How,@pytest mark parametrize 'parallel' [ True False] def test delimiter parallel read basic text '\n COL 1 COL 2 COL 3 \n 1 A- 1 \n 2 B- 2 \n'expected Table [[ 1 2] ['A' 'B'] [ -1 -2 ]] names 'COL 1 ' 'COL 2 ' 'COL 3 ' for sep in ' DCTB # ' table read basic text replace '' sep delimiter sep parallel parallel assert table equal table expected,How do different delimiters work ?,as expected,They are ignored.,1,1,3,1
q2037,codeqa,How,def determine format request serializer default format u'application/json' if request GET get u'format' if request GET[u'format'] in serializer formats return serializer get mime for format request GET[u'format'] if u'callback' in request GET return serializer get mime for format u'jsonp' if request META get u'HTTP ACCEPT' u'*/*' u'*/*' formats list serializer supported formats or [] formats reverse try best format mimeparse best match formats request META[u'HTTP ACCEPT'] except Value Error raise Bad Request u' Invalid Acceptheader' if best format return best formatreturn default format,How does which output format is desired determine ?,smartly,application/json,1,1,3,1
q2040,codeqa,How,def replace In File filename old To New os rename filename filename + ' bak' f open filename + ' bak' d f read f close for k v in old To New items d d replace k v f open filename + ' new' 'w' f write d f close os rename filename + ' new' filename os unlink filename + ' bak',How do i replace the text oldstr with newstr in filename ?,using science,"Write the old string to a temporary file, replace the original file with the new string, and then write the old string to the temporary file.",1,1,3,1
q2044,codeqa,When,def exhaust stream f def wrapper self stream *args **kwargs try return f self stream *args **kwargs finally exhaust getattr stream 'exhaust' None if exhaust is not None exhaust else while 1 chunk stream read 1024 * 64 if not chunk breakreturn update wrapper wrapper f,When does methods exhaust the stream ?,on return,When the stream is not None.,1,1,3,1
q2048,codeqa,How,@pytest mark parametrize 'key modifiers text filtered' [ Qt Key A Qt No Modifier 'a' True Qt Key Up Qt No Modifier '' False Qt Key A Qt Shift Modifier 'A' True Qt Key A Qt Shift Modifier Qt Control Modifier 'x' False ] def test non alphanumeric key modifiers text filtered fake keyevent factory modeman evt fake keyevent factory key key modifiers modifiers text text assert modeman event Filter evt filtered,How are non - alphanumeric keys passed through ?,correctly,They are filtered out.,1,1,3,1
q2049,codeqa,Where,@pytest mark parametrize 'key modifiers text filtered' [ Qt Key A Qt No Modifier 'a' True Qt Key Up Qt No Modifier '' False Qt Key A Qt Shift Modifier 'A' True Qt Key A Qt Shift Modifier Qt Control Modifier 'x' False ] def test non alphanumeric key modifiers text filtered fake keyevent factory modeman evt fake keyevent factory key key modifiers modifiers text text assert modeman event Filter evt filtered,In which direction are non - alphanumeric keys passed correctly ?,through,"Yes 
The keys are passed in the correct case.",1,1,3,1
q2058,codeqa,Where,def if Platform Supported f @wraps f def wrapper self *args **kwargs supported platform get Type 'posix' if supported return f self *args **kwargs else e self assert Raises Not Implemented Error Skip Test self failure Exception f self *args **kwargs if isinstance e Not Implemented Error self assert True str e startswith 'is Runningisnotimplementedon' return wrapper,Where did that work ?,on all platforms,Windows,1,1,3,1
q2059,codeqa,How,def walk top func arg try names os listdir top except os error returnfunc arg top names for name in names name join top name try st os lstat name except os error continueif stat S ISDIR st st mode walk name func arg,How do tree walk ?,with callback function,in depth,1,1,3,1
q2062,codeqa,How,@run command @click option '--bind' '-b' default None help ' Bindaddress ' type Address @click option '--upgrade' default False is flag True help ' Upgradebeforestarting ' @click option '--noinput' default False is flag True help ' Donotprompttheuserforinputofanykind ' @configurationdef smtp bind upgrade noinput if upgrade click echo ' Performingupgradebeforeservicestartup ' from sentry runner import call commandcall command 'sentry runner commands upgrade upgrade' verbosity 0 noinput noinput from sentry services smtp import Sentry SMTP Server Sentry SMTP Server host bind[ 0 ] port bind[ 1 ] run,How do inbound email service run ?,code,It does not run.,1,1,3,1
q2064,codeqa,How,def test softmax def softmax values m np max values e np exp values - m return e / np sum e x K placeholder ndim 2 f K function [x] [activations softmax x ] test values get standard values result f [test values] [0 ]expected softmax test values assert allclose result expected rtol 1e- 05,How do a reference implementation of softmax use ?,test,uses the NumPy library.,1,1,3,1
q2066,codeqa,How,def get keys keynames None filters None region None key None keyid None profile None conn get conn region region key key keyid keyid profile profile try keys conn get all key pairs keynames filters log debug 'thekeytoreturnis {0 }' format keys key values []if keys for key in keys key values append key name return key valuesexcept boto exception Boto Server Error as e log debug e return False,How does the code filter them ?,by name,It does not filter the keys.,1,1,3,1
q2067,codeqa,How,def get keys keynames None filters None region None key None keyid None profile None conn get conn region region key key keyid keyid profile profile try keys conn get all key pairs keynames filters log debug 'thekeytoreturnis {0 }' format keys key values []if keys for key in keys key values append key name return key valuesexcept boto exception Boto Server Error as e log debug e return False,How does the code get all keys ?,by name,in a paginated manner.,1,1,3,1
q2076,codeqa,How,def init runlevel return ' Notimplementedon Windowsatthistime ',How does the code change the system ?,runlevel,No,1,1,3,1
q2077,codeqa,How,def gpi 10 iterator handle for inline in handle if inline[ 0 ] ' ' continueinrec inline rstrip '\n' split ' DCTB ' if len inrec 1 continueinrec[ 5 ] inrec[ 5 ] split ' ' inrec[ 8 ] inrec[ 8 ] split ' ' yield dict zip GPI 10 FIELDS inrec,By how much did the code read ?,1,10,1,1,3,1
q2079,codeqa,Where,def send instance update notification context instance old vm state None old task state None new vm state None new task state None service 'compute' host None payload info from instance context instance None None if not new vm state new vm state instance['vm state']if not new task state new task state instance['task state']states payload {'old state' old vm state 'state' new vm state 'old task state' old task state 'new task state' new task state}payload update states payload audit start audit end audit period bounds current period True payload['audit period beginning'] audit startpayload['audit period ending'] audit endbw bandwidth usage instance audit start payload['bandwidth'] bwpublisher id notifier api publisher id service host notifier api notify context publisher id 'compute instance update' notifier api INFO payload,In which direction does the code send ?,compute,Upward,1,1,3,1
q2080,codeqa,When,def symptom minimum password age greater than expires days min age CONF security compliance minimum password ageexpires CONF security compliance password expires daysreturn min age > expires if min age > 0 and expires > 0 else False,When does the password expire ?,days,The password expires in 0 days.,1,1,3,1
q2081,codeqa,Where,def diff *paths ret {}pkg to paths {}for pth in paths pth pkg salt ['lowpkg owner'] pth if not pth pkg ret[pth] os path exists pth and ' Notmanaged' or 'N/A' else if pkg to paths get pth pkg is None pkg to paths[pth pkg] []pkg to paths[pth pkg] append pth if pkg to paths local pkgs salt ['pkg download'] *pkg to paths keys for pkg files in six iteritems pkg to paths for path in files ret[path] salt ['lowpkg diff'] local pkgs[pkg]['path'] path or ' Unchanged' return ret,Where do a formatted diff between current files and original return ?,in a package,files,1,1,3,1
q2096,codeqa,How,def parse html html parser Parser parser feed html parser close document parser rootdocument finalize if len document children 1 if not isinstance document children[ 0 ] basestring document document children[ 0 ]return document,How can a python object structure be compared against other html on semantic equivilance ?,easily,Does the code compare the structure of a Python object against other HTML on semantic equivalence.,1,1,3,1
q2097,codeqa,How,def floating ip get by address context address return IMPL floating ip get by address context address,How does the code get a floating ip if it does nt exist ?,by address or raise,No,1,1,3,1
q2098,codeqa,When,"def python 3000 not equal logical line pos logical line find '<>' if pos > -1 yield pos ""W 603 '<>'isdeprecated use' '""",When should new code use ?,always,use '<>',1,1,3,1
q2099,codeqa,How,def stop name cmd 'monitstop{ 0 }' format name return not salt ['cmd retcode'] cmd python shell False,How does service stop ?,via monit cli example,in the background,1,1,3,1
q2105,codeqa,When,@utils arg 'server' metavar '<server>' help ' Nameor I Dofserver ' def do unrescue cs args find server cs args server unrescue,When does the code restart the server from normal boot disk ?,again,No,1,1,3,1
q2106,codeqa,When,def get time in millisecs datetime obj seconds time mktime datetime obj timetuple * 1000 return seconds + datetime obj microsecond / 1000 0,When does time return ?,in milliseconds,seconds,1,1,3,1
q2111,codeqa,Where,def check valid sports naming pattern None if pattern is None pattern sickbeard NAMING PATTER Nlogger log u' Checkingwhetherthepattern' + pattern + u'isvalidforansportsepisode' logger DEBUG valid validate name pattern sports True return valid,In which direction can the name be parsed to its original form for an sports format ?,back,ascending,1,1,3,1
q2115,codeqa,How,def advanced search pattern query parsed QUERY parse String pattern return Entry published filter query parsed[ 0 ] distinct,How does the code build a queryset ?,with it,It does not build a queryset.,1,1,3,1
q2118,codeqa,When,def multicall conf context topic msg timeout None check serialize msg method msg get 'method' if not method returnargs msg get 'args' {} version msg get 'version' None try consumer CONSUMERS[topic][ 0 ]except Key Error Index Error return iter [ None] else return consumer call context version method args timeout,When does a call return ?,multiple times,iter [ None],1,1,3,1
q2120,codeqa,How,def boot time return cext boot time,How did the system boot time express since the epoch ?,in seconds,Now,1,1,3,1
q2124,codeqa,How,def quiet close closable try closable close except Exception logger debug u' Exceptionwhileclosing' exc info True,How does a closable object close ?,quietly,It does not close.,1,1,3,1
q2125,codeqa,How,def get phylogenetic metric name for metric in phylogenetic metrics if metric name lower name lower return metricraise Attribute Error,How does the code get metric from list in this module ?,by name,It does not.,1,1,3,1
q2135,codeqa,For what purpose,def finder for path path result Nonepkgutil get importer path loader sys path importer cache get path finder finder registry get type loader if finder module dummy modulemodule file os path join path u'' module loader loaderresult finder module return result,For what purpose do a resource finder return ?,for a path,finder module,1,1,3,1
q2136,codeqa,When,def get cli body ssh command response module if 'xml' in response[ 0 ] body []elif '^' in response[ 0 ] or 'summary' in command body responseelse try body [json loads response[ 0 ] ]except Value Error module fail json msg ' Commanddoesnotsupport JSO Noutput' command command return body,When does the code get response ?,for when transport = cli,When the code gets the response.,1,1,3,1
q2137,codeqa,How,def check explicit underscore import logical line filename for file in UNDERSCORE IMPORT FILES if file in filename returnif underscore import check match logical line or underscore import check multi match logical line or custom underscore check match logical line UNDERSCORE IMPORT FILES append filename elif translated log match logical line or string translation match logical line yield 0 'N 323 Founduseof withoutexplicitimportof ',How are any files that are using the _ ( ) function to translate logs importing the _ function ?,explicitly,They are not.,1,1,3,1
q2147,codeqa,How,def get available formats ret ''for formats in IRC FORMATTING DICT ret + formats + ' ' return ret[ -2 ],How can you use the formats ?,in self,"You can use the formats by calling the function with a dictionary as an argument, like this: `get_available_formats({'text': 'bold', 'code': 'italic'})`.",1,1,3,1
q2150,codeqa,When,@ffi callback 'int void*handle intrevents ' def python callback handle revents try watcher ffi from handle handle args watcher argsif args is None args NOARG Sif len args > 0 and args[ 0 ] GEVENT CORE EVENTS args revents + args[ 1 ] watcher callback *args except watcher exc info sys exc info watcher loop keepaliveset add watcher return -1 else if watcher in watcher loop keepaliveset return 0return 1,When does an exception occur ?,during the callback,Exception,1,1,3,1
q2155,codeqa,How,def merge into reversed *iterables return sorted itertools chain *iterables reverse True,How do multiple sorted inputs merge into a single output ?,in reverse order,in sorted order,1,1,3,1
q2156,codeqa,When,def mkdirs path if not os access os path join path os path curdir os F OK log debug 'creatingtempdirectory%s' path os mkdir path return path,When does it exist ?,already,"Yes 
it does not exist",1,1,3,1
q2159,codeqa,How,def decode string escape py 2 str return str decode 'string escape',How do python2 string escape not use ?,directly,No,1,1,3,1
q2160,codeqa,Where,def putaway object finder getfinder args {}attrs {}args['----'] aetypes Object Specifier want aetypes Type 'cdis' form 'name' seld object fr None reply args attrs talker send 'fndr' 'ptwy' args attrs if args has key 'errn' raise Error aetools decodeerror args if args has key '----' return args['----'],In which direction do the object puth ?,away,Upward,1,1,3,1
q2161,codeqa,For what purpose,def suite s Test Suite map s add Test test suites return s,For what purpose does a test suite build ?,for the geos tests,It tests,1,1,3,1
q2169,codeqa,Where,def ps path project load project path result {}if isinstance project dict return projectelse if USE FILTERCLASS containers sorted project containers None stopped True + project containers None One Off Filter only key attrgetter 'name' else containers sorted project containers None stopped True + project containers None one off True key attrgetter 'name' for container in containers command container human readable commandif len command > 30 command '{ 0 } ' format command[ 26 ] result[container name] {'id' container id 'name' container name 'command' command 'state' container human readable state 'ports' container human readable ports}return standardize result True ' Listingdocker-composecontainers' result None,Where is the docker - compose file stored ?,where,docker-compose file,1,1,3,1
q2170,codeqa,When,def gettext noop message return message,When does them nt translate ?,now,"When does the function not translate?
 
No",1,1,3,1
q2172,codeqa,Where,@pytest fixturedef right triple fork structure request right double fork structure random sequence graph core sequence L HDN R top sequence right double fork structurebottom branch random sequence exclude core sequence + top sequence print len core sequence len top sequence len bottom branch bases {'A' 'C' 'G' 'T'}mutated random choice list bases - {R[ -1 ] top sequence[ R pos + K - 1 ]} bottom sequence core sequence[ HDN pos + K ] + mutated + bottom branch graph consume bottom sequence core hdns hdn counts core sequence graph top hdns hdn counts top sequence graph bottom hdns hdn counts bottom sequence graph if not core hdns top hdns bottom hdns {4 1} print core hdns top hdns bottom hdns request applymarker pytest mark xfail return graph core sequence L HDN R top sequence bottom sequence,Where is s the start position of the high degreen node ?,where,top sequence,1,1,3,1
q2174,codeqa,Where,def reset name ret {}client salt client get local client opts ['conf file'] data vm info name quiet True if not data jid event fire event {'message' ' Failedtofind VM{ 0 }toreset' format name } 'progress' return 'fail'host next six iterkeys data try cmd ret client cmd iter host 'virt reset' [name] timeout 600 for comp in cmd ret ret update comp jid event fire event {'message' ' Reset VM{ 0 }' format name } 'progress' except Salt Client Error as client error print client error return ret,In which direction do power force ?,down,No,1,1,3,1
q2176,codeqa,How,def extract dependencies reg assignments return sorted [k for k v in assignments items if v reg ],How do all registers depend on the specified register ?,directly,in ascending order,1,1,3,1
q2177,codeqa,Where,def copy annotations src dest assert len src len dest for src tok dest tok in zip src dest dest tok annotation src tok annotation,Where did the tokens list ?,in src,dest,1,1,3,1
q2178,codeqa,For what purpose,def Link File Lock *args **kwds from import linklockfilereturn fl helper linklockfile Link Lock File 'lockfile linklockfile' *args **kwds,For what purpose did factory function provide ?,for backwards compatibility,File locking,1,1,3,1
q2181,codeqa,Where,def flatnonzero a if a ndim 0 raise Value Error ' Nonzeroonlysupportsnon-scalararrays ' return nonzero a flatten return matrix True [0 ],Where are indices are non - zero ?,in the flattened version of a,the first element,1,1,3,1
q2187,codeqa,Where,def get current comp info comp Nonefirst comp -1 for k chan in enumerate info['chs'] if chan['kind'] FIFF FIFFV MEG CH comp int chan['coil type'] >> 16 if first comp < 0 first comp compelif comp first comp raise Value Error ' Compensationisnotsetequallyonall ME Gchannels' return comp,Where does the code get the current compensation in effect ?,in the data,MEG channels,1,1,3,1
q2188,codeqa,How,def idz sfrm l n w x return id idz sfrm l n w x,How do complex vector transform ?,via a composition of rokhlins random transform,No,1,1,3,1
q2196,codeqa,How,def check output *popenargs **kwargs if 'stdout' in kwargs raise Value Error 'stdoutargumentnotallowed itwillbeoverridden ' process Popen stdout PIPE *popenargs **kwargs output unused err process communicate retcode process poll if retcode cmd kwargs get 'args' if cmd is None cmd popenargs[ 0 ]raise Called Process Error retcode cmd output output return output,How does the code return its output ?,as a byte string,the output,1,1,3,1
q2197,codeqa,How,@bdd then bdd parsers parse ' Therequestsshouldbe \n{pages}' def list of requests httpbin pages expected requests [httpbin Expected Request 'GET' '/' + path strip for path in pages split '\n' ]actual requests httpbin get requests assert actual requests expected requests,How were the given requests done ?,from the webserver,GET,1,1,3,1
q2205,codeqa,How,def safe split estimator X y indices train indices None if getattr estimator ' pairwise' False if not hasattr X 'shape' raise Value Error ' Precomputedkernelsoraffinitymatriceshavetobepassedasarraysorsparsematrices ' if X shape[ 0 ] X shape[ 1 ] raise Value Error ' Xshouldbeasquarekernelmatrix' if train indices is None X subset X[np ix indices indices ]else X subset X[np ix indices train indices ]else X subset safe indexing X indices if y is not None y subset safe indexing y indices else y subset Nonereturn X subset y subset,How do kernels handle ?,properly,in-place,1,1,3,1
q2206,codeqa,How,def test angsep from angle utilities import angular separationfor conv in np deg 2 rad lambda x u Quantity x u'deg' lambda x Angle x u'deg' for lon 1 lat 1 lon 2 lat 2 corrsep in zip coords correct seps angsep angular separation conv lon 1 conv lat 1 conv lon 2 conv lat 2 assert np fabs angsep - conv corrsep < conv correctness margin,How does the angular separation object behave also ?,correctly,"It does not behave like a typical object, as it is a function.",1,1,3,1
q2211,codeqa,Where,@ File System in directory current directory 'django' 'kale' def test harvest uses test runner status out run scenario 'leaves' 'modification' assert equals status 0 out,Where did lettuce_test_server specify ?,in settings,directory,1,1,3,1
q2214,codeqa,For what purpose,def Escape Cpp Define For MS Build s s Escape Environment Variable Expansion s s Escape Command Line Argument For MS Build s s Escape MS Build Special Characters s s s replace '#' '\\% 03 o' % ord '#' return s,For what purpose does the code escape a cpp define ?,so that it will reach the compiler unaltered,For MS Build.,1,1,3,1
q2221,codeqa,How,def load all namespaces resolver url patterns getattr resolver 'url patterns' [] namespaces [url namespace for url in url patterns if getattr url 'namespace' None is not None ]for pattern in url patterns namespaces extend load all namespaces pattern return namespaces,How do all namespaces load from url patterns ?,recursively,in parallel,1,1,3,1
q2223,codeqa,When,@error context awaredef lv reactivate vg name lv name timeout 10 try utils run 'lvchange-an/dev/%s/%s' % vg name lv name time sleep timeout utils run 'lvchange-ay/dev/%s/%s' % vg name lv name time sleep timeout except error Cmd Error logging error ' Failedtoreactivate%s-please ' + 'nuketheprocessthatusesitfirst ' lv name raise error Test Error ' Thelogicalvolume%sisstillactive' % lv name,Till when is some of the lvs active in case of unclean shutdowns ?,still,10,1,1,3,1
q2224,codeqa,When,@error context awaredef lv reactivate vg name lv name timeout 10 try utils run 'lvchange-an/dev/%s/%s' % vg name lv name time sleep timeout utils run 'lvchange-ay/dev/%s/%s' % vg name lv name time sleep timeout except error Cmd Error logging error ' Failedtoreactivate%s-please ' + 'nuketheprocessthatusesitfirst ' lv name raise error Test Error ' Thelogicalvolume%sisstillactive' % lv name,Till when did some of the lvs merge ?,still,10,1,1,3,1
q2236,codeqa,How,def readmailcapfile fp lineno caps {}while 1 line fp readline if not line breakif line[ 0 ] '#' or line strip '' continuenextline linewhile nextline[ -2 ] '\\\n' nextline fp readline if not nextline nextline '\n'line line[ -2 ] + nextline key fields parseline line if not key and fields continueif lineno is not None fields['lineno'] linenolineno + 1types key split '/' for j in range len types types[j] types[j] strip key '/' join types lower if key in caps caps[key] append fields else caps[key] [fields]return caps lineno,How did a dictionary key ?,by mime type,it was split,1,1,3,1
q2237,codeqa,How,def test parent parent Parent t usertypes Timer parent assert t parent is parent,How is the parent set ?,correctly,assert,1,1,3,1
q2241,codeqa,How,def replace s old new maxsplit 0 return s replace old new maxsplit,How do a copy of string str return ?,string,in the same way as the original string,1,1,3,1
q2243,codeqa,How,@py test mark parametrize 'item name' [item name for item in six urllib robotparser moved attributes] def test move items urllib robotparser item name if sys version info[ 2] > 2 6 assert item name in dir six moves urllib robotparser getattr six moves urllib robotparser item name,How do everything load ?,correctly,assert everything,1,1,3,1
q2246,codeqa,How,def reset vm dom get domain vm return dom reset 0 0,How does the code reset a vm ?,by emulating the reset button on a physical machine cli example,in-place,1,1,3,1
q2253,codeqa,How,"def mute string text start text index text[ -1 ] + 1 end len text - 1 if text[ -3 ] in '""""""' ""'''"" start + 2end - 2return text[ start] + 'x' * end - start + text[end ]",How does the code replace contents to prevent syntax matching ?,with xxx,in-place,1,1,3,1
q2254,codeqa,How,def ceil shift n b if not isinstance n int long or not isinstance b int long raise Type Error 'unsupportedoperandtype s %rand%r' % type n name type b name assert n > 0 and b > 0 mask 1L << b - 1 if n & mask return n >> b + 1 else return n >> b,How do ceil return ?,without performing any floating - point or division operations,ceil returns n shifted left by b bits,1,1,3,1
q2256,codeqa,Where,def login required function None redirect field name REDIRECT FIELD NAME actual decorator user passes test lambda u u is authenticated redirect field name redirect field name if function return actual decorator function return actual decorator,In which direction is the user logged ?,in,"Yes, the user is logged in.",1,1,3,1
q2263,codeqa,How,def test paginated url url urlparams reverse 'search' q 'bookmarks' page 2 request Request Factory get url queryset [{} {}]paginated paginate request queryset eq paginated url request build absolute uri request path + '?q bookmarks',How do page param duplicate ?,in pagination,"No, it does not.",1,1,3,1
q2265,codeqa,How,@dispatch Head box bcolz ctable box bcolz carray def compute down expr data **kwargs leaf expr leaves [0 ]if all isinstance e Cheap for e in path expr leaf val data valuereturn compute expr {leaf into Iterator val } return type 'native' **kwargs else raise MD Not Implemented Error,How do on data compute then ?,directly,in-place,1,1,3,1
q2266,codeqa,How,def iddp aid eps A A np asfortranarray A m n A shape n2 w idd frmi m proj np empty n * 2 * n2 + 1 + n2 + 1 order 'F' k idx proj id iddp aid eps A w proj proj proj[ k * n - k ] reshape k n - k order 'F' return k idx proj,How d i d of a real matrix compute to a specified relative precision ?,using random sampling,real matrix elements,1,1,3,1
q2273,codeqa,How,def read forward solution meg *args **kwargs fwd read forward solution *args **kwargs fwd pick types forward fwd meg True eeg False return fwd,How did the code read forward ?,meg,It does not.,1,1,3,1
q2274,codeqa,How,def renames old new head tail path split new if head and tail and not path exists head makedirs head rename old new head tail path split old if head and tail try removedirs head except error pass,How does directories create ?,as necessary,in-place,1,1,3,1
q2276,codeqa,How,def filter Bad Releases name try fp Name Parser parse result fp parse name except Invalid Name Exception logger log u' Unabletoparsethefilename' + name + 'intoavalidepisode' logger WARNING return Falsecheck string ''if parse result extra info check string parse result extra infoif parse result release group if check string check string check string + '-' + parse result release group else check string parse result release groupif not check string return Truefor ignore word in result Filters + sickbeard IGNORE WORDS split ' ' ignore word ignore word strip if ignore word if re search ' ^ [\\W ] ' + ignore word + ' $ [\\W ] ' check string re I logger log u' Invalidscenerelease ' + name + 'contains' + ignore word + ' ignoringit' logger DEBUG return Falsereturn True,How does non - english and just all - around stupid releases filter ?,by comparing them to the resultfilters contents,Returns False,1,1,3,1
q2277,codeqa,How,@require authorized access to student datadef student view context request user get user from request request request if not user raise Http 404 ' Usernotfound ' context {'facility id' user facility id 'student' user}return context,How did context do ?,separately,It does not return anything.,1,1,3,1
q2278,codeqa,How,def encode params utf 8 params encoded []for k v in params encoded append k encode 'utf- 8 ' if isinstance k unicode else k v encode 'utf- 8 ' if isinstance v unicode else v return encoded,How are all parameters in a list of 2-element tuples encoded to bytestrings ?,using utf-8,in bytes,1,1,3,1
q2282,codeqa,Where,def find undeclared variables ast codegen Tracking Code Generator ast environment codegen visit ast return codegen undeclared identifiers,In which direction will all variables in the ast be looked at runtime ?,from the context,Forward,1,1,3,1
q2284,codeqa,How,def guess content type url OCTET STREAM 'application/octet-stream'n url rfind ' ' if n -1 return OCTET STREA Mreturn mimetypes types map get url[n ] lower OCTET STREAM,How do content type guess ?,by url,in descending order,1,1,3,1
q2286,codeqa,How,"def open filename mode 'rb' compresslevel 9 encoding None errors None newline None if 't' in mode if 'b' in mode raise Value Error ' Invalidmode %r' % mode else if encoding is not None raise Value Error "" Argument'encoding'notsupportedinbinarymode"" if errors is not None raise Value Error "" Argument'errors'notsupportedinbinarymode"" if newline is not None raise Value Error "" Argument'newline'notsupportedinbinarymode"" bz mode mode replace 't' '' binary file BZ 2 File filename bz mode compresslevel compresslevel if 't' in mode return io Text IO Wrapper binary file encoding errors newline else return binary file",How does the code open a bzip2-compressed file ?,in binary or text mode,returns a bzip2-compressed file,1,1,3,1
q2289,codeqa,How,def set by cli var detector set by cli detectorif detector is None plugins plugins disco Plugins Registry find all reconstructed args helpful parser args + [helpful parser verb] detector set by cli detector prepare and parse args plugins reconstructed args detect defaults True detector authenticator detector installer plugin selection cli plugin requests detector logger debug ' Default Detectoris%r' detector if not isinstance getattr detector var Default return Truefor modifier in VAR MODIFIERS get var [] if set by cli modifier return Truereturn False,How do the user set it to the default ?,explicitly,return True,1,1,3,1
q2291,codeqa,When,def cloudformation registry xml parent data region dict cloudformation region dict stacks cloudformation init xml parent data ' Cloud Formation Build Step' for stack in data cloudformation stack xml parent stack ' Post Build Stack Bean' stacks region dict,When do them delete optionally cloudformation ?,at the end,When do they delete the CloudFormation stack?,1,1,3,1
q2292,codeqa,How,def cloudformation registry xml parent data region dict cloudformation region dict stacks cloudformation init xml parent data ' Cloud Formation Build Step' for stack in data cloudformation stack xml parent stack ' Post Build Stack Bean' stacks region dict,How do them delete optionally at the end ?,cloudformation,They are not deleted.,1,1,3,1
q2295,codeqa,How,def floating ip update context address values return IMPL floating ip update context address values,How does the code update a floating ip if it does nt exist ?,by address or raise,No,1,1,3,1
q2296,codeqa,How,def enroll email course id student email auto enroll False email students False email params None language None previous state Email Enrollment State course id student email enrollment obj Noneif previous state user if Course Mode is white label course id course mode Course Mode DEFAULT SHOPPINGCART MODE SLU Gelse course mode Noneif previous state enrollment course mode previous state modeenrollment obj Course Enrollment enroll by email student email course id course mode if email students email params['message'] 'enrolled enroll'email params['email address'] student emailemail params['full name'] previous state full namesend mail to student student email email params language language else cea Course Enrollment Allowed objects get or create course id course id email student email cea auto enroll auto enrollcea save if email students email params['message'] 'allowed enroll'email params['email address'] student emailsend mail to student student email email params language language after state Email Enrollment State course id student email return previous state after state enrollment obj,How do a student enroll ?,by email,enrolls a student in a course.,1,1,3,1
q2305,codeqa,How,def register func *targs **kargs if hasattr atexit 'unregister' atexit register func *targs **kargs else exithandlers append func targs kargs return func,How be a function executed ?,upon normal program termination func - function to be called at exit targs - optional arguments to pass to func kargs - optional keyword arguments to pass to func func,in the same process as the registered function,1,1,3,1
q2306,codeqa,How,def register func *targs **kargs if hasattr atexit 'unregister' atexit register func *targs **kargs else exithandlers append func targs kargs return func,How be normal program termination func - function called ?,at exit targs,No,1,1,3,1
q2308,codeqa,How,def header decode s s s replace ' ' '' return re sub ' [a-f A-F 0 - 9 ]{ 2 }' unquote match s flags re ASCII,How did a string encode ?,with rfc 2045 mime header q encoding,It does not encode a string.,1,1,3,1
q2309,codeqa,For what purpose,def Add Request S Handle pIO Type Channel Value x1 User Data if os name 'nt' static Lib ctypes windll Load Library 'labjackud' v ctypes c double Value ud ctypes c double User Data ec static Lib Add Request S Handle pIO Type Channel v x1 ud if ec 0 raise Lab Jack Exception ec else raise Lab Jack Exception 0 ' Functiononlysupportedfor Windows',For what purpose does the code add a request to the labjackud request stack ?,to get the ain value from channel 0,Function only supported for Windows,1,1,3,1
q2311,codeqa,How,def match Previous Literal expr rep Forward def copy Token To Repeater s l t if t if len t 1 rep << t[ 0 ] else tflat flatten t as List rep << And Literal tt for tt in tflat else rep << Empty expr add Parse Action copy Token To Repeater call During Try True rep set Name ' prev ' + ustr expr return rep,How is an expression defined from the tokens matched in a previous expression ?,indirectly,in reverse,1,1,3,1
q2313,codeqa,When,def node is booting instance try instance update except EC 2 Response Error as e check response error e u'flocker provision aws node is booting retry' Message new message type u'flocker provision aws node is booting update' instance state instance state ip address instance ip address write return instance state u'pending' or instance state u'rebooting' or instance state u'running' and instance ip address is None,Till when is an instance booting ?,still,running,1,1,3,1
q2316,codeqa,How,def brick get connector properties multipath False enforce multipath False root helper get root helper return connector get connector properties root helper CONF my ip multipath enforce multipath,How do root_helper set in brick calls ?,automatically,in the root helper method,1,1,3,1
q2317,codeqa,How,def write csv file path app messages lang dict app messages sort lambda x y cmp x[ 1 ] y[ 1 ] from csv import writerwith open path u'wb' as msgfile w writer msgfile lineterminator u'\n' for p m in app messages t lang dict get m u'' t re sub u'{\\s? [0 - 9 ]+ \\s?}' u'{\\g< 1 >}' t w writerow [ p encode u'utf- 8 ' if p else u'' m encode u'utf- 8 ' t encode u'utf- 8 ' ],How do translation write ?,csv file,in-place,1,1,3,1
q2331,codeqa,Where,def ncut relabel rag thresh num cuts d w ncut DW matrices rag m w shape[ 0 ]if m > 2 d2 d copy d2 data np reciprocal np sqrt d2 data out d2 data out d2 data vals vectors linalg eigsh d2 * d - w * d2 which 'SM' k min 100 m - 2 vals vectors np real vals np real vectors index 2 ncut cy argmin 2 vals ev vectors[ index 2 ] cut mask mcut get min ncut ev d w num cuts if mcut < thresh sub 1 sub 2 partition by cut cut mask rag ncut relabel sub 1 thresh num cuts ncut relabel sub 2 thresh num cuts return label all rag 'ncutlabel',Where does the code perform normalized graph cut ?,on the region adjacency graph,graph,1,1,3,1
q2334,codeqa,How,def reload module exclude 'sys' 'os path' 'builtins' ' main ' 'numpy' 'numpy globals' global found nowfor i in exclude found now[i] 1try with replace import hook deep import hook return deep reload hook module finally found now {},How do all modules used in the given module reload ?,recursively,in-place,1,1,3,1
q2335,codeqa,Where,def archive deleted rows context max rows None return IMPL archive deleted rows context max rows max rows,In which direction does the code move the code to corresponding shadow tables ?,from production tables,Upwards,1,1,3,1
q2344,codeqa,How,def serve 404 error request *args **kwargs access warn request '404 notfound' return render '404 mako' request dict uri request build absolute uri status 404,How did handler register ?,code,It does not.,1,1,3,1
q2345,codeqa,Where,def list files directory ret set ret add directory for root dirs files in safe walk directory for name in files ret add os path join root name for name in dirs ret add os path join root name return list ret,Where did all files find ?,under directory,root,1,1,3,1
q2348,codeqa,Where,def variable on cpu name shape initializer trainable True var tf get variable name shape initializer initializer trainable trainable return var,Where did a variable store ?,on cpu memory,tensor,1,1,3,1
q2349,codeqa,How,def get enabled prefix '/etc/rc[S{ 0 }] d/S' format get runlevel ret set lines glob glob '{ 0 }*' format prefix for line in lines ret add re split prefix + '\\d+' line [1 ] return sorted ret,How are service enabled ?,on boot cli example,in descending order,1,1,3,1
q2350,codeqa,Where,def gompertz x A u d v y0 y A * np exp - np exp u * np e / A * d - x + 1 + y0 return y,Where did gompertz growth model propose ?,in zwietering et al,Germany,1,1,3,1
q2361,codeqa,How,def floating ip get all by project context project id return IMPL floating ip get all by project context project id,How does the code float the code all ?,by project,No,1,1,3,1
q2362,codeqa,How,def floating ip get all by project context project id return IMPL floating ip get all by project context project id,By how much does the code float the code by project ?,all,No,1,1,3,1
q2363,codeqa,Where,def list return yaml True beacons Nonetry eventer salt utils event get event 'minion' opts opts res salt ['event fire'] {'func' 'list'} 'manage beacons' if res event ret eventer get event tag '/salt/minion/minion beacons list complete' wait 30 log debug 'event ret{ 0 }' format event ret if event ret and event ret['complete'] beacons event ret['beacons']except Key Error ret {}ret['result'] Falseret['comment'] ' Eventmodulenotavailable Beaconaddfailed 'return retif beacons if return yaml tmp {'beacons' beacons}yaml out yaml safe dump tmp default flow style False return yaml outelse return beaconselse return {'beacons' {}},Where did the beacons configure currently ?,on the minion,salt,1,1,3,1
q2365,codeqa,For what purpose,def html Parser page xmlfile paths ERRORS XM Lhandler HTML Handler page parse Xml File xmlfile handler if handler dbms and handler dbms not in kb html Fp kb last Parser Status handler dbmskb html Fp append handler dbms else kb last Parser Status Noneif re search 'SQL warning error syntax ' page re I handler mark As Error Page return handler dbms,For what purpose does a class parse the input html page ?,to fingerprint the back - end database management system,parse the input html page,1,1,3,1
q2369,codeqa,How,def parse version s parts []for part in parse version parts s or '0 1' lower if part startswith '*' if part < '*final' while parts and parts[ -1 ] '*final-' parts pop while parts and parts[ -1 ] '00000000 ' parts pop parts append part return tuple parts,How would versions work if you give it ?,with strictversion,in reverse order,1,1,3,1
q2376,codeqa,How,def dynamic import import string lastdot import string rfind ' ' if lastdot -1 return import import string {} {} [] module name attr import string[ lastdot] import string[ lastdot + 1 ] parent module import module name {} {} [attr] return getattr parent module attr,How do a module or object import ?,dynamically,in-place,1,1,3,1
q2379,codeqa,For what purpose,"def upgrade With IQ Response Tracker xs def callback iq '\n Handleiqresponsebyfiringassociateddeferred \n'if getattr iq 'handled' False returntry d xs iq Deferreds[iq['id']]except Key Error passelse del xs iq Deferreds[iq['id']]iq handled Trueif iq['type'] 'error' d errback error exception From Stanza iq else d callback iq def disconnected ""\n Makesuredeferredsdonotlingeronafterdisconnect \n\n Thiserrbacksalldeferredsofiq'sforwhichnoresponsehasbeen\nreceivedwitha L{ Connection Lost}failure Otherwise thedeferreds\nwillneverbefired \n""iq Deferreds xs iq Deferredsxs iq Deferreds {}for d in itervalues iq Deferreds d errback Connection Lost xs iq Deferreds {}xs iq Default Timeout getattr xs 'iq Default Timeout' None xs add Observer xmlstream STREAM END EVENT disconnected xs add Observer '/iq[@type ""result""]' callback xs add Observer '/iq[@type ""error""]' callback directly Provides xs ijabber IIQ Response Tracker",For what purpose does an xmlstream enhance ?,for iq response tracking,xmlstream provides error handling.,1,1,3,1
q2384,codeqa,When,@task base Base Instructor Task def calculate may enroll csv entry id xmodule instance args action name ugettext noop 'generated' task fn partial upload may enroll csv xmodule instance args return run main task entry id task fn action name,When have invited students not enrolled in a given course ?,yet,No,1,1,3,1
q2385,codeqa,For what purpose,@task base Base Instructor Task def calculate may enroll csv entry id xmodule instance args action name ugettext noop 'generated' task fn partial upload may enroll csv xmodule instance args return run main task entry id task fn action name,For what purpose did the csv upload to an s3 bucket ?,for download,upload to an S3 bucket,1,1,3,1
q2389,codeqa,How,def pad dims input leftdims rightdims assert input ndim > rightdims if input ndim leftdims + rightdims return inputimg shape input shape[ - rightdims ]non pool ndim input ndim - rightdims if non pool ndim < leftdims dummy dims tensor as tensor [1 ] * leftdims - non pool ndim new shape tensor join 0 dummy dims input shape[ non pool ndim] img shape else batched ndim non pool ndim - leftdims + 1 batch size tensor prod input shape[ batched ndim] batch size tensor shape padright batch size 1 new shape tensor join 0 batch size input shape[batched ndim non pool ndim] img shape new shape tensor cast new shape 'int 64 ' input ND Gpu Reshape leftdims + rightdims input new shape return input ND,How do inputs pool ?,with arbitrary non - pooling dimensions,batched,1,1,3,1
q2393,codeqa,Where,def streaming bulk client actions chunk size 500 max chunk bytes 100 * 1024 * 1024 raise on error True expand action callback expand action raise on exception True **kwargs actions map expand action callback actions for bulk actions in chunk actions actions chunk size max chunk bytes client transport serializer for result in process bulk chunk client bulk actions raise on exception raise on error **kwargs yield result,In which direction did the pass ?,in,Upward,1,1,3,1
q2396,codeqa,Where,def find autosummary in files filenames documented []for filename in filenames f open filename 'r' lines f read splitlines documented extend find autosummary in lines lines filename filename f close return documented,Where are what items documented ?,in source/ *,files,1,1,3,1
q2401,codeqa,For what purpose,def Analyze APK filename decompiler 'dad' session None androconf debug ' Analyze APK' if not session session CONF['SESSION']with open filename 'r' as fd data fd read session add filename data return session get objects apk filename,For what purpose do all stuff setup ?,for a more quickly analysis,For debugging.,1,1,3,1
q2404,codeqa,How,def Decode Control Tuples ldap Control Tuples return [known LDAP Controls get control Type LDAP Control control Type criticality encoded Control Value encoded Control Value for control Type criticality encoded Control Value in ldap Control Tuples or [] ],How can readily encoded 3-tuples be passed to c module ?,directly,return [c.decode(3) for c in ldap_control_tuples],1,1,3,1
q2409,codeqa,When,@step '{word w}steppasses' def step passes context word pass,When does step fail ?,always,When the word 'pass' is encountered.,1,1,3,1
q2412,codeqa,How,def test simple cons entry tokenize ' a b ' [0 ]assert entry Hy Cons Hy Symbol 'a' Hy Symbol 'b',How do cons tokeniz ?,correctly,in place,1,1,3,1
q2413,codeqa,How,def init readline vars try import ctypesexcept Import Error returnlib name find readline lib if lib name is not None lib ctypes cdll Load Library lib name global rl completion suppress appendrl completion suppress append ctypes c int in dll lib 'rl completion suppress append',How did by readline insert ?,automatically,It inserts the readline library.,1,1,3,1
q2415,codeqa,How,"def change root new root pathname if os name 'posix' if not os path isabs pathname return os path join new root pathname else return os path join new root pathname[ 1 ] elif os name 'nt' drive path os path splitdrive pathname if path[ 0 ] '\\' path path[ 1 ]return os path join new root path elif os name 'os 2 ' drive path os path splitdrive pathname if path[ 0 ] os sep path path[ 1 ]return os path join new root path else raise Distutils Platform Error ""nothingknownaboutplatform'%s'"" % os name",How do pathname return ?,with new_root prepended,os.path.join,1,1,3,1
q2426,codeqa,When,def main input dir vision Vision Api index Index allfileslist []for folder subs files in os walk input dir for filename in files allfileslist append os path join folder filename fileslist []for filename in allfileslist if index document is processed filename continuefileslist append filename for filenames in batch fileslist get text from files vision index filenames,When did image files not process ?,yet,"No, because the code does not contain any condition to check if an image file has not been processed.",1,1,3,1
q2427,codeqa,How,def login protected view changed redirect request t Template ' Thisisaloginprotectedtest Usernameis{{user username}} ' name ' Login Template' c Context {'user' request user} return Http Response t render c,How did that protect ?,login,It does not protect the view from unauthorized access.,1,1,3,1
q2433,codeqa,How,def mergedicts copy d1 d2 ret d1 copy setmerged ret d2 for k in d2 if k in d1 and isinstance d1 [k] dict and isinstance d2 [k] dict ret[k] mergedicts copy d1 [k] d2 [k] else ret[k] d2 [k]return ret,How do two dictionaries merge ?,recursively,in-place,1,1,3,1
q2436,codeqa,How,def extra padding x original size padding return resize original size 0 padding padding,How does the code reduce the width of original_size ?,by padding,in half,1,1,3,1
q2437,codeqa,When,def kernel versions debian kernel get selections salt ['cmd run'] 'dpkg--get-selectionslinux-image-*' kernels []kernel versions []for line in kernel get selections splitlines kernels append line try kernel kernels[ -2 ]except Index Error kernel kernels[ 0 ]kernel kernel rstrip ' DCTB DCTB install' kernel get version salt ['cmd run'] 'apt-cachepolicy' + kernel for line in kernel get version splitlines if line startswith ' Installed ' kernel v line strip ' Installed ' kernel versions append kernel v breakif grains ['os'] ' Ubuntu' kernel v kernel versions[ 0 ] rsplit ' ' 1 kernel ubuntu generic kernel v[ 0 ] + '-generic#' + kernel v[ 1 ] kernel ubuntu lowlatency kernel v[ 0 ] + '-lowlatency#' + kernel v[ 1 ] kernel versions extend [kernel ubuntu generic kernel ubuntu lowlatency] return kernel versions,When did kernel name instal ?,last,Ubuntu,1,1,3,1
q2439,codeqa,How,def process Element Node By Derivation derivation element Node if derivation None derivation Write Derivation element Node if len derivation targets < 1 print ' Warning process Element Nodeinwritecouldnotgettargetsfor 'print element Nodereturnfile Names []for target in derivation targets write Element Node derivation file Names target,How do the xml element process ?,by derivation,Write,1,1,3,1
q2441,codeqa,How,"def test completion for bash script bash completion ' pip completion \n{\n COMPREPLY $ COMP WORDS ""${COMP WORDS[*]}""\\\n COMP CWORD $COMP CWORD\\\n PIP AUTO COMPLETE 1$ 1 \n}\ncomplete-odefault-F pip completionpip'result script pip 'completion' '--bash' assert bash completion in result stdout 'bashcompletioniswrong'",How do completion for bash shell get ?,test,in the bash shell.,1,1,3,1
q2464,codeqa,When,def get cli body ssh command response module if 'xml' in response[ 0 ] or response[ 0 ] '\n' body []elif 'status' in command body responseelse try body [json loads response[ 0 ] ]except Value Error module fail json msg ' Commanddoesnotsupport JSO Noutput' command command return body,When does the code get response ?,for when transport = cli,When the code gets the response.,1,1,3,1
q2466,codeqa,How,def load tests name loader Test Loader return loader load By Name name recurse True,How does the code find all the tests ?,under name,It does not.,1,1,3,1
q2469,codeqa,How,def try march flag flags test code textwrap dedent '#include<cmath>\nusingnamespacestd \nintmain intargc char**argv \n{\nfloat Nx -1 3787706641 \nfloat Sx 25 0 \ndoubler Nx+sqrt Sx \nif abs r- 3 621229 >0 01 \n{\nreturn- 1 \n}\nreturn 0 \n}\n' cflags flags + [ '-L' + d for d in theano gof cmodule std lib dirs ] compilation result execution result GCC compiler try compile tmp test code tmp prefix 'try march ' flags cflags try run True return compilation result execution result,How do a simple c snippet compile ?,using current flags,The code compiles.,1,1,3,1
q2470,codeqa,How,def try march flag flags test code textwrap dedent '#include<cmath>\nusingnamespacestd \nintmain intargc char**argv \n{\nfloat Nx -1 3787706641 \nfloat Sx 25 0 \ndoubler Nx+sqrt Sx \nif abs r- 3 621229 >0 01 \n{\nreturn- 1 \n}\nreturn 0 \n}\n' cflags flags + [ '-L' + d for d in theano gof cmodule std lib dirs ] compilation result execution result GCC compiler try compile tmp test code tmp prefix 'try march ' flags cflags try run True return compilation result execution result,How do a simple c snippet run ?,using current flags,The code compiles and runs successfully.,1,1,3,1
q2474,codeqa,When,def get pgid path follow symlinks True if not os path exists path return Falseif follow symlinks and sys getwindowsversion major > 6 path resolve symlink path try secdesc win 32 security Get File Security path win 32 security GROUP SECURITY INFORMATION except Memory Error return 'S- 1 - 1 - 0 'except pywinerror as exc if exc winerror 1 or exc winerror 50 return 'S- 1 - 1 - 0 'raisegroup sid secdesc Get Security Descriptor Group return win 32 security Convert Sid To String Sid group sid,When did primary group use ?,rarely,Windows,1,1,3,1
q2475,codeqa,Where,def get current user scope None maybe call get oauth user scope return get user from environ,Where was the request made ?,the user,environ,1,1,3,1
q2479,codeqa,How,def walk top func arg warnings warnpy 3 k ' In 3 x os path walkisremovedinfavorofos walk ' try names os listdir top except os error returnfunc arg top names for name in names name join top name if isdir name walk name func arg,How do tree walk ?,with callback function,in depth,1,1,3,1
q2483,codeqa,How,def password validators help text html password validators None help texts password validators help texts password validators help items [format html '<li>{}</li>' help text for help text in help texts]return '<ul>%s</ul>' % '' join help items if help items else '',How do an html string return ?,with all help texts of all configured validators in an < ul >,an empty string,1,1,3,1
q2489,codeqa,How,def find drum group device track or chain instrument find if lambda d d type Live Device Device Type instrument track or chain devices if instrument if instrument can have drum pads return instrumentif instrument can have chains return find if bool imap find drum group device instrument chains,How does the code look for a drum_group device in the track ?,recursively,in the track,1,1,3,1
q2501,codeqa,How,@image comparison baseline images [u'legend expand'] remove text True def test legend expand legend modes [ None u'expand'] fig axes list plt subplots len legend modes 1 x np arange 100 for ax mode in zip axes list legend modes ax plot x 50 - x u'o' label u'y 1' l1 ax legend loc 2 mode mode ax add artist l1 ax plot x x - 50 u'o' label u'y -1 ' l2 ax legend loc 5 mode mode ax add artist l2 ax legend loc 3 mode mode ncol 2,How do mode expand ?,test,ax.legend(),1,1,3,1
q2504,codeqa,When,def task install docker distribution if is centos or rhel distribution update 'yum--assumeyesupdate&&'else update ''return retry effect with timeout run command '[[-e/usr/bin/docker]] {' + update + 'curlhttps //get docker com/>/tmp/install-docker sh&&sh/tmp/install-docker sh }' timeout 5 0 * 60 0,When is it not installed ?,already,CentOS or RHEL,1,1,3,1
q2510,codeqa,For what purpose,@task base Base Instructor Task def proctored exam results csv entry id xmodule instance args action name 'generating proctored exam results report'task fn partial upload proctored exam results report xmodule instance args return run main task entry id task fn action name,For what purpose do proctored exam results report compute ?,for a course,reporting,1,1,3,1
q2511,codeqa,For what purpose,@task base Base Instructor Task def proctored exam results csv entry id xmodule instance args action name 'generating proctored exam results report'task fn partial upload proctored exam results report xmodule instance args return run main task entry id task fn action name,For what purpose do the csv upload ?,for download,generating proctored exam results report,1,1,3,1
q2512,codeqa,How,def map reduce inputs mapper reducer collector defaultdict list for input in inputs for key value in mapper input collector[key] append value return [output for key values in collector items for output in reducer key values ],How do on the inputs mapreduce ?,using mapper and reducer,in parallel,1,1,3,1
q2513,codeqa,Where,def generate sub moved events src dir path dest dir path for root directories filenames in os walk dest dir path for directory in directories full path os path join root directory renamed path full path replace dest dir path src dir path if src dir path else None yield Dir Moved Event renamed path full path for filename in filenames full path os path join root filename renamed path full path replace dest dir path src dir path if src dir path else None yield File Moved Event renamed path full path,In which direction were all the files and directories within the given moved directory moved with the directory ?,along,Upward,1,1,3,1
q2514,codeqa,How,def num To Hex num num Bytes hex String ''if not isinstance num int return -1 ' Badnumber' try hex Number hex num [2 ]if len hex Number % 2 0 hex Number '0 ' + hex Number for i in range 0 len hex Number - 1 2 hex String + chr int hex Number[i] + hex Number[ i + 1 ] 16 hex String '\x 00 ' * num Bytes - len hex String + hex String except return -1 ' Errorinhexadecimalconversion' return 0 hex String,How does its hexadecimal format return number ?,with the specified length,in descending order,1,1,3,1
q2515,codeqa,How,def num To Hex num num Bytes hex String ''if not isinstance num int return -1 ' Badnumber' try hex Number hex num [2 ]if len hex Number % 2 0 hex Number '0 ' + hex Number for i in range 0 len hex Number - 1 2 hex String + chr int hex Number[i] + hex Number[ i + 1 ] 16 hex String '\x 00 ' * num Bytes - len hex String + hex String except return -1 ' Errorinhexadecimalconversion' return 0 hex String,By how much does its hexadecimal format return with the specified length ?,number,0,1,1,3,1
q2517,codeqa,Where,def is task mutable context task if context is admin return Trueif context owner is None return Falsereturn task owner context owner,Where is the task mutable ?,in this context,admin,1,1,3,1
q2519,codeqa,Where,def fanout cast conf context topic msg return rpc amqp fanout cast conf context topic msg rpc amqp get connection pool conf Connection,Where does the code send a message without waiting for a response ?,on a fanout exchange,rabbitmq,1,1,3,1
q2520,codeqa,How,def asint text if text is not None return int text,How does a string convert to an integer ?,safely,int,1,1,3,1
q2524,codeqa,How,def allow lazy func *resultclasses def wrapper *args **kwargs for arg in list args + kwargs values if isinstance arg Promise breakelse return func *args **kwargs return lazy func *resultclasses *args **kwargs return wraps func wrapper,How be a function called ?,with one or more lazy arguments,in-place,1,1,3,1
q2525,codeqa,How,def onenormest product operator seq t 2 itmax 5 compute v False compute w False structure None return scipy sparse linalg onenormest Product Operator structure structure *operator seq,How do the 1-norm of the matrix product of the args estimate ?,efficiently,descending,1,1,3,1
q2529,codeqa,How,def define host port database word d defer Deferred factory Dict Lookup Factory 'define' database word d from twisted internet import reactorreactor connect TCP host port factory return d,How does the code look a word ?,using a dict server,It looks like a string.,1,1,3,1
q2538,codeqa,When,def upgrade fields sig sig update chord size fields get u'chord size' return sig,When did by custom signatures use the code ?,in,1999,1,1,3,1
q2541,codeqa,When,def next monday dt if dt weekday 5 return dt + timedelta 2 elif dt weekday 6 return dt + timedelta 1 return dt,When does holiday fall ?,on saturday,Sunday,1,1,3,1
q2545,codeqa,When,@core helperdef lang native name lang None lang lang or lang locale i18 n get locales dict get lang if locale return locale display name or locale english name return lang,When did the langage name use in its localised form either from parameter or current environ setting ?,currently,return lang,1,1,3,1
q2547,codeqa,How,def estimate spectral norm diff A B its 20 from scipy sparse linalg import aslinearoperator A aslinearoperator A B aslinearoperator B m n A shapematvec 1 lambda x A matvec x matveca 1 lambda x A rmatvec x matvec 2 lambda x B matvec x matveca 2 lambda x B rmatvec x if is real A return backend idd diffsnorm m n matveca 1 matveca 2 matvec 1 matvec 2 its its else return backend idz diffsnorm m n matveca 1 matveca 2 matvec 1 matvec 2 its its,How do spectral norm of the difference of two matrices estimate ?,by the randomized power method,in the spectral norm of the difference between the two matrices.,1,1,3,1
q2550,codeqa,How,def remove True List From Dictionary dictionary keys for key in keys remove True From Dictionary dictionary key,How does the code remove list from the dictionary ?,in the value,It does not exist,1,1,3,1
q2558,codeqa,How,def trima a limits None inclusive True True a ma asarray a a unshare mask if limits is None or limits None None return a lower lim upper lim limits lower in upper in inclusivecondition Falseif lower lim is not None if lower in condition a < lower lim else condition a < lower lim if upper lim is not None if upper in condition a > upper lim else condition a > upper lim a[condition filled True ] maskedreturn a,How does an array trim ?,by masking the data outside some given limits,in place,1,1,3,1
q2561,codeqa,When,@pytest mark django dbdef test submit unit plural client unit plural request users settings settings POOTLE CAPTCHA ENABLED Falseuser request users['user']if user username 'nobody' client login username user username password request users['password'] url '/xhr/units/%d/' % unit plural id target [ '%s' % unit plural target strings[ 0 ] '%schanged' % unit plural target strings[ 1 ] ]response client post url {'target f 0' target[ 0 ] 'target f 1' target[ 1 ]} HTTP X REQUESTED WITH 'XML Http Request' if check permission 'translate' response wsgi request assert response status code 200 changed Unit objects get id unit plural id assert changed target multistring target else assert response status code 403,When can tests translation be applied ?,after suggestion is accepted,Enabled when CAPTCHA is disabled.,1,1,3,1
q2562,codeqa,How,def run finalizers minpriority None if minpriority is None f lambda p p[ 0 ][ 0 ] is not None else f lambda p p[ 0 ][ 0 ] is not None and p[ 0 ][ 0 ] > minpriority items [x for x in finalizer registry items if f x ]items sort reverse True for key finalizer in items sub debug 'calling%s' finalizer try finalizer except Exception import tracebacktraceback print exc if minpriority is None finalizer registry clear,How will finalizers with the same priority be called ?,in reverse order of creation,They will not be called.,1,1,3,1
q2568,codeqa,How,def allow lazy func *resultclasses @wraps func def wrapper *args **kwargs for arg in list args + kwargs values if isinstance arg Promise breakelse return func *args **kwargs return lazy func *resultclasses *args **kwargs return wrapper,How be a function called ?,with one or more lazy arguments,in-place,1,1,3,1
q2574,codeqa,For what purpose,def get course and check access course key user depth 0 if not has studio write access user course key raise Permission Denied course module modulestore get course course key depth depth return course module,For what purpose do the locator and course module return in this file ?,for the view functions,The course module.,1,1,3,1
q2577,codeqa,When,def test enn sample wt fit enn Edited Nearest Neighbours random state RND SEED assert raises Runtime Error enn sample X Y,When is an error raised ?,when sample is called before fitting,Runtime Error,1,1,3,1
q2578,codeqa,Where,def is image visible context image status None if context is admin return Trueif image['owner'] is None return Trueif image['visibility'] in ['public' 'community'] return Trueif context owner is not None if context owner image['owner'] return Trueif status 'all' status Noneif 'shared' image['visibility'] members image member find context image id image['id'] member context owner status status if members return Truereturn False,Where is the image visible ?,in this context,public,1,1,3,1
q2580,codeqa,Where,def parse form data environ stream factory None charset 'utf- 8 ' errors 'replace' max form memory size None max content length None cls None silent True return Form Data Parser stream factory charset errors max form memory size max content length cls silent parse from environ environ,Where does the code return it as tuple ?,in the form,Form Data Parser,1,1,3,1
q2585,codeqa,How,def soundex name len 4 digits '01230120022455012623010202 'sndx ''fc ''for c in name upper if c isalpha if not fc fc cd digits[ ord c - ord 'A' ]if not sndx or d sndx[ -1 ] sndx + dsndx fc + sndx[ 1 ] sndx sndx replace '0 ' '' return sndx + len * '0 ' [ len],How did from URL @todo : parameter description reference ?,code,No,1,1,3,1
q2589,codeqa,How,def localize value use l10 n None if isinstance value str return valueelif isinstance value bool return mark safe str value elif isinstance value decimal Decimal float int return number format value use l10 n use l10 n elif isinstance value datetime datetime return date format value 'DATETIME FORMAT' use l10 n use l10 n elif isinstance value datetime date return date format value use l10 n use l10 n elif isinstance value datetime time return time format value 'TIME FORMAT' use l10 n use l10 n return value,How does it format as a string ?,using current locale format,value,1,1,3,1
q2591,codeqa,Where,@pytest mark skipif u'not HAS SCIPY' def test poisson conf frequentist confidence gehrels nlh np array [ 0 0 1 841 1 0 173 3 3 2 0 708 4 638 3 1 367 5 918 4 2 086 7 163 5 2 84 8 382 6 3 62 9 584 7 4 419 10 77 8 5 232 11 95 9 6 057 13 11 10 6 891 14 27 ] assert allclose funcs poisson conf interval nlh[ 0] interval u'frequentist-confidence' nlh[ 1 ] T rtol 0 001 atol 0 001,Where did those publish ?,in gehrels 1986,NASA,1,1,3,1
q2593,codeqa,How,def parse version s parts []for part in parse version parts s lower if part startswith '*' if part < '*final' while parts and parts[ -1 ] '*final-' parts pop while parts and parts[ -1 ] '00000000 ' parts pop parts append part return tuple parts,How would versions work if ?,with strictversion,in reverse chronological order,1,1,3,1
q2599,codeqa,How,@verbosedef create eog epochs raw ch name None event id 998 picks None tmin -0 5 tmax 0 5 l freq 1 h freq 10 reject None flat None baseline None preload True verbose None events find eog events raw ch name ch name event id event id l freq l freq h freq h freq eog epochs Epochs raw events events event id event id tmin tmin tmax tmax proj False reject reject flat flat picks picks baseline baseline preload preload return eog epochs,How do epochs around eog artifact events generate ?,conveniently,They are removed.,1,1,3,1
q2601,codeqa,How,def urlsafe b64 decode s return b64 decode s '- ',How did a string encode ?,with the standard base64 alphabet,It was encoded.,1,1,3,1
q2603,codeqa,When,def get cli body ssh command response module if 'xml' in response[ 0 ] body []elif 'showrun' in command body responseelse try body [json loads response[ 0 ] ]except Value Error module fail json msg ' Commanddoesnotsupport JSO Noutput' command command return body,When does the code get response ?,for when transport = cli,When the code gets the response.,1,1,3,1
q2604,codeqa,How,def add x y raise Not Implemented Error 'TODO implementthisfunction ',How does the code add two theano scalars ?,together,It does not.,1,1,3,1
q2606,codeqa,Where,def gf frobenius monomial base g p K n gf degree g if n 0 return []b [0 ] * n b[ 0 ] [1 ]if p < n for i in range 1 n mon gf lshift b[ i - 1 ] p K b[i] gf rem mon g p K elif n > 1 b[ 1 ] gf pow mod [K one K zero] p g p K for i in range 2 n b[i] gf mul b[ i - 1 ] b[ 1 ] p K b[i] gf rem b[i] g p K return b,Where do g mod ?,in,mod K,1,1,3,1
q2609,codeqa,How,def s lego lego type value None options {} name 'LEGO %08 x' % len blocks CURRENT names if not legos BIN has key lego type raise sex Sully Runtime Error 'INVALIDLEGOTYPESPECIFIED %s' % lego type lego legos BIN[lego type] name blocks CURRENT value options blocks CURRENT push lego blocks CURRENT pop,How did blocks build ?,pre,It does not build blocks.,1,1,3,1
q2611,codeqa,Where,def get jinja error slug tb data try return [x for x in tb data if x[ 2 ] in 'top-leveltemplatecode' 'template' ][ -1 ]except Index Error pass,Where was the template error found ?,the line number,top-leveltemplatecode,1,1,3,1
q2614,codeqa,Where,def test nm 1 sample wrong X nm 1 Near Miss random state RND SEED nm 1 fit X Y assert raises Runtime Error nm 1 sample np random random 100 40 np array [0 ] * 50 + [1 ] * 50,Where is x different when ?,at fitting and sampling,X is not defined.,1,1,3,1
q2619,codeqa,When,def cache page *args **kwargs if len args 1 or callable args[ 0 ] raise Type Error 'cache pagehasasinglemandatorypositionalargument timeout' cache timeout args[ 0 ]cache alias kwargs pop 'cache' None key prefix kwargs pop 'key prefix' None if kwargs raise Type Error 'cache pagehastwooptionalkeywordarguments cacheandkey prefix' return decorator from middleware with args Cache Middleware cache timeout cache timeout cache alias cache alias key prefix key prefix,When does the page nt be in the cache ?,yet,When the page has a single mandatory positional argument and a timeout.,1,1,3,1
q2620,codeqa,How,def fix ampersands value return unencoded ampersands re sub '&amp ' force unicode value,How did all unencoded ampersands encode ?,correctly,encoded,1,1,3,1
q2624,codeqa,How,def test uuid assert hug types uuid '{ 12345678 - 1234 - 5678 - 1234 - 567812345678 }' UUID '12345678 - 1234 - 5678 - 1234 - 567812345678 ' assert hug types uuid '12345678 - 1234 - 5678 - 1234 - 567812345678 ' UUID '12345678123456781234567812345678 ' assert hug types uuid '12345678123456781234567812345678 ' UUID '12345678 - 1234 - 5678 - 1234 - 567812345678 ' assert hug types uuid 'urn uuid 12345678 - 1234 - 5678 - 1234 - 567812345678 ' UUID '12345678 - 1234 - 5678 - 1234 - 567812345678 ' with pytest raises Value Error hug types uuid 1 with pytest raises Value Error hug types uuid '12345678 - 1234 - 5678 - 1234 - 56781234567 G' with pytest raises Value Error hug types uuid '12345678 - 1234 - 5678 - 1234 - 5678123456781 ' with pytest raises Value Error hug types uuid '12345678 - 1234 - 5678 - 1234 - 56781234567 ',How did hugs text validator handle uuid values ?,correctly,UUID,1,1,3,1
q2632,codeqa,How,def monitor name cmd 'monitmonitor{ 0 }' format name return not salt ['cmd retcode'] cmd python shell False,How do service monitor ?,via monit cli example,in real-time,1,1,3,1
q2643,codeqa,How,def workout filename filename if os path isfile filename or filename '/' if filename '/' filename Nonereturn filenameelse return workout filename os path dirname filename,How do the file name workout from an augeas change ?,recursively,returns the directory name,1,1,3,1
q2646,codeqa,Where,@app route '/login' methods ['GET' 'POST'] def login if g user return redirect url for 'timeline' error Noneif request method 'POST' user query db 'select*fromuserwhere\nusername ?' [request form['username']] one True if user is None error ' Invalidusername'elif not check password hash user['pw hash'] request form['password'] error ' Invalidpassword'else flash ' Youwereloggedin' session['user id'] user['user id']return redirect url for 'timeline' return render template 'login html' error error,In which direction does the user log ?,in,Down,1,1,3,1
q2649,codeqa,When,def maxzero x x np asarray x cond 1 x[ -1 ] < 0 cond 2 x[ 1 ] > 0 allzeros np nonzero cond 1 & cond 2 x[ 1 ] 0 [0 ] + 1 if x[ -1 ] > 0 maxz max allzeros else maxz Nonereturn maxz allzeros,When did the highest not use ?,anymore,Nonzero,1,1,3,1
q2654,codeqa,For what purpose,def add items fs items set db items create or resurrect db item parent items []new items []db items set set db items items to delete db items set - fs items set items to create fs items set - db items set for name in items to delete db items[name] makeobsolete for name in db items set - items to delete items append db items[name] for name in items to create item create or resurrect db item name items append item new items append item try item save except Exception logging exception ' Errorwhileadding%s' item return items new items,For what purpose does the code make the database items ?,to correspond to the filesystem,resurrect,1,1,3,1
q2655,codeqa,For what purpose,def add items fs items set db items create or resurrect db item parent items []new items []db items set set db items items to delete db items set - fs items set items to create fs items set - db items set for name in items to delete db items[name] makeobsolete for name in db items set - items to delete items append db items[name] for name in items to create item create or resurrect db item name items append item new items append item try item save except Exception logging exception ' Errorwhileadding%s' item return items new items,For what purpose does the code add the database items ?,to correspond to the filesystem,resurrect,1,1,3,1
q2659,codeqa,How,def clean nans scores scores as float array scores copy True scores[np isnan scores ] np finfo scores dtype minreturn scores,How ca nans be nt compared ?,properly,They cannot be compared.,1,1,3,1
q2663,codeqa,When,def datetime To Log String ms Since Epoch None if ms Since Epoch None ms Since Epoch time time year month day hh mm ss wd y z time gmtime ms Since Epoch s '[% 02 d/% 3 s/% 4 d %02 d %02 d %02 d+ 0000 ]' % day monthname[month] year hh mm ss return s,When do seconds convert to log datetime string ?,since epoch,ms Since Epoch,1,1,3,1
q2664,codeqa,For what purpose,def send mail to admins sender subject body make sync call apiproxy stub map Make Sync Call **kw kw['sender'] senderkw['subject'] subjectkw['body'] bodymessage Admin Email Message **kw message send make sync call,For what purpose does mail send to admins ?,on behalf of application,Admin Email Message,1,1,3,1
q2666,codeqa,When,@ffi callback 'int void*handle intrevents ' def python callback handle revents try the watcher ffi from handle handle args the watcher argsif args is None args NOARG Sif len args > 0 and args[ 0 ] GEVENT CORE EVENTS args revents + args[ 1 ] the watcher callback *args except the watcher exc info sys exc info the watcher loop keepaliveset add the watcher return -1 else if the watcher in the watcher loop keepaliveset return 0return 1,When does an exception occur ?,during the callback,Exception,1,1,3,1
q1823,codeqa,How,def libdoc cli arguments Lib Doc execute cli arguments,How does libdoc execute ?,similarly as from the command line,execute,3,1,1,1
q2074,codeqa,Where,def get output dir imdb net None outdir osp abspath osp join C ROOT DIR 'output' C EXP DIR imdb name if net is not None outdir osp join outdir net name if not os path exists outdir os makedirs outdir return outdir,Where are experimental artifacts placed ?,the directory,output,3,1,1,1
q2186,codeqa,When,def recent schemes app dir data dir recent filename os path join app dir 'recent pck' recent []if os path isdir app dir and os path isfile recent filename with open recent filename 'rb' as f recent pickle load f recent [ title path for title path in recent if os path exists path ]return recent,When did schemes access ?,recently,recent,3,1,1,1
q2075,codeqa,For what purpose,def site config dir appname None appauthor None version None multipath False if system in ['win 32 ' 'darwin'] path site data dir appname appauthor if appname and version path os path join path version else path os getenv 'XDG CONFIG DIRS' '/etc/xdg' pathlist [os path expanduser x rstrip os sep for x in path split os pathsep ]if appname if version appname os path join appname version pathlist [os sep join [x appname] for x in pathlist]if multipath path os pathsep join pathlist else path pathlist[ 0 ]return path,For what purpose do full path return to the user - shared data ?,for this application,shared data,3,1,3,3
q294,codeqa,How,def generate jwt now int time time header json json dumps {'typ' 'JWT' 'alg' 'RS 256 '} payload json json dumps {'iat' now 'exp' now + 3600 'iss' DEFAULT SERVICE ACCOUNT 'sub' DEFAULT SERVICE ACCOUNT 'aud' 'echo endpoints sample google com' 'email' DEFAULT SERVICE ACCOUNT} header And Payload '{} {}' format base 64 urlsafe b64 encode header json base 64 urlsafe b64 encode payload json key name signature app identity sign blob header And Payload signed jwt '{} {}' format header And Payload base 64 urlsafe b64 encode signature return signed jwt,How does the code generate a signed json web token ?,using the google app engine default service account,It generates a signed JSON Web Token (JWT).,2,1,3,2
q433,codeqa,How,def start name call None return query 'grid' 'server/power' args {'name' name 'power' 'start'},How does the code start a machine ?,by name,It starts a machine.,2,1,3,2
q1189,codeqa,How,@require contextdef ec 2 volume create context volume uuid id None ec 2 volume ref models Volume Id Mapping ec 2 volume ref update {'uuid' volume uuid} if id is not None ec 2 volume ref update {'id' id} ec 2 volume ref save return ec 2 volume ref,How do ec2 compatible volume create ?,by provided uuid,It creates a new volume.,2,1,3,2
q1466,codeqa,When,def test sample wt fit ratio 'auto'bc Balance Cascade ratio ratio random state RND SEED assert raises Runtime Error bc sample X Y,When is an error raised ?,when sample is called before fitting,Runtime Error,2,1,3,2
q729,codeqa,When,def epoch t if not hasattr t 'tzinfo' returnreturn int time mktime append tz t timetuple,When did date / time convert to seconds ?,since epoch,seconds,3,1,2,2
q938,codeqa,When,def xml str s encoded str smart str s encoding 'utf 8 ' errors 'xmlcharrefreplace' encoded str re sub INVALID XML '?' encoded str return encoded str,When do errors encode ?,while generating objects utf8 byte - string representations,xmlcharrefreplace,3,1,2,2
q1509,codeqa,For what purpose,def survey get All Questions For Series series id table current s3 db survey seriesrow current db table id series id select table template id limitby 0 1 first template id row template idquestions survey get All Questions For Template template id return questions,For what purpose are the questions returned in ?,to order of their position in the template,template,3,1,2,3
q1987,codeqa,How,def make password password salt None hasher u'default' if not password return UNUSABLE PASSWOR Dhasher get hasher hasher if not salt salt hasher salt return hasher encode password salt,How does the code turn a plain - text password into a hash for database storage ?,same as encode,hasher,3,1,2,3
q61,codeqa,When,"def vm disk snapshot revert name kwargs None call None if call 'action' raise Salt Cloud System Exit ' Thevm disk snapshot revertactionmustbecalledwith-aor--action ' if kwargs is None kwargs {}disk id kwargs get 'disk id' None snapshot id kwargs get 'snapshot id' None if disk id is None or snapshot id is None raise Salt Cloud System Exit "" Thevm disk snapshot revertfunctionrequiresa'disk id'anda'snapshot id'tobeprovided "" server user password get xml rpc auth ' ' join [user password] vm id int get vm id kwargs {'name' name} response server one vm disksnapshotrevert auth vm id int disk id int snapshot id data {'action' 'vm disksnapshotrevert' 'deleted' response[ 0 ] 'snapshot id' response[ 1 ] 'error code' response[ 2 ]}return data",When did snapshot take ?,previously,The code does not specify when the snapshot was taken.,2,2,3,2
q179,codeqa,How,def sub environment env os environ copy env['LANG'] 'C'return env,How do subcommands execute ?,in,They inherit the environment from the parent process.,2,2,3,2
q421,codeqa,When,"def smart urlquote url scheme netloc path query fragment urlsplit url try netloc netloc encode u'idna' decode u'ascii' except Unicode Error passelse url urlunsplit scheme netloc path query fragment if u'%' not in url or unquoted percents re search url url quote force bytes url safe "" *' @& +$ /?#[]~"" return force text url",When is it nt quoted ?,already,When the URL contains unquoted percent signs.,2,2,3,2
q472,codeqa,When,def fix sys path current path def add path first path sys path [path] + [p for p in sys path if not p path and not p path + '/' ] path os path dirname os path abspath current path if not os path isfile os path join path 'web 2 py py' i 0while i < 10 i + 1if os path exists os path join path 'web 2 py py' breakpath os path abspath os path join path ' ' paths [path os path abspath os path join path 'site-packages' os path abspath os path join path 'gluon' ''][add path first path for path in paths],When do the correct sys have ?,always,When the 'web 2 py py' directory exists.,2,2,3,2
q529,codeqa,How,@testing requires testing data@requires mnedef test other volume source spaces tempdir Temp Dir temp name op join tempdir 'temp-src fif' run subprocess ['mne volume source space' '--grid' '7 0' '--src' temp name '--mri' fname mri] src read source spaces temp name src new setup volume source space None pos 7 0 mri fname mri subjects dir subjects dir compare source spaces src src new mode 'approx' assert true 'volume shape' in repr src del srcdel src newassert raises Value Error setup volume source space 'sample' temp name pos 7 0 sphere [1 0 1 0] mri fname mri subjects dir subjects dir run subprocess ['mne volume source space' '--grid' '7 0' '--src' temp name] assert raises Value Error read source spaces temp name,How do other volume source spaces set ?,test,They set the grid size to 7 and source position to 0.,2,2,3,2
q556,codeqa,When,def immediately before node try pos node treeposition tree node root except Attribute Error return []idx len pos - 1 while 0 < idx and pos[idx] 0 idx - 1if idx < 0 return []pos list pos[ idx + 1 ] pos[ -1 ] - 1before tree[pos]return [before] + rightmost descendants before,When do all nodes be before the given node ?,immediately,"When all nodes are before the given node, the node is the root node.",2,2,3,2
q1288,codeqa,When,def No Blank Lines Before Current Token text cur token prev token cur token lineno cur token linenoif cur token is comment cur token lineno - cur token value count u'\n' num newlines text count u'\n' if not prev token is comment else 0 return prev token lineno + num newlines cur token lineno - 1,When do no blank lines be ?,before the current token,When no blank lines are before a comment.,2,2,3,2
q1542,codeqa,When,def restart service service name minimum running time None if minimum running time ret code Falseservices salt ['cmd run'] ['/usr/bin/openstack-service' 'list' service name] split '\n' for service in services service info salt ['service show'] service boot time float salt utils fopen '/proc/uptime' read split '' [0 ] expr time int service info get ' Exec Main Start Timestamp Monotonic' 0 / 1000000 < boot time - minimum running time expr active service info get ' Active State' 'active' if expr time or not expr active ret salt ['service restart'] service if ret ret code Truereturn ret codeelse os cmd ['/usr/bin/openstack-service' 'restart' service name]return salt ['cmd retcode'] os cmd 0,When does the code restart openstack service ?,immediately,"When the code restarts openstack service, the service is restarted if the minimum running time is False.",2,2,3,2
q1596,codeqa,How,def Escape Cpp Define For MSVS s s Escape Environment Variable Expansion s s Escape Command Line Argument For MSVS s s Escape VC Proj Command Line Arg List Item s s s replace '#' '\\% 03 o' % ord '#' return s,How will it reach the compiler ?,unaltered,It will be passed as a command line argument.,2,2,3,2
q1760,codeqa,Where,def file move safe old file name new file name chunk size 1024 * 64 allow overwrite False if samefile old file name new file name returntry os rename old file name new file name returnexcept OS Error passold file open old file name 'rb' try fd os open new file name os O WRONLY os O CREAT getattr os 'O BINARY' 0 not allow overwrite and os O EXCL or 0 try locks lock fd locks LOCK EX current chunk Nonewhile current chunk '' current chunk old file read chunk size os write fd current chunk finally locks unlock fd os close fd finally old file close copystat old file name new file name try os remove old file name except OS Error as e if getattr e 'winerror' 0 32 and getattr e 'errno' 0 13 raise,In which direction does a file move to another in the safest way possible ?,from one location,"In the safest way possible, the file is not moved, it is copied.",2,2,3,2
q2007,codeqa,Where,def mergedicts d1 d2 remove True setmerged d1 d2 for k in d2 if k in d1 and isinstance d1 [k] dict and isinstance d2 [k] dict mergedicts d1 [k] d2 [k] remove elif remove and d2 [k] is REMOVE THIS KEY d1 pop k None else if remove and isinstance d2 [k] dict clear special values d2 [k] d1 [k] d2 [k],In which direction is two dictionaries first dictionary modified ?,in - place,In the same direction as the second dictionary.,2,2,3,2
q2215,codeqa,How,def Escape Cpp Define For MS Build s s Escape Environment Variable Expansion s s Escape Command Line Argument For MS Build s s Escape MS Build Special Characters s s s replace '#' '\\% 03 o' % ord '#' return s,How will it reach the compiler ?,unaltered,It will be passed as a command line argument.,2,2,3,2
q2556,codeqa,For what purpose,def fixup build ext cmd if os name 'nt' cmd debug sys executable endswith ' d exe' elif sysconfig get config var ' Py ENABLE SHARED' runshared sysconfig get config var 'RUNSHARED' if runshared is None cmd library dirs [' ']elif sys platform 'darwin' cmd library dirs []else name equals value runshared partition ' ' cmd library dirs [d for d in value split os pathsep if d],For what purpose did function need ?,to make build_ext tests pass,Fixing library directory paths for Windows.,2,2,3,2
q2651,codeqa,How,def application settings hrm staff experience Truesettings hrm use skills Truesettings search filter manager Truedef prep r method r methodif not method and r representation 's 3 json' r method method 'select'if method 'select' r custom action s3 db deploy applyreturn Trues 3 prep prepif 'delete' in request args or request env request method 'POST' and auth permission format 's 3 json' return s3 rest controller else return s3 rest controller 'hrm' 'human resource',How do standing applications for deployments create ?,manually,They create a new deployment in the 'hrm' 'human resource' system.,2,2,3,2
q469,codeqa,For what purpose,def chgroups name groups append False if isinstance groups six string types groups groups split ' ' ugrps set list groups name if ugrps set groups return Trueif append groups update ugrps cmd ['usermod' '-G' ' ' join groups name]return salt ['cmd retcode'] cmd python shell False 0,For what purpose do the groups to which a user belongs name username change ?,to modify groups list of groups to set for the user,update,3,2,2,3
q655,codeqa,Where,def service start name cmd 'start' + name out err DETAILS['server'] sendline cmd return parse out,"Where does the code start a "" service "" ?",on the ssh server,server,3,2,2,3
q972,codeqa,How,def traverse depthfirst obj opts visitors return traverse using iterate depthfirst obj opts obj visitors,How do the given expression structure visit ?,using the depth - first iterator,iterates,3,2,2,3
q973,codeqa,How,def traverse depthfirst obj opts visitors return traverse using iterate depthfirst obj opts obj visitors,How do the given expression structure traverse ?,using the depth - first iterator,iterates,3,2,2,3
q1682,codeqa,Where,def install os name **kwargs ret {'name' name 'changes' {} 'result' True 'comment' ''}ret['changes'] salt ['junos install os'] name **kwargs return ret,Where does the code install the given image ?,on the device,junos,3,2,2,3
q1826,codeqa,Where,def create snapshot disk path snapshot name qemu img cmd 'qemu-img' 'snapshot' '-c' snapshot name disk path execute run as root True *qemu img cmd,Where does the code create a snapshot ?,in a disk image,disk,3,2,2,3
q2555,codeqa,How,def get service account name deadline None rpc create rpc deadline make get service account name call rpc rpc wait return rpc get result,How do service account name of the app get ?,code,get service account name,3,2,2,3
q358,codeqa,How,def launch appfile finder open application file 'ID' appfile,How does the code open a file ?,thru the finder,It opens a file.,3,2,2,2
q416,codeqa,How,def emails with users and watches subject text template html template context vars users and watches from email settings TIDINGS FROM ADDRESS default locale settings WIKI DEFAULT LANGUAGE **extra kwargs @safe translationdef make mail locale user watch context vars['user'] usercontext vars['watch'] watch[ 0 ]context vars['watches'] watchmail make mail subject format **context vars text template html template context vars from email user email **extra kwargs return mailfor u w in users and watches if hasattr u 'profile' locale u profile localeelse locale default locale yield make mail locale u w,How do of emailmessages return ?,with user,Yields,3,2,2,2
q588,codeqa,Where,def create port group session pg name vswitch name vlan id 0 cluster None client factory session get vim client factoryadd prt grp spec vm util get add vswitch port group spec client factory vswitch name pg name vlan id host mor vm util get host ref session cluster network system mor session call method vim util 'get dynamic property' host mor ' Host System' 'config Manager network System' LOG debug ' Creating Port Groupwithname%sonthe ES Xhost' % pg name try session call method session get vim ' Add Port Group' network system mor portgrp add prt grp spec except error util Vim Fault Exception as exc if error util FAULT ALREADY EXISTS not in exc fault list raise exception Nova Exception exc LOG debug ' Created Port Groupwithname%sonthe ES Xhost' % pg name,Where does the code create a port group ?,on the host system,ES X,3,2,2,2
q829,codeqa,For what purpose,def gcg seq try seq str seq except Attribute Error passindex checksum 0for char in seq index + 1checksum + index * ord char upper if index 57 index 0return checksum % 10000,For what purpose does the gcg checksum return ?,for a sequence,checksum % 10000,3,2,2,2
q871,codeqa,For what purpose,def drop buffer cache fd offset length global posix fadviseif posix fadvise is None posix fadvise load libc function 'posix fadvise 64 ' ret posix fadvise fd ctypes c uint 64 offset ctypes c uint 64 length 4 if ret 0 logging warning 'posix fadvise 64 % fd s % offset s % length s 4 ->% ret s' {'fd' fd 'offset' offset 'length' length 'ret' ret},For what purpose do buffer cache drop ?,for the given range of the given file,drop buffer cache,3,2,2,2
q950,codeqa,How,def create temporary ca file anchor list try f fname tempfile mkstemp for a in anchor list s a output fmt 'PEM' l os write f s os close f except return Nonereturn fname,How do the result to file to a temporary file write ?,using mkstemp ( ) from tempfile module,Write to a temporary file.,3,2,2,2
q1139,codeqa,Where,def paired manhattan distances X Y X Y check paired arrays X Y diff X - Y if issparse diff diff data np abs diff data return np squeeze np array diff sum axis 1 else return np abs diff sum axis -1,Where does the code compute the l1 distances between the vectors ?,in x and y,axis 1,3,2,2,2
q1166,codeqa,How,def can file be synced on current platform path can be synced Truefullpath os path join os environ['HOME'] path library path os path join os environ['HOME'] ' Library/' if platform system constants PLATFORM LINUX if fullpath startswith library path can be synced Falsereturn can be synced,How can the given path be synced ?,locally,Can be synced,3,2,2,2
q1233,codeqa,When,def device to device dst src size stream 0 varargs []if stream assert isinstance stream Stream fn driver cu Memcpy Dto D Asyncvarargs append stream handle else fn driver cu Memcpy Dto Dfn device pointer dst device pointer src size *varargs,Till when should it be not changed ?,until the operation which can be asynchronous completes,Async,3,2,2,2
q1239,codeqa,For what purpose,def publish cmdline reader None reader name 'standalone' parser None parser name 'restructuredtext' writer None writer name 'pseudoxml' settings None settings spec None settings overrides None config section None enable exit status True argv None usage default usage description default description pub Publisher reader parser writer settings settings pub set components reader name parser name writer name output pub publish argv usage description settings spec settings overrides config section config section enable exit status enable exit status return output,For what purpose did the code run a publisher ?,for command - line - based file i / o,publishing,3,2,2,2
q1377,codeqa,How,def mark safe s if isinstance s Safe Data return sif isinstance s str or isinstance s Promise and s delegate str return Safe String s if isinstance s unicode Promise return Safe Unicode s return Safe String str s,How do a string mark as safe for output purposes ?,explicitly,Safe String,3,2,2,2
q1504,codeqa,When,def iso now now datetime datetime now return '%s %06 d' % now strftime '%Y%m%d %H%M%S' now microsecond,When does the code return as yymmdd ?,the current time,YYYYMMDD,3,2,2,2
q1537,codeqa,Where,def test solve discrete lyapunov zero A np eye 4 * 0 95 B np zeros 4 4 X qme solve discrete lyapunov A B assert allclose X np zeros 4 4,Where is x all zeros ?,simple test,X,3,2,2,2
q1683,codeqa,For what purpose,def publish cmdline reader None reader name 'standalone' parser None parser name 'restructuredtext' writer None writer name 'pseudoxml' settings None settings spec None settings overrides None config section None enable exit status 1 argv None usage default usage description default description pub Publisher reader parser writer settings settings pub set components reader name parser name writer name output pub publish argv usage description settings spec settings overrides config section config section enable exit status enable exit status return output,For what purpose did the code run a publisher ?,for command - line - based file i / o,publishing,3,2,2,2
q1767,codeqa,Where,def htmldecode text if isinstance text str uchr chrelse def uchr value value > 127 and chr value or chr value def entitydecode match uchr uchr entity match group 1 if entity startswith u'#x' return uchr int entity[ 2 ] 16 elif entity startswith u'#' return uchr int entity[ 1 ] elif entity in name 2 codepoint return uchr name 2 codepoint[entity] else return match group 0 return charrefpat sub entitydecode text,Where do html entities decode ?,in the given text,entities,3,2,2,2
q1943,codeqa,How,"def attach role points queryset as field 'role points attr' model queryset modelsql 'SELECTFORMAT \'{{%%s}}\' \n STRING AGG format \n\'""%%s"" %%s\' \n TO JSON userstories rolepoints role id \n TO JSON userstories rolepoints points id \n \' \' \n json\n FRO Muserstories rolepoints\n WHER Euserstories rolepoints user story id {tbl} id'sql sql format tbl model meta db table queryset queryset extra select {as field sql} return queryset",How do role point attach to each object of the queryset ?,as json column,JSON,3,2,2,2
q2047,codeqa,How,def corrupt Vector vector noise Level size len vector for i in range size rnd random random if rnd < noise Level if vector[i] 1 vector[i] 0else vector[i] 1,How does a binary vector corrupt ?,by inverting noiselevel percent of its bits,in place,3,2,2,2
q2052,codeqa,How,def add local f if os path exists f fn get filename f if fn if get ext fn in VALID ARCHIVES Process Archive File fn f keep True elif get ext fn in ' nzb' ' gz' ' bz 2 ' Process Single File fn f keep True else logging error ' Filenamenotfound %s' f else logging error ' Filenotfound %s' f,How do nzb / zip / rar / nzb add ?,easily,Process Archive File,3,2,2,2
q2417,codeqa,Where,def get css imports regex data urls []for pattern in CSS URL PATTERNS for match in pattern finditer data url match group 'url' if url urls append url return urls,Where are all assets referenced ?,in the given css document,assets,3,2,2,2
q2425,codeqa,Where,def win find exe filename installsubdir None env ' Program Files' if not WINDOWS returnfor fn in [filename filename + ' exe' ] try if installsubdir is None path where fn else path where fn dirs [os path join os environ[env] installsubdir ] except IO Error path filenameelse breakreturn path,Where does the code find executable ?,in current dir,Program Files,3,2,2,2
q2444,codeqa,How,def raise error routes iface option expected msg error msg routes iface option expected log error msg raise Attribute Error msg,How do an error log ?,with a logical formatted message,log,3,2,2,2
q2640,codeqa,How,def isintlike x if not isscalarlike x return Falsetry return bool int x x except Type Error Value Error return False,How can it be cast to a machine int ?,safely,int,3,2,2,2
q1353,codeqa,How,def source to unicode txt errors 'replace' skip encoding cookie True if isinstance txt str return txtif isinstance txt bytes buf io Bytes IO txt else buf txttry encoding detect encoding buf readline except Syntax Error encoding 'ascii'buf seek 0 text io Text IO Wrapper buf encoding errors errors line buffering True text mode 'r'if skip encoding cookie return u'' join strip encoding cookie text else return text read,How does a bytes string convert to unicode ?,with python source code,it is converted to a unicode string,3,2,3,2
q1654,codeqa,How,def notrack cls cls no instance tracking Truereturn cls,How does instance tracking of plugin instances disable ?,within plugincontext via get / get_all and similar methods,It disables instance tracking.,3,2,3,2
q809,codeqa,How,@pytest mark networkdef test show with all files script script pip 'install' 'initools 0 2' result script pip 'show' '--files' 'initools' lines result stdout splitlines assert ' Cannotlocateinstalled-files txt' not in lines[ 6 ] lines[ 6 ]assert re search ' Files \\n +\\n +' result stdout,How do all files in the show command list ?,test,They are listed.,3,2,4,2
q41,codeqa,Where,def get volume group info vg out err execute 'vgs' '--noheadings' '--nosuffix' '--separator' ' ' '--units' 'b' '-o' 'vg size vg free' vg run as root True info out split ' ' if len info 2 raise Runtime Error 'vg%smustbe LV Mvolumegroup' % vg return {'total' int info[ 0 ] 'free' int info[ 1 ] 'used' int info[ 0 ] - int info[ 1 ] },Where do for a volume group return ?,in bytes,"They return a dictionary containing the total, free, and used space for the volume group.",3,2,3,3
q396,codeqa,When,def is unavailable exception e try if e errcode -1 or e headers is None return Trueexc mess e headers get 'X-exception' except Attribute Error exc mess str e if exc mess and 'temporarilyunavailable' in exc mess lower return Truereturn False,When did by operations on non - blocking sockets give the temporarily unavailable response ?,sometimes,temporarilyunavailable,3,2,3,3
q478,codeqa,How,def get next page of all non private commits page size feconf COMMIT LIST PAGE SIZE urlsafe start cursor None max age None if max age is not None and not isinstance max age datetime timedelta raise Value Error 'max agemustbeadatetime timedeltainstance or None ' results new urlsafe start cursor more exp models Exploration Commit Log Entry Model get all non private commits page size urlsafe start cursor max age max age return [exp domain Exploration Commit Log Entry entry created on entry last updated entry user id entry username entry exploration id entry commit type entry commit message entry commit cmds entry version entry post commit status entry post commit community owned entry post commit is private for entry in results] new urlsafe start cursor more,How does a page of non - private commits return ?,in reverse time order,returns a list of Exploration Commit Log Entry objects,3,2,3,3
q545,codeqa,How,def iplot mpl mpl fig resize False strip style False verbose False show link True link text ' Exporttoplot ly' validate True image None image filename 'plot image' image height 600 image width 800 plotly plot tools mpl to plotly mpl fig resize strip style verbose return iplot plotly plot show link link text validate image image filename image filename image height image height image width image width,How does the code convert a matplotlib figure to a plotly graph and plot inside an ipython notebook ?,without connecting to an external server,It plots a figure in an ipython notebook.,3,2,3,3
q706,codeqa,How,def idz snorm m n matveca matvec its 20 snorm v id idz snorm m n matveca matvec its return snorm,How do spectral norm of a complex matrix estimate ?,by the randomized power method,The code estimates the spectral norm of a complex matrix.,3,2,3,3
q713,codeqa,When,@preserve value sys 'dont write bytecode' def load module no bytecode filename module file module file path py source description sys dont write bytecode 1new module imp load module os path splitext filename [0 ] replace '-' ' ' module file module file path py source description return new module,When do a module load ?,while setting sys,When a module is loaded.,3,2,3,3
q819,codeqa,Where,"def xhtml escape value return saxutils escape value {'""' '&quot ' ""'"" '&apos '}",Where is it valid ?,within xml or xhtml,xml,3,2,3,3
q844,codeqa,How,def kb readout request readout slug readouts locale None mode None product None if readout slug not in readouts raise Http 404 return readouts[readout slug] request locale locale mode mode product product,How do the readout return ?,with the given slug,in a dictionary,3,2,3,3
q906,codeqa,How,def pixel print pixel r g b pixel[ 3]if c[' 24 BIT'] is True sys stdout write '\x 1 b[ 48 2 %d %d %dm\x 1 b[ 0 m' % r g b else ansicolor rgb 2 short r g b sys stdout write '\x 1 b[ 48 5 %sm\x 1 b[ 0 m' % ansicolor,How do a pixel print ?,with given ansi color,in 24-bit color mode,3,2,3,3
q1061,codeqa,How,def floored twelfth of a 360 day year date timetuple date timetuple year timetuple tm yearday of year timetuple tm ydaymonth 0 floor day of year / 360 * 12 return year - start year * 12 + month 0 - start month 0 indexed,How does this function convert a date to a month number ?,by flooring,It calculates the month number from a given date.,3,2,3,3
q1069,codeqa,When,def was modified since header None mtime 0 size 0 try if header is None raise Value Errormatches re match u'^ [^ ]+ length [0 - 9 ]+ ?$' header re IGNORECASE header date parsedate tz matches group 1 if header date is None raise Value Errorheader mtime mktime tz header date header len matches group 3 if header len and int header len size raise Value Errorif mtime > header mtime raise Value Errorexcept Attribute Error Value Error Overflow Error return Truereturn False,When did the user download it ?,last,date,3,2,3,3
q1131,codeqa,How,def new entry id entry cache {} s entry['link'] + entry['title'] encode 'ascii' 'ignore' return hashlib md 5 s hexdigest,How does the code generate an entry i d ?,using the hash value of the title and link,It generates an MD5 hash.,3,2,3,3
q1155,codeqa,How,def walk storage path topdown True onerror None followlinks False storage private storage if not topdown raise Not Implemented Errorif onerror raise Not Implemented Errorroots [path]while len roots new roots []for root in roots dirs files storage listdir root files [smart str f for f in files]dirs [smart str d for d in dirs] yield root dirs files for dn in dirs new roots append '%s/%s' % root dn roots[ ] new roots,How does the code generate the file names in a stored directory tree ?,by walking the tree top - down,Yields the file names in the directory tree.,3,2,3,3
q1266,codeqa,How,def input *requireds **defaults from c String IO import String I Odef dictify fs return dict [ k fs[k] for k in fs keys ] method defaults pop ' method' 'both' e ctx env copy out {}if method lower in ['both' 'post'] a {}if e['REQUEST METHOD'] 'POST' a cgi Field Storage fp String IO data environ e keep blank values 1 a dictify a out dictadd out a if method lower in ['both' 'get'] e['REQUEST METHOD'] 'GET'a dictify cgi Field Storage environ e keep blank values 1 out dictadd out a try return storify out *requireds **defaults except Key Error badrequest raise Stop Iteration,How does a storage object return ?,with the get and post arguments,It returns a dict.,3,2,3,3
q1464,codeqa,How,def header hdr value context headers append hdr value,How does the code add the header hdr : value ?,with the response,It appends the header.,3,2,3,3
q1624,codeqa,How,def process parallel callbacks input *a **kw dfds [defer succeed input add Callback x *a **kw for x in callbacks]d defer gather Results dfds d add Errback lambda value sub Failure return d,How do a deferred return ?,with the output of all successful calls to the given callbacks,Returns a deferred object.,3,2,3,3
q1842,codeqa,For what purpose,def publish string source source path None destination path None reader None reader name 'standalone' parser None parser name 'restructuredtext' writer None writer name 'pseudoxml' settings None settings spec None settings overrides None config section None enable exit status False output pub publish programmatically source class io String Input source source source path source path destination class io String Output destination None destination path destination path reader reader reader name reader name parser parser parser name parser name writer writer writer name writer name settings settings settings spec settings spec settings overrides settings overrides config section config section enable exit status enable exit status return output,For what purpose did the code run a publisher ?,for programmatic use with string i / o,publish documents,3,2,3,3
q2138,codeqa,Where,def enable name **kwargs return rcconf status name 'YES',Where do the named service start ?,at boot cli example,rcconf,3,2,3,3
q2342,codeqa,When,@preserve value sys 'dont write bytecode' def load module no bytecode filename module file module file path py source description sys dont write bytecode 1new module imp load module os path splitext filename [0 ] replace '-' ' ' module file module file path py source description return new module,When do a module load ?,while setting sys,When a module is loaded.,3,2,3,3
q2467,codeqa,How,def generate random string length r random System Random str ''chars string letters + string digits while length > 0 str + r choice chars length - 1return str,How do a random string return ?,using alphanumeric characters,in random lengths,3,2,3,3
q2485,codeqa,How,def Post env resp input env['wsgi input']length int env get 'CONTENT LENGTH' 0 if length > 0 postdata input read length fields cgi parse qs postdata content fields['content'][ 0 ]content content strip if content forumdb Add Post content headers [ ' Location' '/' ' Content-type' 'text/plain' ]resp '302 REDIRECT' headers return [' Redirecting'],How does a submission of the forums form handle ?,post,Redirects,3,2,3,3
q2521,codeqa,How,def get yaml path builtin name runtime '' if handler dir is None set builtins dir DEFAULT DIR available builtins set available builtins if builtin name not in available builtins raise Invalid Builtin Name '%sisnotthenameofavalidbuiltin \n Availablehandlersare %s' % builtin name ' ' join sorted available builtins return get yaml path builtin name runtime,How does the full path return to a yaml file ?,by giving the builtin modules name,it returns the full path to the yaml file,3,2,3,3
q1456,codeqa,Where,def move in stack move up frame Frame get selected python frame while frame if move up iter frame frame older else iter frame frame newer if not iter frame breakif iter frame is python frame if iter frame select iter frame print summary returnframe iter frameif move up print ' Unabletofindanolderpythonframe' else print ' Unabletofindanewerpythonframe',In which direction does the code move ?,up or down the stack,up,3,2,3,5
q1306,codeqa,When,def fixup indent suite kids suite children[ -1 ]while kids node kids pop if node type token INDENT breakwhile kids node kids pop if isinstance node Leaf and node type token DEDENT if node prefix node prefix ''returnelse kids extend node children[ -1 ],When do we get in trouble if an indent is followed by a thing with a prefix then nuke the prefix if an indent is followed by a thing with a prefix then nuke the prefix ?,when removing _ _ metaclass _ _ at suite start,We get in trouble if an indent is followed by a thing with a prefix.,3,2,4,3
